hotel_id,room_type,stay_date,day_of_week,is_weekend,season,holiday_flag,holiday_name,local_event_score,event_names,weather_score,search_demand
H001,standard,2025-08-25,0,False,monsoon,False,,0.0,,0.4025,0.6951
H001,deluxe,2025-08-25,0,False,monsoon,False,,0.0,,0.4025,0.6844
H001,premium,2025-08-25,0,False,monsoon,False,,0.0,,0.4025,0.6665
H001,suite,2025-08-25,0,False,monsoon,False,,0.0,,0.4025,0.6344
H001,standard,2025-08-26,1,False,monsoon,False,,0.0,,0.2841,0.8326
H001,deluxe,2025-08-26,1,False,monsoon,False,,0.0,,0.2841,0.8197
H001,premium,2025-08-26,1,False,monsoon,False,,0.0,,0.2841,0.7983
H001,suite,2025-08-26,1,False,monsoon,False,,0.0,,0.2841,0.7598
H001,standard,2025-08-27,2,False,monsoon,True,Ganesh Chaturthi,0.0,,0.393,1.0
H001,deluxe,2025-08-27,2,False,monsoon,True,Ganesh Chaturthi,0.0,,0.393,1.0
H001,premium,2025-08-27,2,False,monsoon,True,Ganesh Chaturthi,0.0,,0.393,1.0
H001,suite,2025-08-27,2,False,monsoon,True,Ganesh Chaturthi,0.0,,0.393,1.0
H001,standard,2025-08-28,3,False,monsoon,False,,0.0,,0.5162,0.5833
H001,deluxe,2025-08-28,3,False,monsoon,False,,0.0,,0.5162,0.5743
H001,premium,2025-08-28,3,False,monsoon,False,,0.0,,0.5162,0.5593
H001,suite,2025-08-28,3,False,monsoon,False,,0.0,,0.5162,0.5324
H001,standard,2025-08-29,4,False,monsoon,False,,0.0,,0.2394,0.9547
H001,deluxe,2025-08-29,4,False,monsoon,False,,0.0,,0.2394,0.94
H001,premium,2025-08-29,4,False,monsoon,False,,0.0,,0.2394,0.9155
H001,suite,2025-08-29,4,False,monsoon,False,,0.0,,0.2394,0.8713
H001,standard,2025-08-30,5,True,monsoon,False,,0.0,,0.4246,0.6086
H001,deluxe,2025-08-30,5,True,monsoon,False,,0.0,,0.4246,0.5993
H001,premium,2025-08-30,5,True,monsoon,False,,0.0,,0.4246,0.5836
H001,suite,2025-08-30,5,True,monsoon,False,,0.0,,0.4246,0.5555
H001,standard,2025-08-31,6,True,monsoon,False,,0.0,,0.4241,0.4253
H001,deluxe,2025-08-31,6,True,monsoon,False,,0.0,,0.4241,0.4187
H001,premium,2025-08-31,6,True,monsoon,False,,0.0,,0.4241,0.4078
H001,suite,2025-08-31,6,True,monsoon,False,,0.0,,0.4241,0.3881
H001,standard,2025-09-01,0,False,monsoon,False,,0.0,,0.3503,0.7988
H001,deluxe,2025-09-01,0,False,monsoon,False,,0.0,,0.3503,0.7865
H001,premium,2025-09-01,0,False,monsoon,False,,0.0,,0.3503,0.766
H001,suite,2025-09-01,0,False,monsoon,False,,0.0,,0.3503,0.729
H001,standard,2025-09-02,1,False,monsoon,False,,0.0,,0.3235,0.8508
H001,deluxe,2025-09-02,1,False,monsoon,False,,0.0,,0.3235,0.8377
H001,premium,2025-09-02,1,False,monsoon,False,,0.0,,0.3235,0.8158
H001,suite,2025-09-02,1,False,monsoon,False,,0.0,,0.3235,0.7765
H001,standard,2025-09-03,2,False,monsoon,False,,0.0,,0.3759,0.6906
H001,deluxe,2025-09-03,2,False,monsoon,False,,0.0,,0.3759,0.68
H001,premium,2025-09-03,2,False,monsoon,False,,0.0,,0.3759,0.6623
H001,suite,2025-09-03,2,False,monsoon,False,,0.0,,0.3759,0.6303
H001,standard,2025-09-04,3,False,monsoon,False,,0.0,,0.3413,0.8857
H001,deluxe,2025-09-04,3,False,monsoon,False,,0.0,,0.3413,0.872
H001,premium,2025-09-04,3,False,monsoon,False,,0.0,,0.3413,0.8493
H001,suite,2025-09-04,3,False,monsoon,False,,0.0,,0.3413,0.8083
H001,standard,2025-09-05,4,False,monsoon,False,,0.0,,0.3526,0.5207
H001,deluxe,2025-09-05,4,False,monsoon,False,,0.0,,0.3526,0.5127
H001,premium,2025-09-05,4,False,monsoon,False,,0.0,,0.3526,0.4993
H001,suite,2025-09-05,4,False,monsoon,False,,0.0,,0.3526,0.4752
H001,standard,2025-09-06,5,True,monsoon,False,,0.0,,0.3221,0.2424
H001,deluxe,2025-09-06,5,True,monsoon,False,,0.0,,0.3221,0.2386
H001,premium,2025-09-06,5,True,monsoon,False,,0.0,,0.3221,0.2324
H001,suite,2025-09-06,5,True,monsoon,False,,0.0,,0.3221,0.2212
H001,standard,2025-09-07,6,True,monsoon,False,,0.0,,0.3367,0.604
H001,deluxe,2025-09-07,6,True,monsoon,False,,0.0,,0.3367,0.5947
H001,premium,2025-09-07,6,True,monsoon,False,,0.0,,0.3367,0.5792
H001,suite,2025-09-07,6,True,monsoon,False,,0.0,,0.3367,0.5512
H001,standard,2025-09-08,0,False,monsoon,False,,0.0,,0.3321,1.0
H001,deluxe,2025-09-08,0,False,monsoon,False,,0.0,,0.3321,1.0
H001,premium,2025-09-08,0,False,monsoon,False,,0.0,,0.3321,1.0
H001,suite,2025-09-08,0,False,monsoon,False,,0.0,,0.3321,1.0
H001,standard,2025-09-09,1,False,monsoon,False,,0.0,,0.3573,0.8926
H001,deluxe,2025-09-09,1,False,monsoon,False,,0.0,,0.3573,0.8788
H001,premium,2025-09-09,1,False,monsoon,False,,0.0,,0.3573,0.8559
H001,suite,2025-09-09,1,False,monsoon,False,,0.0,,0.3573,0.8146
H001,standard,2025-09-10,2,False,monsoon,False,,0.0,,0.4681,0.7026
H001,deluxe,2025-09-10,2,False,monsoon,False,,0.0,,0.4681,0.6917
H001,premium,2025-09-10,2,False,monsoon,False,,0.0,,0.4681,0.6737
H001,suite,2025-09-10,2,False,monsoon,False,,0.0,,0.4681,0.6412
H001,standard,2025-09-11,3,False,monsoon,False,,0.0,,0.4957,1.0
H001,deluxe,2025-09-11,3,False,monsoon,False,,0.0,,0.4957,1.0
H001,premium,2025-09-11,3,False,monsoon,False,,0.0,,0.4957,1.0
H001,suite,2025-09-11,3,False,monsoon,False,,0.0,,0.4957,1.0
H001,standard,2025-09-12,4,False,monsoon,False,,0.0,,0.3794,0.5451
H001,deluxe,2025-09-12,4,False,monsoon,False,,0.0,,0.3794,0.5367
H001,premium,2025-09-12,4,False,monsoon,False,,0.0,,0.3794,0.5227
H001,suite,2025-09-12,4,False,monsoon,False,,0.0,,0.3794,0.4975
H001,standard,2025-09-13,5,True,monsoon,False,,0.0,,0.363,0.861
H001,deluxe,2025-09-13,5,True,monsoon,False,,0.0,,0.363,0.8478
H001,premium,2025-09-13,5,True,monsoon,False,,0.0,,0.363,0.8257
H001,suite,2025-09-13,5,True,monsoon,False,,0.0,,0.363,0.7859
H001,standard,2025-09-14,6,True,monsoon,False,,0.0,,0.2144,0.711
H001,deluxe,2025-09-14,6,True,monsoon,False,,0.0,,0.2144,0.7
H001,premium,2025-09-14,6,True,monsoon,False,,0.0,,0.2144,0.6817
H001,suite,2025-09-14,6,True,monsoon,False,,0.0,,0.2144,0.6489
H001,standard,2025-09-15,0,False,monsoon,False,,0.0,,0.401,0.9774
H001,deluxe,2025-09-15,0,False,monsoon,False,,0.0,,0.401,0.9623
H001,premium,2025-09-15,0,False,monsoon,False,,0.0,,0.401,0.9372
H001,suite,2025-09-15,0,False,monsoon,False,,0.0,,0.401,0.892
H001,standard,2025-09-16,1,False,monsoon,False,,0.0,,0.472,0.9046
H001,deluxe,2025-09-16,1,False,monsoon,False,,0.0,,0.472,0.8907
H001,premium,2025-09-16,1,False,monsoon,False,,0.0,,0.472,0.8674
H001,suite,2025-09-16,1,False,monsoon,False,,0.0,,0.472,0.8256
H001,standard,2025-09-17,2,False,monsoon,False,,0.0,,0.3556,0.96
H001,deluxe,2025-09-17,2,False,monsoon,False,,0.0,,0.3556,0.9452
H001,premium,2025-09-17,2,False,monsoon,False,,0.0,,0.3556,0.9205
H001,suite,2025-09-17,2,False,monsoon,False,,0.0,,0.3556,0.8761
H001,standard,2025-09-18,3,False,monsoon,False,,0.0,,0.4547,0.9588
H001,deluxe,2025-09-18,3,False,monsoon,False,,0.0,,0.4547,0.944
H001,premium,2025-09-18,3,False,monsoon,False,,0.0,,0.4547,0.9194
H001,suite,2025-09-18,3,False,monsoon,False,,0.0,,0.4547,0.8751
H001,standard,2025-09-19,4,False,monsoon,False,,0.0,,0.3085,0.562
H001,deluxe,2025-09-19,4,False,monsoon,False,,0.0,,0.3085,0.5534
H001,premium,2025-09-19,4,False,monsoon,False,,0.0,,0.3085,0.5389
H001,suite,2025-09-19,4,False,monsoon,False,,0.0,,0.3085,0.513
H001,standard,2025-09-20,5,True,monsoon,False,,0.0,,0.3058,0.4269
H001,deluxe,2025-09-20,5,True,monsoon,False,,0.0,,0.3058,0.4203
H001,premium,2025-09-20,5,True,monsoon,False,,0.0,,0.3058,0.4094
H001,suite,2025-09-20,5,True,monsoon,False,,0.0,,0.3058,0.3896
H001,standard,2025-09-21,6,True,monsoon,False,,0.0,,0.1994,0.5632
H001,deluxe,2025-09-21,6,True,monsoon,False,,0.0,,0.1994,0.5545
H001,premium,2025-09-21,6,True,monsoon,False,,0.0,,0.1994,0.5401
H001,suite,2025-09-21,6,True,monsoon,False,,0.0,,0.1994,0.514
H001,standard,2025-09-22,0,False,monsoon,False,,0.0,,0.253,0.4396
H001,deluxe,2025-09-22,0,False,monsoon,False,,0.0,,0.253,0.4329
H001,premium,2025-09-22,0,False,monsoon,False,,0.0,,0.253,0.4216
H001,suite,2025-09-22,0,False,monsoon,False,,0.0,,0.253,0.4012
H001,standard,2025-09-23,1,False,monsoon,False,,0.0,,0.3146,0.7826
H001,deluxe,2025-09-23,1,False,monsoon,False,,0.0,,0.3146,0.7705
H001,premium,2025-09-23,1,False,monsoon,False,,0.0,,0.3146,0.7504
H001,suite,2025-09-23,1,False,monsoon,False,,0.0,,0.3146,0.7142
H001,standard,2025-09-24,2,False,monsoon,False,,0.0,,0.4262,0.9307
H001,deluxe,2025-09-24,2,False,monsoon,False,,0.0,,0.4262,0.9163
H001,premium,2025-09-24,2,False,monsoon,False,,0.0,,0.4262,0.8924
H001,suite,2025-09-24,2,False,monsoon,False,,0.0,,0.4262,0.8494
H001,standard,2025-09-25,3,False,monsoon,False,,0.0,,0.4622,0.4298
H001,deluxe,2025-09-25,3,False,monsoon,False,,0.0,,0.4622,0.4232
H001,premium,2025-09-25,3,False,monsoon,False,,0.0,,0.4622,0.4122
H001,suite,2025-09-25,3,False,monsoon,False,,0.0,,0.4622,0.3923
H001,standard,2025-09-26,4,False,monsoon,False,,0.0,,0.3136,0.5011
H001,deluxe,2025-09-26,4,False,monsoon,False,,0.0,,0.3136,0.4933
H001,premium,2025-09-26,4,False,monsoon,False,,0.0,,0.3136,0.4805
H001,suite,2025-09-26,4,False,monsoon,False,,0.0,,0.3136,0.4573
H001,standard,2025-09-27,5,True,monsoon,False,,0.0,,0.3145,1.0
H001,deluxe,2025-09-27,5,True,monsoon,False,,0.0,,0.3145,1.0
H001,premium,2025-09-27,5,True,monsoon,False,,0.0,,0.3145,1.0
H001,suite,2025-09-27,5,True,monsoon,False,,0.0,,0.3145,1.0
H001,standard,2025-09-28,6,True,monsoon,False,,0.0,,0.3657,0.9127
H001,deluxe,2025-09-28,6,True,monsoon,False,,0.0,,0.3657,0.8986
H001,premium,2025-09-28,6,True,monsoon,False,,0.0,,0.3657,0.8752
H001,suite,2025-09-28,6,True,monsoon,False,,0.0,,0.3657,0.833
H001,standard,2025-09-29,0,False,monsoon,False,,0.0,,0.3431,0.5258
H001,deluxe,2025-09-29,0,False,monsoon,False,,0.0,,0.3431,0.5177
H001,premium,2025-09-29,0,False,monsoon,False,,0.0,,0.3431,0.5042
H001,suite,2025-09-29,0,False,monsoon,False,,0.0,,0.3431,0.4799
H001,standard,2025-09-30,1,False,monsoon,False,,0.0,,0.3037,1.0
H001,deluxe,2025-09-30,1,False,monsoon,False,,0.0,,0.3037,1.0
H001,premium,2025-09-30,1,False,monsoon,False,,0.0,,0.3037,0.982
H001,suite,2025-09-30,1,False,monsoon,False,,0.0,,0.3037,0.9347
H001,standard,2025-10-01,2,False,autumn,False,,0.0,,0.7588,0.9659
H001,deluxe,2025-10-01,2,False,autumn,False,,0.0,,0.7588,0.951
H001,premium,2025-10-01,2,False,autumn,False,,0.0,,0.7588,0.9262
H001,suite,2025-10-01,2,False,autumn,False,,0.0,,0.7588,0.8816
H001,standard,2025-10-02,3,False,autumn,True,Dussehra,0.0,,0.862,0.8961
H001,deluxe,2025-10-02,3,False,autumn,True,Dussehra,0.0,,0.862,0.8823
H001,premium,2025-10-02,3,False,autumn,True,Dussehra,0.0,,0.862,0.8593
H001,suite,2025-10-02,3,False,autumn,True,Dussehra,0.0,,0.862,0.8178
H001,standard,2025-10-03,4,False,autumn,False,,0.0,,0.787,0.9365
H001,deluxe,2025-10-03,4,False,autumn,False,,0.0,,0.787,0.9221
H001,premium,2025-10-03,4,False,autumn,False,,0.0,,0.787,0.898
H001,suite,2025-10-03,4,False,autumn,False,,0.0,,0.787,0.8547
H001,standard,2025-10-04,5,True,autumn,False,,0.0,,0.897,0.4427
H001,deluxe,2025-10-04,5,True,autumn,False,,0.0,,0.897,0.4358
H001,premium,2025-10-04,5,True,autumn,False,,0.0,,0.897,0.4245
H001,suite,2025-10-04,5,True,autumn,False,,0.0,,0.897,0.404
H001,standard,2025-10-05,6,True,autumn,False,,0.0,,0.7577,0.7725
H001,deluxe,2025-10-05,6,True,autumn,False,,0.0,,0.7577,0.7606
H001,premium,2025-10-05,6,True,autumn,False,,0.0,,0.7577,0.7408
H001,suite,2025-10-05,6,True,autumn,False,,0.0,,0.7577,0.7051
H001,standard,2025-10-06,0,False,autumn,False,,0.0,,0.8197,0.9877
H001,deluxe,2025-10-06,0,False,autumn,False,,0.0,,0.8197,0.9724
H001,premium,2025-10-06,0,False,autumn,False,,0.0,,0.8197,0.9471
H001,suite,2025-10-06,0,False,autumn,False,,0.0,,0.8197,0.9014
H001,standard,2025-10-07,1,False,autumn,False,,0.0,,0.8913,1.0
H001,deluxe,2025-10-07,1,False,autumn,False,,0.0,,0.8913,0.9896
H001,premium,2025-10-07,1,False,autumn,False,,0.0,,0.8913,0.9638
H001,suite,2025-10-07,1,False,autumn,False,,0.0,,0.8913,0.9173
H001,standard,2025-10-08,2,False,autumn,False,,0.6,Lakme Fashion Week (autumn),0.953,1.0
H001,deluxe,2025-10-08,2,False,autumn,False,,0.6,Lakme Fashion Week (autumn),0.953,1.0
H001,premium,2025-10-08,2,False,autumn,False,,0.6,Lakme Fashion Week (autumn),0.953,1.0
H001,suite,2025-10-08,2,False,autumn,False,,0.6,Lakme Fashion Week (autumn),0.953,1.0
H001,standard,2025-10-09,3,False,autumn,False,,0.6,Lakme Fashion Week (autumn),0.791,1.0
H001,deluxe,2025-10-09,3,False,autumn,False,,0.6,Lakme Fashion Week (autumn),0.791,1.0
H001,premium,2025-10-09,3,False,autumn,False,,0.6,Lakme Fashion Week (autumn),0.791,0.9975
H001,suite,2025-10-09,3,False,autumn,False,,0.6,Lakme Fashion Week (autumn),0.791,0.9494
H001,standard,2025-10-10,4,False,autumn,False,,0.6,Lakme Fashion Week (autumn),0.8905,0.5569
H001,deluxe,2025-10-10,4,False,autumn,False,,0.6,Lakme Fashion Week (autumn),0.8905,0.5483
H001,premium,2025-10-10,4,False,autumn,False,,0.6,Lakme Fashion Week (autumn),0.8905,0.534
H001,suite,2025-10-10,4,False,autumn,False,,0.6,Lakme Fashion Week (autumn),0.8905,0.5083
H001,standard,2025-10-11,5,True,autumn,False,,0.6,Lakme Fashion Week (autumn),0.758,0.7573
H001,deluxe,2025-10-11,5,True,autumn,False,,0.6,Lakme Fashion Week (autumn),0.758,0.7457
H001,premium,2025-10-11,5,True,autumn,False,,0.6,Lakme Fashion Week (autumn),0.758,0.7262
H001,suite,2025-10-11,5,True,autumn,False,,0.6,Lakme Fashion Week (autumn),0.758,0.6912
H001,standard,2025-10-12,6,True,autumn,False,,0.6,Lakme Fashion Week (autumn),0.8251,1.0
H001,deluxe,2025-10-12,6,True,autumn,False,,0.6,Lakme Fashion Week (autumn),0.8251,1.0
H001,premium,2025-10-12,6,True,autumn,False,,0.6,Lakme Fashion Week (autumn),0.8251,1.0
H001,suite,2025-10-12,6,True,autumn,False,,0.6,Lakme Fashion Week (autumn),0.8251,0.995
H001,standard,2025-10-13,0,False,autumn,False,,0.0,,0.744,1.0
H001,deluxe,2025-10-13,0,False,autumn,False,,0.0,,0.744,1.0
H001,premium,2025-10-13,0,False,autumn,False,,0.0,,0.744,1.0
H001,suite,2025-10-13,0,False,autumn,False,,0.0,,0.744,1.0
H001,standard,2025-10-14,1,False,autumn,False,,0.0,,0.7886,1.0
H001,deluxe,2025-10-14,1,False,autumn,False,,0.0,,0.7886,1.0
H001,premium,2025-10-14,1,False,autumn,False,,0.0,,0.7886,1.0
H001,suite,2025-10-14,1,False,autumn,False,,0.0,,0.7886,1.0
H001,standard,2025-10-15,2,False,autumn,False,,0.0,,0.8551,1.0
H001,deluxe,2025-10-15,2,False,autumn,False,,0.0,,0.8551,0.9938
H001,premium,2025-10-15,2,False,autumn,False,,0.0,,0.8551,0.9679
H001,suite,2025-10-15,2,False,autumn,False,,0.0,,0.8551,0.9212
H001,standard,2025-10-16,3,False,autumn,False,,0.0,,0.7851,0.8198
H001,deluxe,2025-10-16,3,False,autumn,False,,0.0,,0.7851,0.8072
H001,premium,2025-10-16,3,False,autumn,False,,0.0,,0.7851,0.7861
H001,suite,2025-10-16,3,False,autumn,False,,0.0,,0.7851,0.7482
H001,standard,2025-10-17,4,False,autumn,False,,0.0,,0.7896,0.7017
H001,deluxe,2025-10-17,4,False,autumn,False,,0.0,,0.7896,0.6909
H001,premium,2025-10-17,4,False,autumn,False,,0.0,,0.7896,0.6729
H001,suite,2025-10-17,4,False,autumn,False,,0.0,,0.7896,0.6405
H001,standard,2025-10-18,5,True,autumn,False,,0.0,,0.773,0.6394
H001,deluxe,2025-10-18,5,True,autumn,False,,0.0,,0.773,0.6295
H001,premium,2025-10-18,5,True,autumn,False,,0.0,,0.773,0.6131
H001,suite,2025-10-18,5,True,autumn,False,,0.0,,0.773,0.5835
H001,standard,2025-10-19,6,True,autumn,False,,0.0,,0.8077,1.0
H001,deluxe,2025-10-19,6,True,autumn,False,,0.0,,0.8077,1.0
H001,premium,2025-10-19,6,True,autumn,False,,0.0,,0.8077,1.0
H001,suite,2025-10-19,6,True,autumn,False,,0.0,,0.8077,1.0
H001,standard,2025-10-20,0,False,autumn,True,Diwali,0.0,,0.8356,0.7733
H001,deluxe,2025-10-20,0,False,autumn,True,Diwali,0.0,,0.8356,0.7614
H001,premium,2025-10-20,0,False,autumn,True,Diwali,0.0,,0.8356,0.7416
H001,suite,2025-10-20,0,False,autumn,True,Diwali,0.0,,0.8356,0.7058
H001,standard,2025-10-21,1,False,autumn,False,,0.0,,0.7331,1.0
H001,deluxe,2025-10-21,1,False,autumn,False,,0.0,,0.7331,1.0
H001,premium,2025-10-21,1,False,autumn,False,,0.0,,0.7331,1.0
H001,suite,2025-10-21,1,False,autumn,False,,0.0,,0.7331,1.0
H001,standard,2025-10-22,2,False,autumn,False,,0.0,,0.8618,0.6164
H001,deluxe,2025-10-22,2,False,autumn,False,,0.0,,0.8618,0.6069
H001,premium,2025-10-22,2,False,autumn,False,,0.0,,0.8618,0.591
H001,suite,2025-10-22,2,False,autumn,False,,0.0,,0.8618,0.5625
H001,standard,2025-10-23,3,False,autumn,False,,0.0,,0.8481,0.851
H001,deluxe,2025-10-23,3,False,autumn,False,,0.0,,0.8481,0.8379
H001,premium,2025-10-23,3,False,autumn,False,,0.0,,0.8481,0.816
H001,suite,2025-10-23,3,False,autumn,False,,0.0,,0.8481,0.7767
H001,standard,2025-10-24,4,False,autumn,False,,0.0,,0.7664,1.0
H001,deluxe,2025-10-24,4,False,autumn,False,,0.0,,0.7664,1.0
H001,premium,2025-10-24,4,False,autumn,False,,0.0,,0.7664,1.0
H001,suite,2025-10-24,4,False,autumn,False,,0.0,,0.7664,1.0
H001,standard,2025-10-25,5,True,autumn,False,,0.0,,0.8205,0.921
H001,deluxe,2025-10-25,5,True,autumn,False,,0.0,,0.8205,0.9068
H001,premium,2025-10-25,5,True,autumn,False,,0.0,,0.8205,0.8831
H001,suite,2025-10-25,5,True,autumn,False,,0.0,,0.8205,0.8405
H001,standard,2025-10-26,6,True,autumn,False,,0.0,,0.736,0.8998
H001,deluxe,2025-10-26,6,True,autumn,False,,0.0,,0.736,0.886
H001,premium,2025-10-26,6,True,autumn,False,,0.0,,0.736,0.8628
H001,suite,2025-10-26,6,True,autumn,False,,0.0,,0.736,0.8212
H001,standard,2025-10-27,0,False,autumn,False,,0.0,,0.8206,1.0
H001,deluxe,2025-10-27,0,False,autumn,False,,0.0,,0.8206,1.0
H001,premium,2025-10-27,0,False,autumn,False,,0.0,,0.8206,1.0
H001,suite,2025-10-27,0,False,autumn,False,,0.0,,0.8206,1.0
H001,standard,2025-10-28,1,False,autumn,False,,0.0,,0.7402,0.923
H001,deluxe,2025-10-28,1,False,autumn,False,,0.0,,0.7402,0.9087
H001,premium,2025-10-28,1,False,autumn,False,,0.0,,0.7402,0.885
H001,suite,2025-10-28,1,False,autumn,False,,0.0,,0.7402,0.8424
H001,standard,2025-10-29,2,False,autumn,False,,0.0,,0.8501,1.0
H001,deluxe,2025-10-29,2,False,autumn,False,,0.0,,0.8501,1.0
H001,premium,2025-10-29,2,False,autumn,False,,0.0,,0.8501,1.0
H001,suite,2025-10-29,2,False,autumn,False,,0.0,,0.8501,1.0
H001,standard,2025-10-30,3,False,autumn,False,,0.0,,0.6856,1.0
H001,deluxe,2025-10-30,3,False,autumn,False,,0.0,,0.6856,0.9857
H001,premium,2025-10-30,3,False,autumn,False,,0.0,,0.6856,0.96
H001,suite,2025-10-30,3,False,autumn,False,,0.0,,0.6856,0.9137
H001,standard,2025-10-31,4,False,autumn,False,,0.0,,0.7251,0.6929
H001,deluxe,2025-10-31,4,False,autumn,False,,0.0,,0.7251,0.6822
H001,premium,2025-10-31,4,False,autumn,False,,0.0,,0.7251,0.6644
H001,suite,2025-10-31,4,False,autumn,False,,0.0,,0.7251,0.6324
H001,standard,2025-11-01,5,True,autumn,False,,0.0,,0.8237,0.7272
H001,deluxe,2025-11-01,5,True,autumn,False,,0.0,,0.8237,0.716
H001,premium,2025-11-01,5,True,autumn,False,,0.0,,0.8237,0.6973
H001,suite,2025-11-01,5,True,autumn,False,,0.0,,0.8237,0.6637
H001,standard,2025-11-02,6,True,autumn,False,,0.0,,0.8727,1.0
H001,deluxe,2025-11-02,6,True,autumn,False,,0.0,,0.8727,1.0
H001,premium,2025-11-02,6,True,autumn,False,,0.0,,0.8727,1.0
H001,suite,2025-11-02,6,True,autumn,False,,0.0,,0.8727,1.0
H001,standard,2025-11-03,0,False,autumn,False,,0.0,,0.8639,1.0
H001,deluxe,2025-11-03,0,False,autumn,False,,0.0,,0.8639,1.0
H001,premium,2025-11-03,0,False,autumn,False,,0.0,,0.8639,1.0
H001,suite,2025-11-03,0,False,autumn,False,,0.0,,0.8639,1.0
H001,standard,2025-11-04,1,False,autumn,False,,0.0,,0.8828,1.0
H001,deluxe,2025-11-04,1,False,autumn,False,,0.0,,0.8828,1.0
H001,premium,2025-11-04,1,False,autumn,False,,0.0,,0.8828,1.0
H001,suite,2025-11-04,1,False,autumn,False,,0.0,,0.8828,0.9774
H001,standard,2025-11-05,2,False,autumn,True,Guru Nanak Jayanti,0.0,,0.6936,0.8737
H001,deluxe,2025-11-05,2,False,autumn,True,Guru Nanak Jayanti,0.0,,0.6936,0.8602
H001,premium,2025-11-05,2,False,autumn,True,Guru Nanak Jayanti,0.0,,0.6936,0.8378
H001,suite,2025-11-05,2,False,autumn,True,Guru Nanak Jayanti,0.0,,0.6936,0.7974
H001,standard,2025-11-06,3,False,autumn,False,,0.0,,0.7938,1.0
H001,deluxe,2025-11-06,3,False,autumn,False,,0.0,,0.7938,1.0
H001,premium,2025-11-06,3,False,autumn,False,,0.0,,0.7938,1.0
H001,suite,2025-11-06,3,False,autumn,False,,0.0,,0.7938,1.0
H001,standard,2025-11-07,4,False,autumn,False,,0.0,,0.7256,1.0
H001,deluxe,2025-11-07,4,False,autumn,False,,0.0,,0.7256,1.0
H001,premium,2025-11-07,4,False,autumn,False,,0.0,,0.7256,1.0
H001,suite,2025-11-07,4,False,autumn,False,,0.0,,0.7256,1.0
H001,standard,2025-11-08,5,True,autumn,False,,0.0,,0.8101,0.613
H001,deluxe,2025-11-08,5,True,autumn,False,,0.0,,0.8101,0.6035
H001,premium,2025-11-08,5,True,autumn,False,,0.0,,0.8101,0.5878
H001,suite,2025-11-08,5,True,autumn,False,,0.0,,0.8101,0.5594
H001,standard,2025-11-09,6,True,autumn,False,,0.0,,0.8022,0.6866
H001,deluxe,2025-11-09,6,True,autumn,False,,0.0,,0.8022,0.676
H001,premium,2025-11-09,6,True,autumn,False,,0.0,,0.8022,0.6583
H001,suite,2025-11-09,6,True,autumn,False,,0.0,,0.8022,0.6266
H001,standard,2025-11-10,0,False,autumn,False,,0.0,,0.7768,0.8024
H001,deluxe,2025-11-10,0,False,autumn,False,,0.0,,0.7768,0.7901
H001,premium,2025-11-10,0,False,autumn,False,,0.0,,0.7768,0.7694
H001,suite,2025-11-10,0,False,autumn,False,,0.0,,0.7768,0.7323
H001,standard,2025-11-11,1,False,autumn,False,,0.0,,0.8046,1.0
H001,deluxe,2025-11-11,1,False,autumn,False,,0.0,,0.8046,1.0
H001,premium,2025-11-11,1,False,autumn,False,,0.0,,0.8046,1.0
H001,suite,2025-11-11,1,False,autumn,False,,0.0,,0.8046,1.0
H001,standard,2025-11-12,2,False,autumn,False,,0.0,,0.838,1.0
H001,deluxe,2025-11-12,2,False,autumn,False,,0.0,,0.838,1.0
H001,premium,2025-11-12,2,False,autumn,False,,0.0,,0.838,1.0
H001,suite,2025-11-12,2,False,autumn,False,,0.0,,0.838,1.0
H001,standard,2025-11-13,3,False,autumn,False,,0.0,,0.8244,1.0
H001,deluxe,2025-11-13,3,False,autumn,False,,0.0,,0.8244,1.0
H001,premium,2025-11-13,3,False,autumn,False,,0.0,,0.8244,0.9742
H001,suite,2025-11-13,3,False,autumn,False,,0.0,,0.8244,0.9272
H001,standard,2025-11-14,4,False,autumn,False,,0.0,,0.8401,0.7379
H001,deluxe,2025-11-14,4,False,autumn,False,,0.0,,0.8401,0.7266
H001,premium,2025-11-14,4,False,autumn,False,,0.0,,0.8401,0.7076
H001,suite,2025-11-14,4,False,autumn,False,,0.0,,0.8401,0.6735
H001,standard,2025-11-15,5,True,autumn,False,,0.0,,0.713,0.7808
H001,deluxe,2025-11-15,5,True,autumn,False,,0.0,,0.713,0.7688
H001,premium,2025-11-15,5,True,autumn,False,,0.0,,0.713,0.7487
H001,suite,2025-11-15,5,True,autumn,False,,0.0,,0.713,0.7126
H001,standard,2025-11-16,6,True,autumn,False,,0.0,,0.8011,0.6132
H001,deluxe,2025-11-16,6,True,autumn,False,,0.0,,0.8011,0.6038
H001,premium,2025-11-16,6,True,autumn,False,,0.0,,0.8011,0.588
H001,suite,2025-11-16,6,True,autumn,False,,0.0,,0.8011,0.5597
H001,standard,2025-11-17,0,False,autumn,False,,0.0,,0.7331,1.0
H001,deluxe,2025-11-17,0,False,autumn,False,,0.0,,0.7331,1.0
H001,premium,2025-11-17,0,False,autumn,False,,0.0,,0.7331,1.0
H001,suite,2025-11-17,0,False,autumn,False,,0.0,,0.7331,1.0
H001,standard,2025-11-18,1,False,autumn,False,,0.0,,0.8493,0.8023
H001,deluxe,2025-11-18,1,False,autumn,False,,0.0,,0.8493,0.7899
H001,premium,2025-11-18,1,False,autumn,False,,0.0,,0.8493,0.7693
H001,suite,2025-11-18,1,False,autumn,False,,0.0,,0.8493,0.7322
H001,standard,2025-11-19,2,False,autumn,False,,0.0,,0.7471,1.0
H001,deluxe,2025-11-19,2,False,autumn,False,,0.0,,0.7471,1.0
H001,premium,2025-11-19,2,False,autumn,False,,0.0,,0.7471,1.0
H001,suite,2025-11-19,2,False,autumn,False,,0.0,,0.7471,1.0
H001,standard,2025-11-20,3,False,autumn,False,,0.0,,0.9013,1.0
H001,deluxe,2025-11-20,3,False,autumn,False,,0.0,,0.9013,1.0
H001,premium,2025-11-20,3,False,autumn,False,,0.0,,0.9013,1.0
H001,suite,2025-11-20,3,False,autumn,False,,0.0,,0.9013,1.0
H001,standard,2025-11-21,4,False,autumn,False,,0.0,,0.8003,1.0
H001,deluxe,2025-11-21,4,False,autumn,False,,0.0,,0.8003,1.0
H001,premium,2025-11-21,4,False,autumn,False,,0.0,,0.8003,1.0
H001,suite,2025-11-21,4,False,autumn,False,,0.0,,0.8003,0.9937
H001,standard,2025-11-22,5,True,autumn,False,,0.0,,0.8858,0.4778
H001,deluxe,2025-11-22,5,True,autumn,False,,0.0,,0.8858,0.4705
H001,premium,2025-11-22,5,True,autumn,False,,0.0,,0.8858,0.4582
H001,suite,2025-11-22,5,True,autumn,False,,0.0,,0.8858,0.4361
H001,standard,2025-11-23,6,True,autumn,False,,0.0,,0.7768,0.8292
H001,deluxe,2025-11-23,6,True,autumn,False,,0.0,,0.7768,0.8164
H001,premium,2025-11-23,6,True,autumn,False,,0.0,,0.7768,0.7951
H001,suite,2025-11-23,6,True,autumn,False,,0.0,,0.7768,0.7568
H001,standard,2025-11-24,0,False,autumn,False,,0.0,,0.7453,1.0
H001,deluxe,2025-11-24,0,False,autumn,False,,0.0,,0.7453,1.0
H001,premium,2025-11-24,0,False,autumn,False,,0.0,,0.7453,1.0
H001,suite,2025-11-24,0,False,autumn,False,,0.0,,0.7453,1.0
H001,standard,2025-11-25,1,False,autumn,False,,0.0,,0.8501,1.0
H001,deluxe,2025-11-25,1,False,autumn,False,,0.0,,0.8501,1.0
H001,premium,2025-11-25,1,False,autumn,False,,0.0,,0.8501,1.0
H001,suite,2025-11-25,1,False,autumn,False,,0.0,,0.8501,1.0
H001,standard,2025-11-26,2,False,autumn,False,,0.0,,0.9137,1.0
H001,deluxe,2025-11-26,2,False,autumn,False,,0.0,,0.9137,1.0
H001,premium,2025-11-26,2,False,autumn,False,,0.0,,0.9137,1.0
H001,suite,2025-11-26,2,False,autumn,False,,0.0,,0.9137,1.0
H001,standard,2025-11-27,3,False,autumn,False,,0.0,,0.8972,1.0
H001,deluxe,2025-11-27,3,False,autumn,False,,0.0,,0.8972,1.0
H001,premium,2025-11-27,3,False,autumn,False,,0.0,,0.8972,1.0
H001,suite,2025-11-27,3,False,autumn,False,,0.0,,0.8972,1.0
H001,standard,2025-11-28,4,False,autumn,False,,0.0,,0.7627,0.8084
H001,deluxe,2025-11-28,4,False,autumn,False,,0.0,,0.7627,0.7959
H001,premium,2025-11-28,4,False,autumn,False,,0.0,,0.7627,0.7752
H001,suite,2025-11-28,4,False,autumn,False,,0.0,,0.7627,0.7378
H001,standard,2025-11-29,5,True,autumn,False,,0.0,,0.7944,0.8181
H001,deluxe,2025-11-29,5,True,autumn,False,,0.0,,0.7944,0.8055
H001,premium,2025-11-29,5,True,autumn,False,,0.0,,0.7944,0.7844
H001,suite,2025-11-29,5,True,autumn,False,,0.0,,0.7944,0.7466
H001,standard,2025-11-30,6,True,autumn,False,,0.0,,0.7204,1.0
H001,deluxe,2025-11-30,6,True,autumn,False,,0.0,,0.7204,1.0
H001,premium,2025-11-30,6,True,autumn,False,,0.0,,0.7204,1.0
H001,suite,2025-11-30,6,True,autumn,False,,0.0,,0.7204,0.9581
H001,standard,2025-12-01,0,False,winter,False,,0.0,,0.9479,1.0
H001,deluxe,2025-12-01,0,False,winter,False,,0.0,,0.9479,1.0
H001,premium,2025-12-01,0,False,winter,False,,0.0,,0.9479,1.0
H001,suite,2025-12-01,0,False,winter,False,,0.0,,0.9479,0.9864
H001,standard,2025-12-02,1,False,winter,False,,0.0,,1.0,1.0
H001,deluxe,2025-12-02,1,False,winter,False,,0.0,,1.0,1.0
H001,premium,2025-12-02,1,False,winter,False,,0.0,,1.0,1.0
H001,suite,2025-12-02,1,False,winter,False,,0.0,,1.0,1.0
H001,standard,2025-12-03,2,False,winter,False,,0.0,,0.8574,1.0
H001,deluxe,2025-12-03,2,False,winter,False,,0.0,,0.8574,1.0
H001,premium,2025-12-03,2,False,winter,False,,0.0,,0.8574,1.0
H001,suite,2025-12-03,2,False,winter,False,,0.0,,0.8574,1.0
H001,standard,2025-12-04,3,False,winter,False,,0.0,,1.0,1.0
H001,deluxe,2025-12-04,3,False,winter,False,,0.0,,1.0,1.0
H001,premium,2025-12-04,3,False,winter,False,,0.0,,1.0,1.0
H001,suite,2025-12-04,3,False,winter,False,,0.0,,1.0,1.0
H001,standard,2025-12-05,4,False,winter,False,,0.0,,0.9077,0.9091
H001,deluxe,2025-12-05,4,False,winter,False,,0.0,,0.9077,0.895
H001,premium,2025-12-05,4,False,winter,False,,0.0,,0.9077,0.8717
H001,suite,2025-12-05,4,False,winter,False,,0.0,,0.9077,0.8297
H001,standard,2025-12-06,5,True,winter,False,,0.0,,0.9069,1.0
H001,deluxe,2025-12-06,5,True,winter,False,,0.0,,0.9069,1.0
H001,premium,2025-12-06,5,True,winter,False,,0.0,,0.9069,1.0
H001,suite,2025-12-06,5,True,winter,False,,0.0,,0.9069,1.0
H001,standard,2025-12-07,6,True,winter,False,,0.0,,0.768,0.8283
H001,deluxe,2025-12-07,6,True,winter,False,,0.0,,0.768,0.8156
H001,premium,2025-12-07,6,True,winter,False,,0.0,,0.768,0.7943
H001,suite,2025-12-07,6,True,winter,False,,0.0,,0.768,0.756
H001,standard,2025-12-08,0,False,winter,False,,0.0,,0.9025,1.0
H001,deluxe,2025-12-08,0,False,winter,False,,0.0,,0.9025,1.0
H001,premium,2025-12-08,0,False,winter,False,,0.0,,0.9025,1.0
H001,suite,2025-12-08,0,False,winter,False,,0.0,,0.9025,0.9825
H001,standard,2025-12-09,1,False,winter,False,,0.0,,0.8976,0.8723
H001,deluxe,2025-12-09,1,False,winter,False,,0.0,,0.8976,0.8588
H001,premium,2025-12-09,1,False,winter,False,,0.0,,0.8976,0.8364
H001,suite,2025-12-09,1,False,winter,False,,0.0,,0.8976,0.7961
H001,standard,2025-12-10,2,False,winter,False,,0.0,,0.9644,1.0
H001,deluxe,2025-12-10,2,False,winter,False,,0.0,,0.9644,1.0
H001,premium,2025-12-10,2,False,winter,False,,0.0,,0.9644,1.0
H001,suite,2025-12-10,2,False,winter,False,,0.0,,0.9644,1.0
H001,standard,2025-12-11,3,False,winter,False,,0.0,,0.9541,1.0
H001,deluxe,2025-12-11,3,False,winter,False,,0.0,,0.9541,0.9966
H001,premium,2025-12-11,3,False,winter,False,,0.0,,0.9541,0.9706
H001,suite,2025-12-11,3,False,winter,False,,0.0,,0.9541,0.9238
H001,standard,2025-12-12,4,False,winter,False,,0.0,,0.9397,1.0
H001,deluxe,2025-12-12,4,False,winter,False,,0.0,,0.9397,1.0
H001,premium,2025-12-12,4,False,winter,False,,0.0,,0.9397,1.0
H001,suite,2025-12-12,4,False,winter,False,,0.0,,0.9397,1.0
H001,standard,2025-12-13,5,True,winter,False,,0.0,,0.8669,0.5307
H001,deluxe,2025-12-13,5,True,winter,False,,0.0,,0.8669,0.5226
H001,premium,2025-12-13,5,True,winter,False,,0.0,,0.8669,0.5089
H001,suite,2025-12-13,5,True,winter,False,,0.0,,0.8669,0.4844
H001,standard,2025-12-14,6,True,winter,False,,0.0,,0.8004,0.8389
H001,deluxe,2025-12-14,6,True,winter,False,,0.0,,0.8004,0.8259
H001,premium,2025-12-14,6,True,winter,False,,0.0,,0.8004,0.8044
H001,suite,2025-12-14,6,True,winter,False,,0.0,,0.8004,0.7656
H001,standard,2025-12-15,0,False,winter,False,,0.0,,0.8603,0.9415
H001,deluxe,2025-12-15,0,False,winter,False,,0.0,,0.8603,0.927
H001,premium,2025-12-15,0,False,winter,False,,0.0,,0.8603,0.9028
H001,suite,2025-12-15,0,False,winter,False,,0.0,,0.8603,0.8593
H001,standard,2025-12-16,1,False,winter,False,,0.0,,0.8916,1.0
H001,deluxe,2025-12-16,1,False,winter,False,,0.0,,0.8916,1.0
H001,premium,2025-12-16,1,False,winter,False,,0.0,,0.8916,1.0
H001,suite,2025-12-16,1,False,winter,False,,0.0,,0.8916,0.9718
H001,standard,2025-12-17,2,False,winter,False,,0.0,,0.8508,1.0
H001,deluxe,2025-12-17,2,False,winter,False,,0.0,,0.8508,1.0
H001,premium,2025-12-17,2,False,winter,False,,0.0,,0.8508,1.0
H001,suite,2025-12-17,2,False,winter,False,,0.0,,0.8508,1.0
H001,standard,2025-12-18,3,False,winter,False,,0.0,,0.845,1.0
H001,deluxe,2025-12-18,3,False,winter,False,,0.0,,0.845,1.0
H001,premium,2025-12-18,3,False,winter,False,,0.0,,0.845,1.0
H001,suite,2025-12-18,3,False,winter,False,,0.0,,0.845,1.0
H001,standard,2025-12-19,4,False,winter,False,,0.0,,0.8671,0.6809
H001,deluxe,2025-12-19,4,False,winter,False,,0.0,,0.8671,0.6704
H001,premium,2025-12-19,4,False,winter,False,,0.0,,0.8671,0.653
H001,suite,2025-12-19,4,False,winter,False,,0.0,,0.8671,0.6215
H001,standard,2025-12-20,5,True,winter,False,,0.0,,0.8794,0.7243
H001,deluxe,2025-12-20,5,True,winter,False,,0.0,,0.8794,0.7131
H001,premium,2025-12-20,5,True,winter,False,,0.0,,0.8794,0.6945
H001,suite,2025-12-20,5,True,winter,False,,0.0,,0.8794,0.661
H001,standard,2025-12-21,6,True,winter,False,,0.0,,0.9227,1.0
H001,deluxe,2025-12-21,6,True,winter,False,,0.0,,0.9227,1.0
H001,premium,2025-12-21,6,True,winter,False,,0.0,,0.9227,1.0
H001,suite,2025-12-21,6,True,winter,False,,0.0,,0.9227,0.9744
H001,standard,2025-12-22,0,False,winter,False,,0.0,,0.8283,1.0
H001,deluxe,2025-12-22,0,False,winter,False,,0.0,,0.8283,1.0
H001,premium,2025-12-22,0,False,winter,False,,0.0,,0.8283,1.0
H001,suite,2025-12-22,0,False,winter,False,,0.0,,0.8283,1.0
H001,standard,2025-12-23,1,False,winter,False,,0.0,,0.8135,1.0
H001,deluxe,2025-12-23,1,False,winter,False,,0.0,,0.8135,1.0
H001,premium,2025-12-23,1,False,winter,False,,0.0,,0.8135,1.0
H001,suite,2025-12-23,1,False,winter,False,,0.0,,0.8135,1.0
H001,standard,2025-12-24,2,False,winter,False,,0.0,,0.9296,1.0
H001,deluxe,2025-12-24,2,False,winter,False,,0.0,,0.9296,1.0
H001,premium,2025-12-24,2,False,winter,False,,0.0,,0.9296,1.0
H001,suite,2025-12-24,2,False,winter,False,,0.0,,0.9296,1.0
H001,standard,2025-12-25,3,False,winter,True,Christmas,0.0,,0.9089,1.0
H001,deluxe,2025-12-25,3,False,winter,True,Christmas,0.0,,0.9089,1.0
H001,premium,2025-12-25,3,False,winter,True,Christmas,0.0,,0.9089,1.0
H001,suite,2025-12-25,3,False,winter,True,Christmas,0.0,,0.9089,0.9809
H001,standard,2025-12-26,4,False,winter,False,,0.0,,1.0,1.0
H001,deluxe,2025-12-26,4,False,winter,False,,0.0,,1.0,1.0
H001,premium,2025-12-26,4,False,winter,False,,0.0,,1.0,1.0
H001,suite,2025-12-26,4,False,winter,False,,0.0,,1.0,1.0
H001,standard,2025-12-27,5,True,winter,False,,0.0,,0.8547,0.8036
H001,deluxe,2025-12-27,5,True,winter,False,,0.0,,0.8547,0.7912
H001,premium,2025-12-27,5,True,winter,False,,0.0,,0.8547,0.7706
H001,suite,2025-12-27,5,True,winter,False,,0.0,,0.8547,0.7334
H001,standard,2025-12-28,6,True,winter,False,,0.0,,0.9617,0.8031
H001,deluxe,2025-12-28,6,True,winter,False,,0.0,,0.9617,0.7907
H001,premium,2025-12-28,6,True,winter,False,,0.0,,0.9617,0.7701
H001,suite,2025-12-28,6,True,winter,False,,0.0,,0.9617,0.733
H001,standard,2025-12-29,0,False,winter,False,,0.0,,0.9716,0.8898
H001,deluxe,2025-12-29,0,False,winter,False,,0.0,,0.9716,0.8761
H001,premium,2025-12-29,0,False,winter,False,,0.0,,0.9716,0.8532
H001,suite,2025-12-29,0,False,winter,False,,0.0,,0.9716,0.8121
H001,standard,2025-12-30,1,False,winter,False,,0.0,,0.9217,1.0
H001,deluxe,2025-12-30,1,False,winter,False,,0.0,,0.9217,1.0
H001,premium,2025-12-30,1,False,winter,False,,0.0,,0.9217,1.0
H001,suite,2025-12-30,1,False,winter,False,,0.0,,0.9217,0.9713
H001,standard,2025-12-31,2,False,winter,True,New Year's Eve,0.0,,0.7648,0.7766
H001,deluxe,2025-12-31,2,False,winter,True,New Year's Eve,0.0,,0.7648,0.7646
H001,premium,2025-12-31,2,False,winter,True,New Year's Eve,0.0,,0.7648,0.7447
H001,suite,2025-12-31,2,False,winter,True,New Year's Eve,0.0,,0.7648,0.7088
H001,standard,2026-01-01,3,False,winter,True,New Year's Day,0.0,,0.9679,0.9476
H001,deluxe,2026-01-01,3,False,winter,True,New Year's Day,0.0,,0.9679,0.933
H001,premium,2026-01-01,3,False,winter,True,New Year's Day,0.0,,0.9679,0.9087
H001,suite,2026-01-01,3,False,winter,True,New Year's Day,0.0,,0.9679,0.8648
H001,standard,2026-01-02,4,False,winter,False,,0.0,,0.8793,0.6543
H001,deluxe,2026-01-02,4,False,winter,False,,0.0,,0.8793,0.6442
H001,premium,2026-01-02,4,False,winter,False,,0.0,,0.8793,0.6274
H001,suite,2026-01-02,4,False,winter,False,,0.0,,0.8793,0.5972
H001,standard,2026-01-03,5,True,winter,False,,0.0,,0.9583,0.5993
H001,deluxe,2026-01-03,5,True,winter,False,,0.0,,0.9583,0.5901
H001,premium,2026-01-03,5,True,winter,False,,0.0,,0.9583,0.5747
H001,suite,2026-01-03,5,True,winter,False,,0.0,,0.9583,0.547
H001,standard,2026-01-04,6,True,winter,False,,0.0,,0.9258,0.9269
H001,deluxe,2026-01-04,6,True,winter,False,,0.0,,0.9258,0.9126
H001,premium,2026-01-04,6,True,winter,False,,0.0,,0.9258,0.8888
H001,suite,2026-01-04,6,True,winter,False,,0.0,,0.9258,0.846
H001,standard,2026-01-05,0,False,winter,False,,0.0,,0.8241,1.0
H001,deluxe,2026-01-05,0,False,winter,False,,0.0,,0.8241,1.0
H001,premium,2026-01-05,0,False,winter,False,,0.0,,0.8241,1.0
H001,suite,2026-01-05,0,False,winter,False,,0.0,,0.8241,1.0
H001,standard,2026-01-06,1,False,winter,False,,0.0,,0.8947,1.0
H001,deluxe,2026-01-06,1,False,winter,False,,0.0,,0.8947,1.0
H001,premium,2026-01-06,1,False,winter,False,,0.0,,0.8947,1.0
H001,suite,2026-01-06,1,False,winter,False,,0.0,,0.8947,1.0
H001,standard,2026-01-07,2,False,winter,False,,0.0,,0.9352,1.0
H001,deluxe,2026-01-07,2,False,winter,False,,0.0,,0.9352,1.0
H001,premium,2026-01-07,2,False,winter,False,,0.0,,0.9352,1.0
H001,suite,2026-01-07,2,False,winter,False,,0.0,,0.9352,1.0
H001,standard,2026-01-08,3,False,winter,False,,0.0,,1.0,1.0
H001,deluxe,2026-01-08,3,False,winter,False,,0.0,,1.0,1.0
H001,premium,2026-01-08,3,False,winter,False,,0.0,,1.0,1.0
H001,suite,2026-01-08,3,False,winter,False,,0.0,,1.0,0.9642
H001,standard,2026-01-09,4,False,winter,False,,0.0,,0.846,0.6491
H001,deluxe,2026-01-09,4,False,winter,False,,0.0,,0.846,0.6391
H001,premium,2026-01-09,4,False,winter,False,,0.0,,0.846,0.6224
H001,suite,2026-01-09,4,False,winter,False,,0.0,,0.846,0.5924
H001,standard,2026-01-10,5,True,winter,False,,0.0,,0.9721,0.6662
H001,deluxe,2026-01-10,5,True,winter,False,,0.0,,0.9721,0.656
H001,premium,2026-01-10,5,True,winter,False,,0.0,,0.9721,0.6388
H001,suite,2026-01-10,5,True,winter,False,,0.0,,0.9721,0.608
H001,standard,2026-01-11,6,True,winter,False,,0.0,,1.0,0.8633
H001,deluxe,2026-01-11,6,True,winter,False,,0.0,,1.0,0.85
H001,premium,2026-01-11,6,True,winter,False,,0.0,,1.0,0.8278
H001,suite,2026-01-11,6,True,winter,False,,0.0,,1.0,0.7879
H001,standard,2026-01-12,0,False,winter,False,,0.0,,0.7679,0.968
H001,deluxe,2026-01-12,0,False,winter,False,,0.0,,0.7679,0.9531
H001,premium,2026-01-12,0,False,winter,False,,0.0,,0.7679,0.9283
H001,suite,2026-01-12,0,False,winter,False,,0.0,,0.7679,0.8835
H001,standard,2026-01-13,1,False,winter,False,,0.0,,0.9552,1.0
H001,deluxe,2026-01-13,1,False,winter,False,,0.0,,0.9552,1.0
H001,premium,2026-01-13,1,False,winter,False,,0.0,,0.9552,1.0
H001,suite,2026-01-13,1,False,winter,False,,0.0,,0.9552,1.0
H001,standard,2026-01-14,2,False,winter,True,Makar Sankranti / Pongal,0.0,,0.9178,0.8711
H001,deluxe,2026-01-14,2,False,winter,True,Makar Sankranti / Pongal,0.0,,0.9178,0.8577
H001,premium,2026-01-14,2,False,winter,True,Makar Sankranti / Pongal,0.0,,0.9178,0.8353
H001,suite,2026-01-14,2,False,winter,True,Makar Sankranti / Pongal,0.0,,0.9178,0.795
H001,standard,2026-01-15,3,False,winter,False,,0.0,,0.9493,0.9498
H001,deluxe,2026-01-15,3,False,winter,False,,0.0,,0.9493,0.9352
H001,premium,2026-01-15,3,False,winter,False,,0.0,,0.9493,0.9108
H001,suite,2026-01-15,3,False,winter,False,,0.0,,0.9493,0.8669
H001,standard,2026-01-16,4,False,winter,False,,0.0,,0.8848,0.7231
H001,deluxe,2026-01-16,4,False,winter,False,,0.0,,0.8848,0.712
H001,premium,2026-01-16,4,False,winter,False,,0.0,,0.8848,0.6934
H001,suite,2026-01-16,4,False,winter,False,,0.0,,0.8848,0.66
H001,standard,2026-01-17,5,True,winter,False,,0.5,Mumbai Marathon,0.8131,0.8136
H001,deluxe,2026-01-17,5,True,winter,False,,0.5,Mumbai Marathon,0.8131,0.8011
H001,premium,2026-01-17,5,True,winter,False,,0.5,Mumbai Marathon,0.8131,0.7802
H001,suite,2026-01-17,5,True,winter,False,,0.5,Mumbai Marathon,0.8131,0.7426
H001,standard,2026-01-18,6,True,winter,False,,0.5,Mumbai Marathon,0.8489,1.0
H001,deluxe,2026-01-18,6,True,winter,False,,0.5,Mumbai Marathon,0.8489,1.0
H001,premium,2026-01-18,6,True,winter,False,,0.5,Mumbai Marathon,0.8489,1.0
H001,suite,2026-01-18,6,True,winter,False,,0.5,Mumbai Marathon,0.8489,0.9791
H001,standard,2026-01-19,0,False,winter,False,,0.5,Mumbai Marathon,1.0,1.0
H001,deluxe,2026-01-19,0,False,winter,False,,0.5,Mumbai Marathon,1.0,1.0
H001,premium,2026-01-19,0,False,winter,False,,0.5,Mumbai Marathon,1.0,1.0
H001,suite,2026-01-19,0,False,winter,False,,0.5,Mumbai Marathon,1.0,1.0
H001,standard,2026-01-20,1,False,winter,False,,0.0,,1.0,1.0
H001,deluxe,2026-01-20,1,False,winter,False,,0.0,,1.0,1.0
H001,premium,2026-01-20,1,False,winter,False,,0.0,,1.0,1.0
H001,suite,2026-01-20,1,False,winter,False,,0.0,,1.0,1.0
H001,standard,2026-01-21,2,False,winter,False,,0.0,,0.8891,1.0
H001,deluxe,2026-01-21,2,False,winter,False,,0.0,,0.8891,1.0
H001,premium,2026-01-21,2,False,winter,False,,0.0,,0.8891,1.0
H001,suite,2026-01-21,2,False,winter,False,,0.0,,0.8891,1.0
H001,standard,2026-01-22,3,False,winter,False,,0.0,,0.9337,1.0
H001,deluxe,2026-01-22,3,False,winter,False,,0.0,,0.9337,0.9911
H001,premium,2026-01-22,3,False,winter,False,,0.0,,0.9337,0.9652
H001,suite,2026-01-22,3,False,winter,False,,0.0,,0.9337,0.9187
H001,standard,2026-01-23,4,False,winter,False,,0.0,,0.8887,0.784
H001,deluxe,2026-01-23,4,False,winter,False,,0.0,,0.8887,0.7719
H001,premium,2026-01-23,4,False,winter,False,,0.0,,0.8887,0.7517
H001,suite,2026-01-23,4,False,winter,False,,0.0,,0.8887,0.7155
H001,standard,2026-01-24,5,True,winter,False,,0.0,,0.8669,0.6068
H001,deluxe,2026-01-24,5,True,winter,False,,0.0,,0.8669,0.5974
H001,premium,2026-01-24,5,True,winter,False,,0.0,,0.8669,0.5818
H001,suite,2026-01-24,5,True,winter,False,,0.0,,0.8669,0.5538
H001,standard,2026-01-25,6,True,winter,False,,0.0,,0.8395,0.7979
H001,deluxe,2026-01-25,6,True,winter,False,,0.0,,0.8395,0.7856
H001,premium,2026-01-25,6,True,winter,False,,0.0,,0.8395,0.7651
H001,suite,2026-01-25,6,True,winter,False,,0.0,,0.8395,0.7282
H001,standard,2026-01-26,0,False,winter,True,Republic Day,0.0,,0.9372,0.8947
H001,deluxe,2026-01-26,0,False,winter,True,Republic Day,0.0,,0.9372,0.8809
H001,premium,2026-01-26,0,False,winter,True,Republic Day,0.0,,0.9372,0.8579
H001,suite,2026-01-26,0,False,winter,True,Republic Day,0.0,,0.9372,0.8166
H001,standard,2026-01-27,1,False,winter,False,,0.0,,0.9417,1.0
H001,deluxe,2026-01-27,1,False,winter,False,,0.0,,0.9417,1.0
H001,premium,2026-01-27,1,False,winter,False,,0.0,,0.9417,1.0
H001,suite,2026-01-27,1,False,winter,False,,0.0,,0.9417,1.0
H001,standard,2026-01-28,2,False,winter,False,,0.0,,0.7522,1.0
H001,deluxe,2026-01-28,2,False,winter,False,,0.0,,0.7522,1.0
H001,premium,2026-01-28,2,False,winter,False,,0.0,,0.7522,1.0
H001,suite,2026-01-28,2,False,winter,False,,0.0,,0.7522,1.0
H001,standard,2026-01-29,3,False,winter,False,,0.0,,0.9089,1.0
H001,deluxe,2026-01-29,3,False,winter,False,,0.0,,0.9089,1.0
H001,premium,2026-01-29,3,False,winter,False,,0.0,,0.9089,1.0
H001,suite,2026-01-29,3,False,winter,False,,0.0,,0.9089,0.985
H001,standard,2026-01-30,4,False,winter,False,,0.0,,0.8591,1.0
H001,deluxe,2026-01-30,4,False,winter,False,,0.0,,0.8591,1.0
H001,premium,2026-01-30,4,False,winter,False,,0.0,,0.8591,1.0
H001,suite,2026-01-30,4,False,winter,False,,0.0,,0.8591,1.0
H001,standard,2026-01-31,5,True,winter,False,,0.0,,0.9464,0.8834
H001,deluxe,2026-01-31,5,True,winter,False,,0.0,,0.9464,0.8697
H001,premium,2026-01-31,5,True,winter,False,,0.0,,0.9464,0.8471
H001,suite,2026-01-31,5,True,winter,False,,0.0,,0.9464,0.8062
H001,standard,2026-02-01,6,True,winter,False,,0.0,,0.7936,1.0
H001,deluxe,2026-02-01,6,True,winter,False,,0.0,,0.7936,1.0
H001,premium,2026-02-01,6,True,winter,False,,0.0,,0.7936,1.0
H001,suite,2026-02-01,6,True,winter,False,,0.0,,0.7936,1.0
H001,standard,2026-02-02,0,False,winter,False,,0.0,,0.8762,1.0
H001,deluxe,2026-02-02,0,False,winter,False,,0.0,,0.8762,1.0
H001,premium,2026-02-02,0,False,winter,False,,0.0,,0.8762,1.0
H001,suite,2026-02-02,0,False,winter,False,,0.0,,0.8762,1.0
H001,standard,2026-02-03,1,False,winter,False,,0.0,,0.9528,1.0
H001,deluxe,2026-02-03,1,False,winter,False,,0.0,,0.9528,1.0
H001,premium,2026-02-03,1,False,winter,False,,0.0,,0.9528,1.0
H001,suite,2026-02-03,1,False,winter,False,,0.0,,0.9528,1.0
H001,standard,2026-02-04,2,False,winter,False,,0.0,,0.9492,1.0
H001,deluxe,2026-02-04,2,False,winter,False,,0.0,,0.9492,1.0
H001,premium,2026-02-04,2,False,winter,False,,0.0,,0.9492,1.0
H001,suite,2026-02-04,2,False,winter,False,,0.0,,0.9492,1.0
H001,standard,2026-02-05,3,False,winter,False,,0.0,,1.0,0.7808
H001,deluxe,2026-02-05,3,False,winter,False,,0.0,,1.0,0.7688
H001,premium,2026-02-05,3,False,winter,False,,0.0,,1.0,0.7487
H001,suite,2026-02-05,3,False,winter,False,,0.0,,1.0,0.7126
H001,standard,2026-02-06,4,False,winter,False,,0.0,,0.7393,0.7647
H001,deluxe,2026-02-06,4,False,winter,False,,0.0,,0.7393,0.7529
H001,premium,2026-02-06,4,False,winter,False,,0.0,,0.7393,0.7333
H001,suite,2026-02-06,4,False,winter,False,,0.0,,0.7393,0.6979
H001,standard,2026-02-07,5,True,winter,False,,0.0,,0.7552,0.6783
H001,deluxe,2026-02-07,5,True,winter,False,,0.0,,0.7552,0.6678
H001,premium,2026-02-07,5,True,winter,False,,0.0,,0.7552,0.6504
H001,suite,2026-02-07,5,True,winter,False,,0.0,,0.7552,0.619
H001,standard,2026-02-08,6,True,winter,False,,0.0,,1.0,0.726
H001,deluxe,2026-02-08,6,True,winter,False,,0.0,,1.0,0.7148
H001,premium,2026-02-08,6,True,winter,False,,0.0,,1.0,0.6962
H001,suite,2026-02-08,6,True,winter,False,,0.0,,1.0,0.6626
H001,standard,2026-02-09,0,False,winter,False,,0.0,,1.0,1.0
H001,deluxe,2026-02-09,0,False,winter,False,,0.0,,1.0,1.0
H001,premium,2026-02-09,0,False,winter,False,,0.0,,1.0,1.0
H001,suite,2026-02-09,0,False,winter,False,,0.0,,1.0,1.0
H001,standard,2026-02-10,1,False,winter,False,,0.0,,0.7973,1.0
H001,deluxe,2026-02-10,1,False,winter,False,,0.0,,0.7973,1.0
H001,premium,2026-02-10,1,False,winter,False,,0.0,,0.7973,1.0
H001,suite,2026-02-10,1,False,winter,False,,0.0,,0.7973,1.0
H001,standard,2026-02-11,2,False,winter,False,,0.0,,0.8198,0.7828
H001,deluxe,2026-02-11,2,False,winter,False,,0.0,,0.8198,0.7707
H001,premium,2026-02-11,2,False,winter,False,,0.0,,0.8198,0.7506
H001,suite,2026-02-11,2,False,winter,False,,0.0,,0.8198,0.7144
H001,standard,2026-02-12,3,False,winter,False,,0.0,,0.8107,1.0
H001,deluxe,2026-02-12,3,False,winter,False,,0.0,,0.8107,1.0
H001,premium,2026-02-12,3,False,winter,False,,0.0,,0.8107,1.0
H001,suite,2026-02-12,3,False,winter,False,,0.0,,0.8107,1.0
H001,standard,2026-02-13,4,False,winter,False,,0.0,,0.9635,1.0
H001,deluxe,2026-02-13,4,False,winter,False,,0.0,,0.9635,1.0
H001,premium,2026-02-13,4,False,winter,False,,0.0,,0.9635,1.0
H001,suite,2026-02-13,4,False,winter,False,,0.0,,0.9635,1.0
H001,standard,2026-02-14,5,True,winter,False,,0.0,,0.913,0.5124
H001,deluxe,2026-02-14,5,True,winter,False,,0.0,,0.913,0.5045
H001,premium,2026-02-14,5,True,winter,False,,0.0,,0.913,0.4913
H001,suite,2026-02-14,5,True,winter,False,,0.0,,0.913,0.4677
H001,standard,2026-02-15,6,True,winter,True,Maha Shivaratri,0.0,,0.889,1.0
H001,deluxe,2026-02-15,6,True,winter,True,Maha Shivaratri,0.0,,0.889,1.0
H001,premium,2026-02-15,6,True,winter,True,Maha Shivaratri,0.0,,0.889,1.0
H001,suite,2026-02-15,6,True,winter,True,Maha Shivaratri,0.0,,0.889,1.0
H001,standard,2026-02-16,0,False,winter,False,,0.0,,0.7948,1.0
H001,deluxe,2026-02-16,0,False,winter,False,,0.0,,0.7948,1.0
H001,premium,2026-02-16,0,False,winter,False,,0.0,,0.7948,1.0
H001,suite,2026-02-16,0,False,winter,False,,0.0,,0.7948,0.979
H001,standard,2026-02-17,1,False,winter,False,,0.0,,0.8855,1.0
H001,deluxe,2026-02-17,1,False,winter,False,,0.0,,0.8855,1.0
H001,premium,2026-02-17,1,False,winter,False,,0.0,,0.8855,1.0
H001,suite,2026-02-17,1,False,winter,False,,0.0,,0.8855,1.0
H001,standard,2026-02-18,2,False,winter,False,,0.0,,0.9672,1.0
H001,deluxe,2026-02-18,2,False,winter,False,,0.0,,0.9672,1.0
H001,premium,2026-02-18,2,False,winter,False,,0.0,,0.9672,1.0
H001,suite,2026-02-18,2,False,winter,False,,0.0,,0.9672,1.0
H001,standard,2026-02-19,3,False,winter,False,,0.0,,0.7799,0.7054
H001,deluxe,2026-02-19,3,False,winter,False,,0.0,,0.7799,0.6945
H001,premium,2026-02-19,3,False,winter,False,,0.0,,0.7799,0.6764
H001,suite,2026-02-19,3,False,winter,False,,0.0,,0.7799,0.6438
H001,standard,2026-02-20,4,False,winter,False,,0.0,,0.9871,0.8607
H001,deluxe,2026-02-20,4,False,winter,False,,0.0,,0.9871,0.8474
H001,premium,2026-02-20,4,False,winter,False,,0.0,,0.9871,0.8253
H001,suite,2026-02-20,4,False,winter,False,,0.0,,0.9871,0.7855
H001,standard,2026-02-21,5,True,winter,False,,0.0,,0.9271,0.6763
H001,deluxe,2026-02-21,5,True,winter,False,,0.0,,0.9271,0.6658
H001,premium,2026-02-21,5,True,winter,False,,0.0,,0.9271,0.6485
H001,suite,2026-02-21,5,True,winter,False,,0.0,,0.9271,0.6172
H001,standard,2026-02-22,6,True,winter,False,,0.0,,0.99,0.8217
H001,deluxe,2026-02-22,6,True,winter,False,,0.0,,0.99,0.809
H001,premium,2026-02-22,6,True,winter,False,,0.0,,0.99,0.7879
H001,suite,2026-02-22,6,True,winter,False,,0.0,,0.99,0.7499
H001,standard,2026-02-23,0,False,winter,False,,0.0,,0.8404,1.0
H001,deluxe,2026-02-23,0,False,winter,False,,0.0,,0.8404,1.0
H001,premium,2026-02-23,0,False,winter,False,,0.0,,0.8404,1.0
H001,suite,2026-02-23,0,False,winter,False,,0.0,,0.8404,1.0
H001,standard,2026-02-24,1,False,winter,False,,0.0,,0.8263,0.613
H001,deluxe,2026-02-24,1,False,winter,False,,0.0,,0.8263,0.6035
H001,premium,2026-02-24,1,False,winter,False,,0.0,,0.8263,0.5878
H001,suite,2026-02-24,1,False,winter,False,,0.0,,0.8263,0.5594
H001,standard,2026-02-25,2,False,winter,False,,0.0,,0.8526,1.0
H001,deluxe,2026-02-25,2,False,winter,False,,0.0,,0.8526,1.0
H001,premium,2026-02-25,2,False,winter,False,,0.0,,0.8526,1.0
H001,suite,2026-02-25,2,False,winter,False,,0.0,,0.8526,1.0
H001,standard,2026-02-26,3,False,winter,False,,0.0,,0.8571,1.0
H001,deluxe,2026-02-26,3,False,winter,False,,0.0,,0.8571,1.0
H001,premium,2026-02-26,3,False,winter,False,,0.0,,0.8571,1.0
H001,suite,2026-02-26,3,False,winter,False,,0.0,,0.8571,1.0
H001,standard,2026-02-27,4,False,winter,False,,0.0,,0.8306,0.594
H001,deluxe,2026-02-27,4,False,winter,False,,0.0,,0.8306,0.5849
H001,premium,2026-02-27,4,False,winter,False,,0.0,,0.8306,0.5696
H001,suite,2026-02-27,4,False,winter,False,,0.0,,0.8306,0.5422
H001,standard,2026-02-28,5,True,winter,False,,0.0,,0.9091,0.6946
H001,deluxe,2026-02-28,5,True,winter,False,,0.0,,0.9091,0.6839
H001,premium,2026-02-28,5,True,winter,False,,0.0,,0.9091,0.6661
H001,suite,2026-02-28,5,True,winter,False,,0.0,,0.9091,0.634
H001,standard,2026-03-01,6,True,summer,False,,0.0,,0.6095,0.5631
H001,deluxe,2026-03-01,6,True,summer,False,,0.0,,0.6095,0.5544
H001,premium,2026-03-01,6,True,summer,False,,0.0,,0.6095,0.54
H001,suite,2026-03-01,6,True,summer,False,,0.0,,0.6095,0.5139
H001,standard,2026-03-02,0,False,summer,False,,0.0,,0.4003,1.0
H001,deluxe,2026-03-02,0,False,summer,False,,0.0,,0.4003,1.0
H001,premium,2026-03-02,0,False,summer,False,,0.0,,0.4003,1.0
H001,suite,2026-03-02,0,False,summer,False,,0.0,,0.4003,1.0
H001,standard,2026-03-03,1,False,summer,False,,0.0,,0.4846,1.0
H001,deluxe,2026-03-03,1,False,summer,False,,0.0,,0.4846,1.0
H001,premium,2026-03-03,1,False,summer,False,,0.0,,0.4846,0.9747
H001,suite,2026-03-03,1,False,summer,False,,0.0,,0.4846,0.9277
H001,standard,2026-03-04,2,False,summer,True,Holi,0.0,,0.4428,1.0
H001,deluxe,2026-03-04,2,False,summer,True,Holi,0.0,,0.4428,1.0
H001,premium,2026-03-04,2,False,summer,True,Holi,0.0,,0.4428,1.0
H001,suite,2026-03-04,2,False,summer,True,Holi,0.0,,0.4428,1.0
H001,standard,2026-03-05,3,False,summer,False,,0.0,,0.6654,0.8575
H001,deluxe,2026-03-05,3,False,summer,False,,0.0,,0.6654,0.8443
H001,premium,2026-03-05,3,False,summer,False,,0.0,,0.6654,0.8223
H001,suite,2026-03-05,3,False,summer,False,,0.0,,0.6654,0.7827
H001,standard,2026-03-06,4,False,summer,False,,0.0,,0.6168,0.9858
H001,deluxe,2026-03-06,4,False,summer,False,,0.0,,0.6168,0.9706
H001,premium,2026-03-06,4,False,summer,False,,0.0,,0.6168,0.9453
H001,suite,2026-03-06,4,False,summer,False,,0.0,,0.6168,0.8997
H001,standard,2026-03-07,5,True,summer,False,,0.0,,0.6332,0.5376
H001,deluxe,2026-03-07,5,True,summer,False,,0.0,,0.6332,0.5293
H001,premium,2026-03-07,5,True,summer,False,,0.0,,0.6332,0.5155
H001,suite,2026-03-07,5,True,summer,False,,0.0,,0.6332,0.4907
H001,standard,2026-03-08,6,True,summer,False,,0.0,,0.5389,0.7054
H001,deluxe,2026-03-08,6,True,summer,False,,0.0,,0.5389,0.6945
H001,premium,2026-03-08,6,True,summer,False,,0.0,,0.5389,0.6764
H001,suite,2026-03-08,6,True,summer,False,,0.0,,0.5389,0.6438
H001,standard,2026-03-09,0,False,summer,False,,0.0,,0.581,0.958
H001,deluxe,2026-03-09,0,False,summer,False,,0.0,,0.581,0.9432
H001,premium,2026-03-09,0,False,summer,False,,0.0,,0.581,0.9186
H001,suite,2026-03-09,0,False,summer,False,,0.0,,0.581,0.8743
H001,standard,2026-03-10,1,False,summer,False,,0.0,,0.5642,0.8065
H001,deluxe,2026-03-10,1,False,summer,False,,0.0,,0.5642,0.7941
H001,premium,2026-03-10,1,False,summer,False,,0.0,,0.5642,0.7734
H001,suite,2026-03-10,1,False,summer,False,,0.0,,0.5642,0.7361
H001,standard,2026-03-11,2,False,summer,False,,0.6,Lakme Fashion Week (spring),0.5407,1.0
H001,deluxe,2026-03-11,2,False,summer,False,,0.6,Lakme Fashion Week (spring),0.5407,1.0
H001,premium,2026-03-11,2,False,summer,False,,0.6,Lakme Fashion Week (spring),0.5407,1.0
H001,suite,2026-03-11,2,False,summer,False,,0.6,Lakme Fashion Week (spring),0.5407,1.0
H001,standard,2026-03-12,3,False,summer,False,,0.6,Lakme Fashion Week (spring),0.5763,0.8564
H001,deluxe,2026-03-12,3,False,summer,False,,0.6,Lakme Fashion Week (spring),0.5763,0.8432
H001,premium,2026-03-12,3,False,summer,False,,0.6,Lakme Fashion Week (spring),0.5763,0.8212
H001,suite,2026-03-12,3,False,summer,False,,0.6,Lakme Fashion Week (spring),0.5763,0.7816
H001,standard,2026-03-13,4,False,summer,False,,0.6,Lakme Fashion Week (spring),0.4371,1.0
H001,deluxe,2026-03-13,4,False,summer,False,,0.6,Lakme Fashion Week (spring),0.4371,1.0
H001,premium,2026-03-13,4,False,summer,False,,0.6,Lakme Fashion Week (spring),0.4371,1.0
H001,suite,2026-03-13,4,False,summer,False,,0.6,Lakme Fashion Week (spring),0.4371,1.0
H001,standard,2026-03-14,5,True,summer,False,,0.6,Lakme Fashion Week (spring),0.6323,1.0
H001,deluxe,2026-03-14,5,True,summer,False,,0.6,Lakme Fashion Week (spring),0.6323,1.0
H001,premium,2026-03-14,5,True,summer,False,,0.6,Lakme Fashion Week (spring),0.6323,1.0
H001,suite,2026-03-14,5,True,summer,False,,0.6,Lakme Fashion Week (spring),0.6323,0.9944
H001,standard,2026-03-15,6,True,summer,False,,0.6,Lakme Fashion Week (spring),0.6765,0.4864
H001,deluxe,2026-03-15,6,True,summer,False,,0.6,Lakme Fashion Week (spring),0.6765,0.4789
H001,premium,2026-03-15,6,True,summer,False,,0.6,Lakme Fashion Week (spring),0.6765,0.4664
H001,suite,2026-03-15,6,True,summer,False,,0.6,Lakme Fashion Week (spring),0.6765,0.4439
H001,standard,2026-03-16,0,False,summer,False,,0.0,,0.5808,1.0
H001,deluxe,2026-03-16,0,False,summer,False,,0.0,,0.5808,1.0
H001,premium,2026-03-16,0,False,summer,False,,0.0,,0.5808,0.978
H001,suite,2026-03-16,0,False,summer,False,,0.0,,0.5808,0.9308
H001,standard,2026-03-17,1,False,summer,False,,0.0,,0.5719,0.9408
H001,deluxe,2026-03-17,1,False,summer,False,,0.0,,0.5719,0.9263
H001,premium,2026-03-17,1,False,summer,False,,0.0,,0.5719,0.9022
H001,suite,2026-03-17,1,False,summer,False,,0.0,,0.5719,0.8587
H001,standard,2026-03-18,2,False,summer,False,,0.0,,0.6778,1.0
H001,deluxe,2026-03-18,2,False,summer,False,,0.0,,0.6778,1.0
H001,premium,2026-03-18,2,False,summer,False,,0.0,,0.6778,1.0
H001,suite,2026-03-18,2,False,summer,False,,0.0,,0.6778,1.0
H001,standard,2026-03-19,3,False,summer,False,,0.0,,0.7245,0.7785
H001,deluxe,2026-03-19,3,False,summer,False,,0.0,,0.7245,0.7665
H001,premium,2026-03-19,3,False,summer,False,,0.0,,0.7245,0.7465
H001,suite,2026-03-19,3,False,summer,False,,0.0,,0.7245,0.7105
H001,standard,2026-03-20,4,False,summer,False,,0.0,,0.6251,0.5629
H001,deluxe,2026-03-20,4,False,summer,False,,0.0,,0.6251,0.5542
H001,premium,2026-03-20,4,False,summer,False,,0.0,,0.6251,0.5397
H001,suite,2026-03-20,4,False,summer,False,,0.0,,0.6251,0.5137
H001,standard,2026-03-21,5,True,summer,True,Eid al-Fitr,0.0,,0.4994,0.4831
H001,deluxe,2026-03-21,5,True,summer,True,Eid al-Fitr,0.0,,0.4994,0.4756
H001,premium,2026-03-21,5,True,summer,True,Eid al-Fitr,0.0,,0.4994,0.4632
H001,suite,2026-03-21,5,True,summer,True,Eid al-Fitr,0.0,,0.4994,0.4409
H001,standard,2026-03-22,6,True,summer,False,,0.0,,0.4939,0.6361
H001,deluxe,2026-03-22,6,True,summer,False,,0.0,,0.4939,0.6263
H001,premium,2026-03-22,6,True,summer,False,,0.0,,0.4939,0.61
H001,suite,2026-03-22,6,True,summer,False,,0.0,,0.4939,0.5805
H001,standard,2026-03-23,0,False,summer,False,,0.0,,0.6167,1.0
H001,deluxe,2026-03-23,0,False,summer,False,,0.0,,0.6167,1.0
H001,premium,2026-03-23,0,False,summer,False,,0.0,,0.6167,1.0
H001,suite,2026-03-23,0,False,summer,False,,0.0,,0.6167,1.0
H001,standard,2026-03-24,1,False,summer,False,,0.0,,0.5409,1.0
H001,deluxe,2026-03-24,1,False,summer,False,,0.0,,0.5409,1.0
H001,premium,2026-03-24,1,False,summer,False,,0.0,,0.5409,1.0
H001,suite,2026-03-24,1,False,summer,False,,0.0,,0.5409,1.0
H001,standard,2026-03-25,2,False,summer,False,,0.0,,0.6501,0.6334
H001,deluxe,2026-03-25,2,False,summer,False,,0.0,,0.6501,0.6236
H001,premium,2026-03-25,2,False,summer,False,,0.0,,0.6501,0.6074
H001,suite,2026-03-25,2,False,summer,False,,0.0,,0.6501,0.5781
H001,standard,2026-03-26,3,False,summer,True,Ram Navami,0.0,,0.5913,0.9262
H001,deluxe,2026-03-26,3,False,summer,True,Ram Navami,0.0,,0.5913,0.9119
H001,premium,2026-03-26,3,False,summer,True,Ram Navami,0.0,,0.5913,0.8882
H001,suite,2026-03-26,3,False,summer,True,Ram Navami,0.0,,0.5913,0.8453
H001,standard,2026-03-27,4,False,summer,False,,0.0,,0.6185,0.6453
H001,deluxe,2026-03-27,4,False,summer,False,,0.0,,0.6185,0.6354
H001,premium,2026-03-27,4,False,summer,False,,0.0,,0.6185,0.6188
H001,suite,2026-03-27,4,False,summer,False,,0.0,,0.6185,0.589
H001,standard,2026-03-28,5,True,summer,False,,0.0,,0.6013,0.7531
H001,deluxe,2026-03-28,5,True,summer,False,,0.0,,0.6013,0.7415
H001,premium,2026-03-28,5,True,summer,False,,0.0,,0.6013,0.7222
H001,suite,2026-03-28,5,True,summer,False,,0.0,,0.6013,0.6874
H001,standard,2026-03-29,6,True,summer,False,,0.0,,0.6092,0.5944
H001,deluxe,2026-03-29,6,True,summer,False,,0.0,,0.6092,0.5852
H001,premium,2026-03-29,6,True,summer,False,,0.0,,0.6092,0.57
H001,suite,2026-03-29,6,True,summer,False,,0.0,,0.6092,0.5425
H001,standard,2026-03-30,0,False,summer,False,,0.0,,0.5026,1.0
H001,deluxe,2026-03-30,0,False,summer,False,,0.0,,0.5026,1.0
H001,premium,2026-03-30,0,False,summer,False,,0.0,,0.5026,1.0
H001,suite,2026-03-30,0,False,summer,False,,0.0,,0.5026,0.9698
H001,standard,2026-03-31,1,False,summer,False,,0.0,,0.6675,1.0
H001,deluxe,2026-03-31,1,False,summer,False,,0.0,,0.6675,1.0
H001,premium,2026-03-31,1,False,summer,False,,0.0,,0.6675,1.0
H001,suite,2026-03-31,1,False,summer,False,,0.0,,0.6675,1.0
H001,standard,2026-04-01,2,False,summer,False,,0.45,IPL Home Fixtures,0.6222,1.0
H001,deluxe,2026-04-01,2,False,summer,False,,0.45,IPL Home Fixtures,0.6222,1.0
H001,premium,2026-04-01,2,False,summer,False,,0.45,IPL Home Fixtures,0.6222,1.0
H001,suite,2026-04-01,2,False,summer,False,,0.45,IPL Home Fixtures,0.6222,1.0
H001,standard,2026-04-02,3,False,summer,False,,0.45,IPL Home Fixtures,0.5841,1.0
H001,deluxe,2026-04-02,3,False,summer,False,,0.45,IPL Home Fixtures,0.5841,1.0
H001,premium,2026-04-02,3,False,summer,False,,0.45,IPL Home Fixtures,0.5841,1.0
H001,suite,2026-04-02,3,False,summer,False,,0.45,IPL Home Fixtures,0.5841,1.0
H001,standard,2026-04-03,4,False,summer,True,Good Friday,0.45,IPL Home Fixtures,0.6757,1.0
H001,deluxe,2026-04-03,4,False,summer,True,Good Friday,0.45,IPL Home Fixtures,0.6757,1.0
H001,premium,2026-04-03,4,False,summer,True,Good Friday,0.45,IPL Home Fixtures,0.6757,1.0
H001,suite,2026-04-03,4,False,summer,True,Good Friday,0.45,IPL Home Fixtures,0.6757,0.9771
H001,standard,2026-04-04,5,True,summer,False,,0.45,IPL Home Fixtures,0.6756,1.0
H001,deluxe,2026-04-04,5,True,summer,False,,0.45,IPL Home Fixtures,0.6756,1.0
H001,premium,2026-04-04,5,True,summer,False,,0.45,IPL Home Fixtures,0.6756,0.9869
H001,suite,2026-04-04,5,True,summer,False,,0.45,IPL Home Fixtures,0.6756,0.9394
H001,standard,2026-04-05,6,True,summer,False,,0.45,IPL Home Fixtures,0.6016,1.0
H001,deluxe,2026-04-05,6,True,summer,False,,0.45,IPL Home Fixtures,0.6016,1.0
H001,premium,2026-04-05,6,True,summer,False,,0.45,IPL Home Fixtures,0.6016,1.0
H001,suite,2026-04-05,6,True,summer,False,,0.45,IPL Home Fixtures,0.6016,1.0
H001,standard,2026-04-06,0,False,summer,False,,0.45,IPL Home Fixtures,0.5916,0.8237
H001,deluxe,2026-04-06,0,False,summer,False,,0.45,IPL Home Fixtures,0.5916,0.811
H001,premium,2026-04-06,0,False,summer,False,,0.45,IPL Home Fixtures,0.5916,0.7898
H001,suite,2026-04-06,0,False,summer,False,,0.45,IPL Home Fixtures,0.5916,0.7517
H001,standard,2026-04-07,1,False,summer,False,,0.45,IPL Home Fixtures,0.6271,1.0
H001,deluxe,2026-04-07,1,False,summer,False,,0.45,IPL Home Fixtures,0.6271,1.0
H001,premium,2026-04-07,1,False,summer,False,,0.45,IPL Home Fixtures,0.6271,1.0
H001,suite,2026-04-07,1,False,summer,False,,0.45,IPL Home Fixtures,0.6271,1.0
H001,standard,2026-04-08,2,False,summer,False,,0.45,IPL Home Fixtures,0.5576,1.0
H001,deluxe,2026-04-08,2,False,summer,False,,0.45,IPL Home Fixtures,0.5576,1.0
H001,premium,2026-04-08,2,False,summer,False,,0.45,IPL Home Fixtures,0.5576,1.0
H001,suite,2026-04-08,2,False,summer,False,,0.45,IPL Home Fixtures,0.5576,0.9682
H001,standard,2026-04-09,3,False,summer,False,,0.45,IPL Home Fixtures,0.6053,1.0
H001,deluxe,2026-04-09,3,False,summer,False,,0.45,IPL Home Fixtures,0.6053,1.0
H001,premium,2026-04-09,3,False,summer,False,,0.45,IPL Home Fixtures,0.6053,1.0
H001,suite,2026-04-09,3,False,summer,False,,0.45,IPL Home Fixtures,0.6053,1.0
H001,standard,2026-04-10,4,False,summer,False,,0.45,IPL Home Fixtures,0.6151,0.863
H001,deluxe,2026-04-10,4,False,summer,False,,0.45,IPL Home Fixtures,0.6151,0.8497
H001,premium,2026-04-10,4,False,summer,False,,0.45,IPL Home Fixtures,0.6151,0.8276
H001,suite,2026-04-10,4,False,summer,False,,0.45,IPL Home Fixtures,0.6151,0.7877
H001,standard,2026-04-11,5,True,summer,False,,0.45,IPL Home Fixtures,0.6712,0.5909
H001,deluxe,2026-04-11,5,True,summer,False,,0.45,IPL Home Fixtures,0.6712,0.5818
H001,premium,2026-04-11,5,True,summer,False,,0.45,IPL Home Fixtures,0.6712,0.5666
H001,suite,2026-04-11,5,True,summer,False,,0.45,IPL Home Fixtures,0.6712,0.5393
H001,standard,2026-04-12,6,True,summer,False,,0.45,IPL Home Fixtures,0.5102,1.0
H001,deluxe,2026-04-12,6,True,summer,False,,0.45,IPL Home Fixtures,0.5102,1.0
H001,premium,2026-04-12,6,True,summer,False,,0.45,IPL Home Fixtures,0.5102,1.0
H001,suite,2026-04-12,6,True,summer,False,,0.45,IPL Home Fixtures,0.5102,1.0
H001,standard,2026-04-13,0,False,summer,False,,0.45,IPL Home Fixtures,0.7571,1.0
H001,deluxe,2026-04-13,0,False,summer,False,,0.45,IPL Home Fixtures,0.7571,1.0
H001,premium,2026-04-13,0,False,summer,False,,0.45,IPL Home Fixtures,0.7571,1.0
H001,suite,2026-04-13,0,False,summer,False,,0.45,IPL Home Fixtures,0.7571,1.0
H001,standard,2026-04-14,1,False,summer,True,Ambedkar Jayanti,0.45,IPL Home Fixtures,0.5994,1.0
H001,deluxe,2026-04-14,1,False,summer,True,Ambedkar Jayanti,0.45,IPL Home Fixtures,0.5994,1.0
H001,premium,2026-04-14,1,False,summer,True,Ambedkar Jayanti,0.45,IPL Home Fixtures,0.5994,1.0
H001,suite,2026-04-14,1,False,summer,True,Ambedkar Jayanti,0.45,IPL Home Fixtures,0.5994,1.0
H001,standard,2026-04-15,2,False,summer,False,,0.45,IPL Home Fixtures,0.5646,1.0
H001,deluxe,2026-04-15,2,False,summer,False,,0.45,IPL Home Fixtures,0.5646,1.0
H001,premium,2026-04-15,2,False,summer,False,,0.45,IPL Home Fixtures,0.5646,1.0
H001,suite,2026-04-15,2,False,summer,False,,0.45,IPL Home Fixtures,0.5646,1.0
H001,standard,2026-04-16,3,False,summer,False,,0.45,IPL Home Fixtures,0.6014,0.9362
H001,deluxe,2026-04-16,3,False,summer,False,,0.45,IPL Home Fixtures,0.6014,0.9217
H001,premium,2026-04-16,3,False,summer,False,,0.45,IPL Home Fixtures,0.6014,0.8977
H001,suite,2026-04-16,3,False,summer,False,,0.45,IPL Home Fixtures,0.6014,0.8544
H001,standard,2026-04-17,4,False,summer,False,,0.45,IPL Home Fixtures,0.6609,1.0
H001,deluxe,2026-04-17,4,False,summer,False,,0.45,IPL Home Fixtures,0.6609,1.0
H001,premium,2026-04-17,4,False,summer,False,,0.45,IPL Home Fixtures,0.6609,1.0
H001,suite,2026-04-17,4,False,summer,False,,0.45,IPL Home Fixtures,0.6609,1.0
H001,standard,2026-04-18,5,True,summer,False,,0.45,IPL Home Fixtures,0.6372,0.7287
H001,deluxe,2026-04-18,5,True,summer,False,,0.45,IPL Home Fixtures,0.6372,0.7175
H001,premium,2026-04-18,5,True,summer,False,,0.45,IPL Home Fixtures,0.6372,0.6988
H001,suite,2026-04-18,5,True,summer,False,,0.45,IPL Home Fixtures,0.6372,0.6651
H001,standard,2026-04-19,6,True,summer,False,,0.45,IPL Home Fixtures,0.5586,0.6175
H001,deluxe,2026-04-19,6,True,summer,False,,0.45,IPL Home Fixtures,0.5586,0.608
H001,premium,2026-04-19,6,True,summer,False,,0.45,IPL Home Fixtures,0.5586,0.5921
H001,suite,2026-04-19,6,True,summer,False,,0.45,IPL Home Fixtures,0.5586,0.5636
H001,standard,2026-04-20,0,False,summer,False,,0.45,IPL Home Fixtures,0.6699,1.0
H001,deluxe,2026-04-20,0,False,summer,False,,0.45,IPL Home Fixtures,0.6699,1.0
H001,premium,2026-04-20,0,False,summer,False,,0.45,IPL Home Fixtures,0.6699,1.0
H001,suite,2026-04-20,0,False,summer,False,,0.45,IPL Home Fixtures,0.6699,1.0
H001,standard,2026-04-21,1,False,summer,False,,0.45,IPL Home Fixtures,0.5702,0.9769
H001,deluxe,2026-04-21,1,False,summer,False,,0.45,IPL Home Fixtures,0.5702,0.9619
H001,premium,2026-04-21,1,False,summer,False,,0.45,IPL Home Fixtures,0.5702,0.9368
H001,suite,2026-04-21,1,False,summer,False,,0.45,IPL Home Fixtures,0.5702,0.8916
H001,standard,2026-04-22,2,False,summer,False,,0.45,IPL Home Fixtures,0.6456,1.0
H001,deluxe,2026-04-22,2,False,summer,False,,0.45,IPL Home Fixtures,0.6456,1.0
H001,premium,2026-04-22,2,False,summer,False,,0.45,IPL Home Fixtures,0.6456,1.0
H001,suite,2026-04-22,2,False,summer,False,,0.45,IPL Home Fixtures,0.6456,1.0
H001,standard,2026-04-23,3,False,summer,False,,0.45,IPL Home Fixtures,0.6578,1.0
H001,deluxe,2026-04-23,3,False,summer,False,,0.45,IPL Home Fixtures,0.6578,1.0
H001,premium,2026-04-23,3,False,summer,False,,0.45,IPL Home Fixtures,0.6578,1.0
H001,suite,2026-04-23,3,False,summer,False,,0.45,IPL Home Fixtures,0.6578,1.0
H001,standard,2026-04-24,4,False,summer,False,,0.45,IPL Home Fixtures,0.4488,1.0
H001,deluxe,2026-04-24,4,False,summer,False,,0.45,IPL Home Fixtures,0.4488,1.0
H001,premium,2026-04-24,4,False,summer,False,,0.45,IPL Home Fixtures,0.4488,1.0
H001,suite,2026-04-24,4,False,summer,False,,0.45,IPL Home Fixtures,0.4488,1.0
H001,standard,2026-04-25,5,True,summer,False,,0.45,IPL Home Fixtures,0.7346,0.6885
H001,deluxe,2026-04-25,5,True,summer,False,,0.45,IPL Home Fixtures,0.7346,0.6779
H001,premium,2026-04-25,5,True,summer,False,,0.45,IPL Home Fixtures,0.7346,0.6602
H001,suite,2026-04-25,5,True,summer,False,,0.45,IPL Home Fixtures,0.7346,0.6284
H001,standard,2026-04-26,6,True,summer,False,,0.45,IPL Home Fixtures,0.6312,1.0
H001,deluxe,2026-04-26,6,True,summer,False,,0.45,IPL Home Fixtures,0.6312,1.0
H001,premium,2026-04-26,6,True,summer,False,,0.45,IPL Home Fixtures,0.6312,1.0
H001,suite,2026-04-26,6,True,summer,False,,0.45,IPL Home Fixtures,0.6312,0.973
H001,standard,2026-04-27,0,False,summer,False,,0.45,IPL Home Fixtures,0.605,1.0
H001,deluxe,2026-04-27,0,False,summer,False,,0.45,IPL Home Fixtures,0.605,1.0
H001,premium,2026-04-27,0,False,summer,False,,0.45,IPL Home Fixtures,0.605,1.0
H001,suite,2026-04-27,0,False,summer,False,,0.45,IPL Home Fixtures,0.605,1.0
H001,standard,2026-04-28,1,False,summer,False,,0.45,IPL Home Fixtures,0.6288,1.0
H001,deluxe,2026-04-28,1,False,summer,False,,0.45,IPL Home Fixtures,0.6288,0.985
H001,premium,2026-04-28,1,False,summer,False,,0.45,IPL Home Fixtures,0.6288,0.9593
H001,suite,2026-04-28,1,False,summer,False,,0.45,IPL Home Fixtures,0.6288,0.913
H001,standard,2026-04-29,2,False,summer,False,,0.45,IPL Home Fixtures,0.6031,1.0
H001,deluxe,2026-04-29,2,False,summer,False,,0.45,IPL Home Fixtures,0.6031,1.0
H001,premium,2026-04-29,2,False,summer,False,,0.45,IPL Home Fixtures,0.6031,1.0
H001,suite,2026-04-29,2,False,summer,False,,0.45,IPL Home Fixtures,0.6031,1.0
H001,standard,2026-04-30,3,False,summer,False,,0.45,IPL Home Fixtures,0.6213,0.9725
H001,deluxe,2026-04-30,3,False,summer,False,,0.45,IPL Home Fixtures,0.6213,0.9575
H001,premium,2026-04-30,3,False,summer,False,,0.45,IPL Home Fixtures,0.6213,0.9325
H001,suite,2026-04-30,3,False,summer,False,,0.45,IPL Home Fixtures,0.6213,0.8876
H001,standard,2026-05-01,4,False,summer,True,Buddha Purnima,0.45,IPL Home Fixtures,0.6389,0.8201
H001,deluxe,2026-05-01,4,False,summer,True,Buddha Purnima,0.45,IPL Home Fixtures,0.6389,0.8074
H001,premium,2026-05-01,4,False,summer,True,Buddha Purnima,0.45,IPL Home Fixtures,0.6389,0.7864
H001,suite,2026-05-01,4,False,summer,True,Buddha Purnima,0.45,IPL Home Fixtures,0.6389,0.7484
H001,standard,2026-05-02,5,True,summer,False,,0.45,IPL Home Fixtures,0.6796,0.3858
H001,deluxe,2026-05-02,5,True,summer,False,,0.45,IPL Home Fixtures,0.6796,0.3798
H001,premium,2026-05-02,5,True,summer,False,,0.45,IPL Home Fixtures,0.6796,0.3699
H001,suite,2026-05-02,5,True,summer,False,,0.45,IPL Home Fixtures,0.6796,0.3521
H001,standard,2026-05-03,6,True,summer,False,,0.45,IPL Home Fixtures,0.6208,0.6109
H001,deluxe,2026-05-03,6,True,summer,False,,0.45,IPL Home Fixtures,0.6208,0.6014
H001,premium,2026-05-03,6,True,summer,False,,0.45,IPL Home Fixtures,0.6208,0.5858
H001,suite,2026-05-03,6,True,summer,False,,0.45,IPL Home Fixtures,0.6208,0.5575
H001,standard,2026-05-04,0,False,summer,False,,0.45,IPL Home Fixtures,0.5934,1.0
H001,deluxe,2026-05-04,0,False,summer,False,,0.45,IPL Home Fixtures,0.5934,1.0
H001,premium,2026-05-04,0,False,summer,False,,0.45,IPL Home Fixtures,0.5934,1.0
H001,suite,2026-05-04,0,False,summer,False,,0.45,IPL Home Fixtures,0.5934,1.0
H001,standard,2026-05-05,1,False,summer,False,,0.45,IPL Home Fixtures,0.6232,1.0
H001,deluxe,2026-05-05,1,False,summer,False,,0.45,IPL Home Fixtures,0.6232,1.0
H001,premium,2026-05-05,1,False,summer,False,,0.45,IPL Home Fixtures,0.6232,1.0
H001,suite,2026-05-05,1,False,summer,False,,0.45,IPL Home Fixtures,0.6232,1.0
H001,standard,2026-05-06,2,False,summer,False,,0.45,IPL Home Fixtures,0.5137,1.0
H001,deluxe,2026-05-06,2,False,summer,False,,0.45,IPL Home Fixtures,0.5137,1.0
H001,premium,2026-05-06,2,False,summer,False,,0.45,IPL Home Fixtures,0.5137,1.0
H001,suite,2026-05-06,2,False,summer,False,,0.45,IPL Home Fixtures,0.5137,1.0
H001,standard,2026-05-07,3,False,summer,False,,0.45,IPL Home Fixtures,0.6671,1.0
H001,deluxe,2026-05-07,3,False,summer,False,,0.45,IPL Home Fixtures,0.6671,1.0
H001,premium,2026-05-07,3,False,summer,False,,0.45,IPL Home Fixtures,0.6671,1.0
H001,suite,2026-05-07,3,False,summer,False,,0.45,IPL Home Fixtures,0.6671,1.0
H001,standard,2026-05-08,4,False,summer,False,,0.45,IPL Home Fixtures,0.4809,1.0
H001,deluxe,2026-05-08,4,False,summer,False,,0.45,IPL Home Fixtures,0.4809,1.0
H001,premium,2026-05-08,4,False,summer,False,,0.45,IPL Home Fixtures,0.4809,1.0
H001,suite,2026-05-08,4,False,summer,False,,0.45,IPL Home Fixtures,0.4809,1.0
H001,standard,2026-05-09,5,True,summer,False,,0.45,IPL Home Fixtures,0.7241,0.9025
H001,deluxe,2026-05-09,5,True,summer,False,,0.45,IPL Home Fixtures,0.7241,0.8886
H001,premium,2026-05-09,5,True,summer,False,,0.45,IPL Home Fixtures,0.7241,0.8654
H001,suite,2026-05-09,5,True,summer,False,,0.45,IPL Home Fixtures,0.7241,0.8237
H001,standard,2026-05-10,6,True,summer,False,,0.45,IPL Home Fixtures,0.5863,0.5164
H001,deluxe,2026-05-10,6,True,summer,False,,0.45,IPL Home Fixtures,0.5863,0.5084
H001,premium,2026-05-10,6,True,summer,False,,0.45,IPL Home Fixtures,0.5863,0.4952
H001,suite,2026-05-10,6,True,summer,False,,0.45,IPL Home Fixtures,0.5863,0.4713
H001,standard,2026-05-11,0,False,summer,False,,0.45,IPL Home Fixtures,0.5622,1.0
H001,deluxe,2026-05-11,0,False,summer,False,,0.45,IPL Home Fixtures,0.5622,1.0
H001,premium,2026-05-11,0,False,summer,False,,0.45,IPL Home Fixtures,0.5622,1.0
H001,suite,2026-05-11,0,False,summer,False,,0.45,IPL Home Fixtures,0.5622,1.0
H001,standard,2026-05-12,1,False,summer,False,,0.45,IPL Home Fixtures,0.5994,1.0
H001,deluxe,2026-05-12,1,False,summer,False,,0.45,IPL Home Fixtures,0.5994,1.0
H001,premium,2026-05-12,1,False,summer,False,,0.45,IPL Home Fixtures,0.5994,0.9796
H001,suite,2026-05-12,1,False,summer,False,,0.45,IPL Home Fixtures,0.5994,0.9323
H001,standard,2026-05-13,2,False,summer,False,,0.45,IPL Home Fixtures,0.5047,1.0
H001,deluxe,2026-05-13,2,False,summer,False,,0.45,IPL Home Fixtures,0.5047,1.0
H001,premium,2026-05-13,2,False,summer,False,,0.45,IPL Home Fixtures,0.5047,1.0
H001,suite,2026-05-13,2,False,summer,False,,0.45,IPL Home Fixtures,0.5047,1.0
H001,standard,2026-05-14,3,False,summer,False,,0.45,IPL Home Fixtures,0.7019,1.0
H001,deluxe,2026-05-14,3,False,summer,False,,0.45,IPL Home Fixtures,0.7019,1.0
H001,premium,2026-05-14,3,False,summer,False,,0.45,IPL Home Fixtures,0.7019,1.0
H001,suite,2026-05-14,3,False,summer,False,,0.45,IPL Home Fixtures,0.7019,1.0
H001,standard,2026-05-15,4,False,summer,False,,0.45,IPL Home Fixtures,0.6735,1.0
H001,deluxe,2026-05-15,4,False,summer,False,,0.45,IPL Home Fixtures,0.6735,1.0
H001,premium,2026-05-15,4,False,summer,False,,0.45,IPL Home Fixtures,0.6735,1.0
H001,suite,2026-05-15,4,False,summer,False,,0.45,IPL Home Fixtures,0.6735,1.0
H001,standard,2026-05-16,5,True,summer,False,,0.45,IPL Home Fixtures,0.7327,0.6182
H001,deluxe,2026-05-16,5,True,summer,False,,0.45,IPL Home Fixtures,0.7327,0.6087
H001,premium,2026-05-16,5,True,summer,False,,0.45,IPL Home Fixtures,0.7327,0.5928
H001,suite,2026-05-16,5,True,summer,False,,0.45,IPL Home Fixtures,0.7327,0.5642
H001,standard,2026-05-17,6,True,summer,False,,0.45,IPL Home Fixtures,0.6327,0.918
H001,deluxe,2026-05-17,6,True,summer,False,,0.45,IPL Home Fixtures,0.6327,0.9039
H001,premium,2026-05-17,6,True,summer,False,,0.45,IPL Home Fixtures,0.6327,0.8803
H001,suite,2026-05-17,6,True,summer,False,,0.45,IPL Home Fixtures,0.6327,0.8379
H001,standard,2026-05-18,0,False,summer,False,,0.45,IPL Home Fixtures,0.6621,0.9275
H001,deluxe,2026-05-18,0,False,summer,False,,0.45,IPL Home Fixtures,0.6621,0.9132
H001,premium,2026-05-18,0,False,summer,False,,0.45,IPL Home Fixtures,0.6621,0.8894
H001,suite,2026-05-18,0,False,summer,False,,0.45,IPL Home Fixtures,0.6621,0.8465
H001,standard,2026-05-19,1,False,summer,False,,0.45,IPL Home Fixtures,0.5559,1.0
H001,deluxe,2026-05-19,1,False,summer,False,,0.45,IPL Home Fixtures,0.5559,1.0
H001,premium,2026-05-19,1,False,summer,False,,0.45,IPL Home Fixtures,0.5559,1.0
H001,suite,2026-05-19,1,False,summer,False,,0.45,IPL Home Fixtures,0.5559,1.0
H001,standard,2026-05-20,2,False,summer,False,,0.45,IPL Home Fixtures,0.6254,1.0
H001,deluxe,2026-05-20,2,False,summer,False,,0.45,IPL Home Fixtures,0.6254,1.0
H001,premium,2026-05-20,2,False,summer,False,,0.45,IPL Home Fixtures,0.6254,1.0
H001,suite,2026-05-20,2,False,summer,False,,0.45,IPL Home Fixtures,0.6254,1.0
H001,standard,2026-05-21,3,False,summer,False,,0.0,,0.5838,1.0
H001,deluxe,2026-05-21,3,False,summer,False,,0.0,,0.5838,1.0
H001,premium,2026-05-21,3,False,summer,False,,0.0,,0.5838,1.0
H001,suite,2026-05-21,3,False,summer,False,,0.0,,0.5838,1.0
H001,standard,2026-05-22,4,False,summer,False,,0.0,,0.5638,0.6897
H001,deluxe,2026-05-22,4,False,summer,False,,0.0,,0.5638,0.6791
H001,premium,2026-05-22,4,False,summer,False,,0.0,,0.5638,0.6614
H001,suite,2026-05-22,4,False,summer,False,,0.0,,0.5638,0.6295
H001,standard,2026-05-23,5,True,summer,False,,0.0,,0.5785,0.6075
H001,deluxe,2026-05-23,5,True,summer,False,,0.0,,0.5785,0.5981
H001,premium,2026-05-23,5,True,summer,False,,0.0,,0.5785,0.5825
H001,suite,2026-05-23,5,True,summer,False,,0.0,,0.5785,0.5544
H001,standard,2026-05-24,6,True,summer,False,,0.0,,0.5989,0.4728
H001,deluxe,2026-05-24,6,True,summer,False,,0.0,,0.5989,0.4655
H001,premium,2026-05-24,6,True,summer,False,,0.0,,0.5989,0.4534
H001,suite,2026-05-24,6,True,summer,False,,0.0,,0.5989,0.4315
H001,standard,2026-05-25,0,False,summer,False,,0.0,,0.6606,0.8674
H001,deluxe,2026-05-25,0,False,summer,False,,0.0,,0.6606,0.854
H001,premium,2026-05-25,0,False,summer,False,,0.0,,0.6606,0.8317
H001,suite,2026-05-25,0,False,summer,False,,0.0,,0.6606,0.7916
H001,standard,2026-05-26,1,False,summer,False,,0.0,,0.6124,1.0
H001,deluxe,2026-05-26,1,False,summer,False,,0.0,,0.6124,1.0
H001,premium,2026-05-26,1,False,summer,False,,0.0,,0.6124,1.0
H001,suite,2026-05-26,1,False,summer,False,,0.0,,0.6124,1.0
H001,standard,2026-05-27,2,False,summer,True,Bakrid,0.0,,0.5428,1.0
H001,deluxe,2026-05-27,2,False,summer,True,Bakrid,0.0,,0.5428,0.995
H001,premium,2026-05-27,2,False,summer,True,Bakrid,0.0,,0.5428,0.969
H001,suite,2026-05-27,2,False,summer,True,Bakrid,0.0,,0.5428,0.9223
H001,standard,2026-05-28,3,False,summer,False,,0.0,,0.6024,0.8135
H001,deluxe,2026-05-28,3,False,summer,False,,0.0,,0.6024,0.801
H001,premium,2026-05-28,3,False,summer,False,,0.0,,0.6024,0.7801
H001,suite,2026-05-28,3,False,summer,False,,0.0,,0.6024,0.7425
H001,standard,2026-05-29,4,False,summer,False,,0.0,,0.6827,1.0
H001,deluxe,2026-05-29,4,False,summer,False,,0.0,,0.6827,1.0
H001,premium,2026-05-29,4,False,summer,False,,0.0,,0.6827,1.0
H001,suite,2026-05-29,4,False,summer,False,,0.0,,0.6827,1.0
H001,standard,2026-05-30,5,True,summer,False,,0.0,,0.5886,0.6957
H001,deluxe,2026-05-30,5,True,summer,False,,0.0,,0.5886,0.6849
H001,premium,2026-05-30,5,True,summer,False,,0.0,,0.5886,0.6671
H001,suite,2026-05-30,5,True,summer,False,,0.0,,0.5886,0.6349
H001,standard,2026-05-31,6,True,summer,False,,0.0,,0.5412,0.669
H001,deluxe,2026-05-31,6,True,summer,False,,0.0,,0.5412,0.6587
H001,premium,2026-05-31,6,True,summer,False,,0.0,,0.5412,0.6415
H001,suite,2026-05-31,6,True,summer,False,,0.0,,0.5412,0.6106
H001,standard,2026-06-01,0,False,monsoon,False,,0.0,,0.3638,0.6968
H001,deluxe,2026-06-01,0,False,monsoon,False,,0.0,,0.3638,0.6861
H001,premium,2026-06-01,0,False,monsoon,False,,0.0,,0.3638,0.6682
H001,suite,2026-06-01,0,False,monsoon,False,,0.0,,0.3638,0.636
H001,standard,2026-06-02,1,False,monsoon,False,,0.0,,0.3716,0.7828
H001,deluxe,2026-06-02,1,False,monsoon,False,,0.0,,0.3716,0.7707
H001,premium,2026-06-02,1,False,monsoon,False,,0.0,,0.3716,0.7506
H001,suite,2026-06-02,1,False,monsoon,False,,0.0,,0.3716,0.7144
H001,standard,2026-06-03,2,False,monsoon,False,,0.0,,0.3422,1.0
H001,deluxe,2026-06-03,2,False,monsoon,False,,0.0,,0.3422,1.0
H001,premium,2026-06-03,2,False,monsoon,False,,0.0,,0.3422,1.0
H001,suite,2026-06-03,2,False,monsoon,False,,0.0,,0.3422,1.0
H001,standard,2026-06-04,3,False,monsoon,False,,0.0,,0.322,0.8557
H001,deluxe,2026-06-04,3,False,monsoon,False,,0.0,,0.322,0.8425
H001,premium,2026-06-04,3,False,monsoon,False,,0.0,,0.322,0.8205
H001,suite,2026-06-04,3,False,monsoon,False,,0.0,,0.322,0.781
H001,standard,2026-06-05,4,False,monsoon,False,,0.0,,0.2941,0.5659
H001,deluxe,2026-06-05,4,False,monsoon,False,,0.0,,0.2941,0.5572
H001,premium,2026-06-05,4,False,monsoon,False,,0.0,,0.2941,0.5426
H001,suite,2026-06-05,4,False,monsoon,False,,0.0,,0.2941,0.5165
H001,standard,2026-06-06,5,True,monsoon,False,,0.0,,0.439,0.7358
H001,deluxe,2026-06-06,5,True,monsoon,False,,0.0,,0.439,0.7245
H001,premium,2026-06-06,5,True,monsoon,False,,0.0,,0.439,0.7056
H001,suite,2026-06-06,5,True,monsoon,False,,0.0,,0.439,0.6716
H001,standard,2026-06-07,6,True,monsoon,False,,0.0,,0.3959,0.6193
H001,deluxe,2026-06-07,6,True,monsoon,False,,0.0,,0.3959,0.6097
H001,premium,2026-06-07,6,True,monsoon,False,,0.0,,0.3959,0.5938
H001,suite,2026-06-07,6,True,monsoon,False,,0.0,,0.3959,0.5652
H001,standard,2026-06-08,0,False,monsoon,False,,0.0,,0.2629,0.8915
H001,deluxe,2026-06-08,0,False,monsoon,False,,0.0,,0.2629,0.8778
H001,premium,2026-06-08,0,False,monsoon,False,,0.0,,0.2629,0.8549
H001,suite,2026-06-08,0,False,monsoon,False,,0.0,,0.2629,0.8137
H001,standard,2026-06-09,1,False,monsoon,False,,0.0,,0.2823,0.8017
H001,deluxe,2026-06-09,1,False,monsoon,False,,0.0,,0.2823,0.7894
H001,premium,2026-06-09,1,False,monsoon,False,,0.0,,0.2823,0.7688
H001,suite,2026-06-09,1,False,monsoon,False,,0.0,,0.2823,0.7317
H001,standard,2026-06-10,2,False,monsoon,False,,0.0,,0.4027,0.8512
H001,deluxe,2026-06-10,2,False,monsoon,False,,0.0,,0.4027,0.8381
H001,premium,2026-06-10,2,False,monsoon,False,,0.0,,0.4027,0.8163
H001,suite,2026-06-10,2,False,monsoon,False,,0.0,,0.4027,0.7769
H001,standard,2026-06-11,3,False,monsoon,False,,0.0,,0.362,0.952
H001,deluxe,2026-06-11,3,False,monsoon,False,,0.0,,0.362,0.9374
H001,premium,2026-06-11,3,False,monsoon,False,,0.0,,0.362,0.9129
H001,suite,2026-06-11,3,False,monsoon,False,,0.0,,0.362,0.8689
H001,standard,2026-06-12,4,False,monsoon,False,,0.0,,0.3177,0.4311
H001,deluxe,2026-06-12,4,False,monsoon,False,,0.0,,0.3177,0.4245
H001,premium,2026-06-12,4,False,monsoon,False,,0.0,,0.3177,0.4134
H001,suite,2026-06-12,4,False,monsoon,False,,0.0,,0.3177,0.3935
H001,standard,2026-06-13,5,True,monsoon,False,,0.0,,0.3345,0.3985
H001,deluxe,2026-06-13,5,True,monsoon,False,,0.0,,0.3345,0.3924
H001,premium,2026-06-13,5,True,monsoon,False,,0.0,,0.3345,0.3821
H001,suite,2026-06-13,5,True,monsoon,False,,0.0,,0.3345,0.3637
H001,standard,2026-06-14,6,True,monsoon,False,,0.0,,0.391,0.9536
H001,deluxe,2026-06-14,6,True,monsoon,False,,0.0,,0.391,0.9389
H001,premium,2026-06-14,6,True,monsoon,False,,0.0,,0.391,0.9144
H001,suite,2026-06-14,6,True,monsoon,False,,0.0,,0.391,0.8703
H001,standard,2026-06-15,0,False,monsoon,False,,0.0,,0.2056,0.789
H001,deluxe,2026-06-15,0,False,monsoon,False,,0.0,,0.2056,0.7768
H001,premium,2026-06-15,0,False,monsoon,False,,0.0,,0.2056,0.7566
H001,suite,2026-06-15,0,False,monsoon,False,,0.0,,0.2056,0.7201
H001,standard,2026-06-16,1,False,monsoon,False,,0.0,,0.4037,0.9558
H001,deluxe,2026-06-16,1,False,monsoon,False,,0.0,,0.4037,0.941
H001,premium,2026-06-16,1,False,monsoon,False,,0.0,,0.4037,0.9165
H001,suite,2026-06-16,1,False,monsoon,False,,0.0,,0.4037,0.8723
H001,standard,2026-06-17,2,False,monsoon,False,,0.0,,0.2851,0.7909
H001,deluxe,2026-06-17,2,False,monsoon,False,,0.0,,0.2851,0.7787
H001,premium,2026-06-17,2,False,monsoon,False,,0.0,,0.2851,0.7584
H001,suite,2026-06-17,2,False,monsoon,False,,0.0,,0.2851,0.7218
H001,standard,2026-06-18,3,False,monsoon,False,,0.0,,0.2855,0.595
H001,deluxe,2026-06-18,3,False,monsoon,False,,0.0,,0.2855,0.5858
H001,premium,2026-06-18,3,False,monsoon,False,,0.0,,0.2855,0.5705
H001,suite,2026-06-18,3,False,monsoon,False,,0.0,,0.2855,0.543
H001,standard,2026-06-19,4,False,monsoon,False,,0.0,,0.3825,0.7674
H001,deluxe,2026-06-19,4,False,monsoon,False,,0.0,,0.3825,0.7555
H001,premium,2026-06-19,4,False,monsoon,False,,0.0,,0.3825,0.7358
H001,suite,2026-06-19,4,False,monsoon,False,,0.0,,0.3825,0.7004
H001,standard,2026-06-20,5,True,monsoon,False,,0.0,,0.3525,0.9776
H001,deluxe,2026-06-20,5,True,monsoon,False,,0.0,,0.3525,0.9625
H001,premium,2026-06-20,5,True,monsoon,False,,0.0,,0.3525,0.9374
H001,suite,2026-06-20,5,True,monsoon,False,,0.0,,0.3525,0.8922
H001,standard,2026-06-21,6,True,monsoon,False,,0.0,,0.3218,0.5808
H001,deluxe,2026-06-21,6,True,monsoon,False,,0.0,,0.3218,0.5719
H001,premium,2026-06-21,6,True,monsoon,False,,0.0,,0.3218,0.557
H001,suite,2026-06-21,6,True,monsoon,False,,0.0,,0.3218,0.5301
H001,standard,2026-06-22,0,False,monsoon,False,,0.0,,0.3914,1.0
H001,deluxe,2026-06-22,0,False,monsoon,False,,0.0,,0.3914,1.0
H001,premium,2026-06-22,0,False,monsoon,False,,0.0,,0.3914,0.9913
H001,suite,2026-06-22,0,False,monsoon,False,,0.0,,0.3914,0.9435
H001,standard,2026-06-23,1,False,monsoon,False,,0.0,,0.2889,0.6585
H001,deluxe,2026-06-23,1,False,monsoon,False,,0.0,,0.2889,0.6484
H001,premium,2026-06-23,1,False,monsoon,False,,0.0,,0.2889,0.6315
H001,suite,2026-06-23,1,False,monsoon,False,,0.0,,0.2889,0.601
H001,standard,2026-06-24,2,False,monsoon,False,,0.0,,0.4405,0.8336
H001,deluxe,2026-06-24,2,False,monsoon,False,,0.0,,0.4405,0.8208
H001,premium,2026-06-24,2,False,monsoon,False,,0.0,,0.4405,0.7993
H001,suite,2026-06-24,2,False,monsoon,False,,0.0,,0.4405,0.7608
H001,standard,2026-06-25,3,False,monsoon,False,,0.0,,0.4164,1.0
H001,deluxe,2026-06-25,3,False,monsoon,False,,0.0,,0.4164,1.0
H001,premium,2026-06-25,3,False,monsoon,False,,0.0,,0.4164,1.0
H001,suite,2026-06-25,3,False,monsoon,False,,0.0,,0.4164,1.0
H001,standard,2026-06-26,4,False,monsoon,False,,0.0,,0.3864,0.7551
H001,deluxe,2026-06-26,4,False,monsoon,False,,0.0,,0.3864,0.7435
H001,premium,2026-06-26,4,False,monsoon,False,,0.0,,0.3864,0.7241
H001,suite,2026-06-26,4,False,monsoon,False,,0.0,,0.3864,0.6892
H001,standard,2026-06-27,5,True,monsoon,False,,0.0,,0.3496,0.574
H001,deluxe,2026-06-27,5,True,monsoon,False,,0.0,,0.3496,0.5651
H001,premium,2026-06-27,5,True,monsoon,False,,0.0,,0.3496,0.5504
H001,suite,2026-06-27,5,True,monsoon,False,,0.0,,0.3496,0.5238
H001,standard,2026-06-28,6,True,monsoon,False,,0.0,,0.4731,0.6202
H001,deluxe,2026-06-28,6,True,monsoon,False,,0.0,,0.4731,0.6107
H001,premium,2026-06-28,6,True,monsoon,False,,0.0,,0.4731,0.5947
H001,suite,2026-06-28,6,True,monsoon,False,,0.0,,0.4731,0.566
H001,standard,2026-06-29,0,False,monsoon,False,,0.0,,0.3841,1.0
H001,deluxe,2026-06-29,0,False,monsoon,False,,0.0,,0.3841,1.0
H001,premium,2026-06-29,0,False,monsoon,False,,0.0,,0.3841,1.0
H001,suite,2026-06-29,0,False,monsoon,False,,0.0,,0.3841,0.9924
H001,standard,2026-06-30,1,False,monsoon,False,,0.0,,0.4997,1.0
H001,deluxe,2026-06-30,1,False,monsoon,False,,0.0,,0.4997,1.0
H001,premium,2026-06-30,1,False,monsoon,False,,0.0,,0.4997,1.0
H001,suite,2026-06-30,1,False,monsoon,False,,0.0,,0.4997,1.0
H001,standard,2026-07-01,2,False,monsoon,False,,0.0,,0.3658,1.0
H001,deluxe,2026-07-01,2,False,monsoon,False,,0.0,,0.3658,1.0
H001,premium,2026-07-01,2,False,monsoon,False,,0.0,,0.3658,1.0
H001,suite,2026-07-01,2,False,monsoon,False,,0.0,,0.3658,1.0
H001,standard,2026-07-02,3,False,monsoon,False,,0.0,,0.4642,1.0
H001,deluxe,2026-07-02,3,False,monsoon,False,,0.0,,0.4642,1.0
H001,premium,2026-07-02,3,False,monsoon,False,,0.0,,0.4642,0.9937
H001,suite,2026-07-02,3,False,monsoon,False,,0.0,,0.4642,0.9458
H001,standard,2026-07-03,4,False,monsoon,False,,0.0,,0.296,0.991
H001,deluxe,2026-07-03,4,False,monsoon,False,,0.0,,0.296,0.9758
H001,premium,2026-07-03,4,False,monsoon,False,,0.0,,0.296,0.9503
H001,suite,2026-07-03,4,False,monsoon,False,,0.0,,0.296,0.9045
H001,standard,2026-07-04,5,True,monsoon,False,,0.0,,0.3425,0.3928
H001,deluxe,2026-07-04,5,True,monsoon,False,,0.0,,0.3425,0.3867
H001,premium,2026-07-04,5,True,monsoon,False,,0.0,,0.3425,0.3767
H001,suite,2026-07-04,5,True,monsoon,False,,0.0,,0.3425,0.3585
H001,standard,2026-07-05,6,True,monsoon,False,,0.0,,0.4532,0.5519
H001,deluxe,2026-07-05,6,True,monsoon,False,,0.0,,0.4532,0.5434
H001,premium,2026-07-05,6,True,monsoon,False,,0.0,,0.4532,0.5292
H001,suite,2026-07-05,6,True,monsoon,False,,0.0,,0.4532,0.5037
H001,standard,2026-07-06,0,False,monsoon,False,,0.0,,0.2537,1.0
H001,deluxe,2026-07-06,0,False,monsoon,False,,0.0,,0.2537,1.0
H001,premium,2026-07-06,0,False,monsoon,False,,0.0,,0.2537,1.0
H001,suite,2026-07-06,0,False,monsoon,False,,0.0,,0.2537,0.9526
H001,standard,2026-07-07,1,False,monsoon,False,,0.0,,0.407,0.655
H001,deluxe,2026-07-07,1,False,monsoon,False,,0.0,,0.407,0.6449
H001,premium,2026-07-07,1,False,monsoon,False,,0.0,,0.407,0.6281
H001,suite,2026-07-07,1,False,monsoon,False,,0.0,,0.407,0.5978
H001,standard,2026-07-08,2,False,monsoon,False,,0.0,,0.2777,0.736
H001,deluxe,2026-07-08,2,False,monsoon,False,,0.0,,0.2777,0.7246
H001,premium,2026-07-08,2,False,monsoon,False,,0.0,,0.2777,0.7057
H001,suite,2026-07-08,2,False,monsoon,False,,0.0,,0.2777,0.6717
H001,standard,2026-07-09,3,False,monsoon,False,,0.0,,0.4886,0.7201
H001,deluxe,2026-07-09,3,False,monsoon,False,,0.0,,0.4886,0.709
H001,premium,2026-07-09,3,False,monsoon,False,,0.0,,0.4886,0.6905
H001,suite,2026-07-09,3,False,monsoon,False,,0.0,,0.4886,0.6572
H001,standard,2026-07-10,4,False,monsoon,False,,0.0,,0.3261,0.7529
H001,deluxe,2026-07-10,4,False,monsoon,False,,0.0,,0.3261,0.7413
H001,premium,2026-07-10,4,False,monsoon,False,,0.0,,0.3261,0.722
H001,suite,2026-07-10,4,False,monsoon,False,,0.0,,0.3261,0.6871
H001,standard,2026-07-11,5,True,monsoon,False,,0.0,,0.293,0.7286
H001,deluxe,2026-07-11,5,True,monsoon,False,,0.0,,0.293,0.7174
H001,premium,2026-07-11,5,True,monsoon,False,,0.0,,0.293,0.6987
H001,suite,2026-07-11,5,True,monsoon,False,,0.0,,0.293,0.665
H001,standard,2026-07-12,6,True,monsoon,False,,0.0,,0.4077,0.7504
H001,deluxe,2026-07-12,6,True,monsoon,False,,0.0,,0.4077,0.7389
H001,premium,2026-07-12,6,True,monsoon,False,,0.0,,0.4077,0.7196
H001,suite,2026-07-12,6,True,monsoon,False,,0.0,,0.4077,0.6849
H001,standard,2026-07-13,0,False,monsoon,False,,0.0,,0.3701,0.5398
H001,deluxe,2026-07-13,0,False,monsoon,False,,0.0,,0.3701,0.5315
H001,premium,2026-07-13,0,False,monsoon,False,,0.0,,0.3701,0.5177
H001,suite,2026-07-13,0,False,monsoon,False,,0.0,,0.3701,0.4927
H001,standard,2026-07-14,1,False,monsoon,False,,0.0,,0.4087,0.9095
H001,deluxe,2026-07-14,1,False,monsoon,False,,0.0,,0.4087,0.8955
H001,premium,2026-07-14,1,False,monsoon,False,,0.0,,0.4087,0.8721
H001,suite,2026-07-14,1,False,monsoon,False,,0.0,,0.4087,0.8301
H001,standard,2026-07-15,2,False,monsoon,False,,0.0,,0.4324,0.6146
H001,deluxe,2026-07-15,2,False,monsoon,False,,0.0,,0.4324,0.6051
H001,premium,2026-07-15,2,False,monsoon,False,,0.0,,0.4324,0.5893
H001,suite,2026-07-15,2,False,monsoon,False,,0.0,,0.4324,0.5609
H001,standard,2026-07-16,3,False,monsoon,False,,0.0,,0.322,0.831
H001,deluxe,2026-07-16,3,False,monsoon,False,,0.0,,0.322,0.8182
H001,premium,2026-07-16,3,False,monsoon,False,,0.0,,0.322,0.7969
H001,suite,2026-07-16,3,False,monsoon,False,,0.0,,0.322,0.7585
H001,standard,2026-07-17,4,False,monsoon,False,,0.0,,0.3797,0.5604
H001,deluxe,2026-07-17,4,False,monsoon,False,,0.0,,0.3797,0.5518
H001,premium,2026-07-17,4,False,monsoon,False,,0.0,,0.3797,0.5374
H001,suite,2026-07-17,4,False,monsoon,False,,0.0,,0.3797,0.5115
H001,standard,2026-07-18,5,True,monsoon,False,,0.0,,0.3588,0.6584
H001,deluxe,2026-07-18,5,True,monsoon,False,,0.0,,0.3588,0.6483
H001,premium,2026-07-18,5,True,monsoon,False,,0.0,,0.3588,0.6313
H001,suite,2026-07-18,5,True,monsoon,False,,0.0,,0.3588,0.6009
H001,standard,2026-07-19,6,True,monsoon,False,,0.0,,0.2767,0.7308
H001,deluxe,2026-07-19,6,True,monsoon,False,,0.0,,0.2767,0.7196
H001,premium,2026-07-19,6,True,monsoon,False,,0.0,,0.2767,0.7008
H001,suite,2026-07-19,6,True,monsoon,False,,0.0,,0.2767,0.667
H001,standard,2026-07-20,0,False,monsoon,False,,0.0,,0.3292,0.8079
H001,deluxe,2026-07-20,0,False,monsoon,False,,0.0,,0.3292,0.7955
H001,premium,2026-07-20,0,False,monsoon,False,,0.0,,0.3292,0.7747
H001,suite,2026-07-20,0,False,monsoon,False,,0.0,,0.3292,0.7374
H001,standard,2026-07-21,1,False,monsoon,False,,0.0,,0.4183,1.0
H001,deluxe,2026-07-21,1,False,monsoon,False,,0.0,,0.4183,1.0
H001,premium,2026-07-21,1,False,monsoon,False,,0.0,,0.4183,1.0
H001,suite,2026-07-21,1,False,monsoon,False,,0.0,,0.4183,1.0
H001,standard,2026-07-22,2,False,monsoon,False,,0.0,,0.3604,0.809
H001,deluxe,2026-07-22,2,False,monsoon,False,,0.0,,0.3604,0.7965
H001,premium,2026-07-22,2,False,monsoon,False,,0.0,,0.3604,0.7757
H001,suite,2026-07-22,2,False,monsoon,False,,0.0,,0.3604,0.7383
H001,standard,2026-07-23,3,False,monsoon,False,,0.0,,0.3491,0.7787
H001,deluxe,2026-07-23,3,False,monsoon,False,,0.0,,0.3491,0.7667
H001,premium,2026-07-23,3,False,monsoon,False,,0.0,,0.3491,0.7467
H001,suite,2026-07-23,3,False,monsoon,False,,0.0,,0.3491,0.7107
H001,standard,2026-07-24,4,False,monsoon,False,,0.0,,0.3686,0.7444
H001,deluxe,2026-07-24,4,False,monsoon,False,,0.0,,0.3686,0.7329
H001,premium,2026-07-24,4,False,monsoon,False,,0.0,,0.3686,0.7138
H001,suite,2026-07-24,4,False,monsoon,False,,0.0,,0.3686,0.6794
H001,standard,2026-07-25,5,True,monsoon,False,,0.0,,0.4017,0.3206
H001,deluxe,2026-07-25,5,True,monsoon,False,,0.0,,0.4017,0.3157
H001,premium,2026-07-25,5,True,monsoon,False,,0.0,,0.4017,0.3074
H001,suite,2026-07-25,5,True,monsoon,False,,0.0,,0.4017,0.2926
H001,standard,2026-07-26,6,True,monsoon,False,,0.0,,0.3205,0.6132
H001,deluxe,2026-07-26,6,True,monsoon,False,,0.0,,0.3205,0.6038
H001,premium,2026-07-26,6,True,monsoon,False,,0.0,,0.3205,0.588
H001,suite,2026-07-26,6,True,monsoon,False,,0.0,,0.3205,0.5597
H001,standard,2026-07-27,0,False,monsoon,False,,0.0,,0.2508,0.8794
H001,deluxe,2026-07-27,0,False,monsoon,False,,0.0,,0.2508,0.8658
H001,premium,2026-07-27,0,False,monsoon,False,,0.0,,0.2508,0.8432
H001,suite,2026-07-27,0,False,monsoon,False,,0.0,,0.2508,0.8026
H001,standard,2026-07-28,1,False,monsoon,False,,0.0,,0.4481,0.9726
H001,deluxe,2026-07-28,1,False,monsoon,False,,0.0,,0.4481,0.9576
H001,premium,2026-07-28,1,False,monsoon,False,,0.0,,0.4481,0.9326
H001,suite,2026-07-28,1,False,monsoon,False,,0.0,,0.4481,0.8877
H001,standard,2026-07-29,2,False,monsoon,False,,0.0,,0.4006,0.7552
H001,deluxe,2026-07-29,2,False,monsoon,False,,0.0,,0.4006,0.7436
H001,premium,2026-07-29,2,False,monsoon,False,,0.0,,0.4006,0.7242
H001,suite,2026-07-29,2,False,monsoon,False,,0.0,,0.4006,0.6893
H001,standard,2026-07-30,3,False,monsoon,False,,0.0,,0.4362,0.7939
H001,deluxe,2026-07-30,3,False,monsoon,False,,0.0,,0.4362,0.7817
H001,premium,2026-07-30,3,False,monsoon,False,,0.0,,0.4362,0.7613
H001,suite,2026-07-30,3,False,monsoon,False,,0.0,,0.4362,0.7246
H001,standard,2026-07-31,4,False,monsoon,False,,0.0,,0.3938,0.2942
H001,deluxe,2026-07-31,4,False,monsoon,False,,0.0,,0.3938,0.2897
H001,premium,2026-07-31,4,False,monsoon,False,,0.0,,0.3938,0.2821
H001,suite,2026-07-31,4,False,monsoon,False,,0.0,,0.3938,0.2685
H001,standard,2026-08-01,5,True,monsoon,False,,0.0,,0.331,0.6534
H001,deluxe,2026-08-01,5,True,monsoon,False,,0.0,,0.331,0.6433
H001,premium,2026-08-01,5,True,monsoon,False,,0.0,,0.331,0.6265
H001,suite,2026-08-01,5,True,monsoon,False,,0.0,,0.331,0.5963
H001,standard,2026-08-02,6,True,monsoon,False,,0.0,,0.3652,0.8269
H001,deluxe,2026-08-02,6,True,monsoon,False,,0.0,,0.3652,0.8142
H001,premium,2026-08-02,6,True,monsoon,False,,0.0,,0.3652,0.793
H001,suite,2026-08-02,6,True,monsoon,False,,0.0,,0.3652,0.7547
H001,standard,2026-08-03,0,False,monsoon,False,,0.0,,0.3004,0.394
H001,deluxe,2026-08-03,0,False,monsoon,False,,0.0,,0.3004,0.3879
H001,premium,2026-08-03,0,False,monsoon,False,,0.0,,0.3004,0.3778
H001,suite,2026-08-03,0,False,monsoon,False,,0.0,,0.3004,0.3596
H001,standard,2026-08-04,1,False,monsoon,False,,0.0,,0.3066,0.9305
H001,deluxe,2026-08-04,1,False,monsoon,False,,0.0,,0.3066,0.9162
H001,premium,2026-08-04,1,False,monsoon,False,,0.0,,0.3066,0.8923
H001,suite,2026-08-04,1,False,monsoon,False,,0.0,,0.3066,0.8493
H001,standard,2026-08-05,2,False,monsoon,False,,0.0,,0.3035,1.0
H001,deluxe,2026-08-05,2,False,monsoon,False,,0.0,,0.3035,1.0
H001,premium,2026-08-05,2,False,monsoon,False,,0.0,,0.3035,1.0
H001,suite,2026-08-05,2,False,monsoon,False,,0.0,,0.3035,1.0
H001,standard,2026-08-06,3,False,monsoon,False,,0.0,,0.5166,0.7346
H001,deluxe,2026-08-06,3,False,monsoon,False,,0.0,,0.5166,0.7232
H001,premium,2026-08-06,3,False,monsoon,False,,0.0,,0.5166,0.7044
H001,suite,2026-08-06,3,False,monsoon,False,,0.0,,0.5166,0.6704
H001,standard,2026-08-07,4,False,monsoon,False,,0.0,,0.3215,0.7396
H001,deluxe,2026-08-07,4,False,monsoon,False,,0.0,,0.3215,0.7282
H001,premium,2026-08-07,4,False,monsoon,False,,0.0,,0.3215,0.7092
H001,suite,2026-08-07,4,False,monsoon,False,,0.0,,0.3215,0.675
H001,standard,2026-08-08,5,True,monsoon,False,,0.0,,0.3549,0.4454
H001,deluxe,2026-08-08,5,True,monsoon,False,,0.0,,0.3549,0.4385
H001,premium,2026-08-08,5,True,monsoon,False,,0.0,,0.3549,0.4271
H001,suite,2026-08-08,5,True,monsoon,False,,0.0,,0.3549,0.4065
H001,standard,2026-08-09,6,True,monsoon,False,,0.0,,0.4682,0.4042
H001,deluxe,2026-08-09,6,True,monsoon,False,,0.0,,0.4682,0.398
H001,premium,2026-08-09,6,True,monsoon,False,,0.0,,0.4682,0.3876
H001,suite,2026-08-09,6,True,monsoon,False,,0.0,,0.4682,0.3689
H001,standard,2026-08-10,0,False,monsoon,False,,0.0,,0.3651,0.7094
H001,deluxe,2026-08-10,0,False,monsoon,False,,0.0,,0.3651,0.6985
H001,premium,2026-08-10,0,False,monsoon,False,,0.0,,0.3651,0.6803
H001,suite,2026-08-10,0,False,monsoon,False,,0.0,,0.3651,0.6475
H001,standard,2026-08-11,1,False,monsoon,False,,0.0,,0.3716,1.0
H001,deluxe,2026-08-11,1,False,monsoon,False,,0.0,,0.3716,1.0
H001,premium,2026-08-11,1,False,monsoon,False,,0.0,,0.3716,1.0
H001,suite,2026-08-11,1,False,monsoon,False,,0.0,,0.3716,1.0
H001,standard,2026-08-12,2,False,monsoon,False,,0.0,,0.3358,1.0
H001,deluxe,2026-08-12,2,False,monsoon,False,,0.0,,0.3358,1.0
H001,premium,2026-08-12,2,False,monsoon,False,,0.0,,0.3358,1.0
H001,suite,2026-08-12,2,False,monsoon,False,,0.0,,0.3358,0.9566
H001,standard,2026-08-13,3,False,monsoon,False,,0.0,,0.2452,1.0
H001,deluxe,2026-08-13,3,False,monsoon,False,,0.0,,0.2452,1.0
H001,premium,2026-08-13,3,False,monsoon,False,,0.0,,0.2452,1.0
H001,suite,2026-08-13,3,False,monsoon,False,,0.0,,0.2452,1.0
H001,standard,2026-08-14,4,False,monsoon,False,,0.0,,0.3867,0.7236
H001,deluxe,2026-08-14,4,False,monsoon,False,,0.0,,0.3867,0.7124
H001,premium,2026-08-14,4,False,monsoon,False,,0.0,,0.3867,0.6938
H001,suite,2026-08-14,4,False,monsoon,False,,0.0,,0.3867,0.6604
H001,standard,2026-08-15,5,True,monsoon,True,Independence Day,0.0,,0.2114,0.4045
H001,deluxe,2026-08-15,5,True,monsoon,True,Independence Day,0.0,,0.2114,0.3982
H001,premium,2026-08-15,5,True,monsoon,True,Independence Day,0.0,,0.2114,0.3879
H001,suite,2026-08-15,5,True,monsoon,True,Independence Day,0.0,,0.2114,0.3692
H001,standard,2026-08-16,6,True,monsoon,False,,0.0,,0.3774,0.9429
H001,deluxe,2026-08-16,6,True,monsoon,False,,0.0,,0.3774,0.9284
H001,premium,2026-08-16,6,True,monsoon,False,,0.0,,0.3774,0.9042
H001,suite,2026-08-16,6,True,monsoon,False,,0.0,,0.3774,0.8606
H001,standard,2026-08-17,0,False,monsoon,False,,0.0,,0.3316,0.9555
H001,deluxe,2026-08-17,0,False,monsoon,False,,0.0,,0.3316,0.9408
H001,premium,2026-08-17,0,False,monsoon,False,,0.0,,0.3316,0.9163
H001,suite,2026-08-17,0,False,monsoon,False,,0.0,,0.3316,0.8721
H001,standard,2026-08-18,1,False,monsoon,False,,0.0,,0.3843,1.0
H001,deluxe,2026-08-18,1,False,monsoon,False,,0.0,,0.3843,1.0
H001,premium,2026-08-18,1,False,monsoon,False,,0.0,,0.3843,0.9787
H001,suite,2026-08-18,1,False,monsoon,False,,0.0,,0.3843,0.9315
H001,standard,2026-08-19,2,False,monsoon,False,,0.0,,0.4127,1.0
H001,deluxe,2026-08-19,2,False,monsoon,False,,0.0,,0.4127,1.0
H001,premium,2026-08-19,2,False,monsoon,False,,0.0,,0.4127,0.9747
H001,suite,2026-08-19,2,False,monsoon,False,,0.0,,0.4127,0.9277
H001,standard,2026-08-20,3,False,monsoon,False,,0.0,,0.3868,1.0
H001,deluxe,2026-08-20,3,False,monsoon,False,,0.0,,0.3868,1.0
H001,premium,2026-08-20,3,False,monsoon,False,,0.0,,0.3868,1.0
H001,suite,2026-08-20,3,False,monsoon,False,,0.0,,0.3868,1.0
H001,standard,2026-08-21,4,False,monsoon,False,,0.0,,0.4086,1.0
H001,deluxe,2026-08-21,4,False,monsoon,False,,0.0,,0.4086,1.0
H001,premium,2026-08-21,4,False,monsoon,False,,0.0,,0.4086,1.0
H001,suite,2026-08-21,4,False,monsoon,False,,0.0,,0.4086,1.0
H001,standard,2026-08-22,5,True,monsoon,False,,0.0,,0.3162,0.5061
H001,deluxe,2026-08-22,5,True,monsoon,False,,0.0,,0.3162,0.4983
H001,premium,2026-08-22,5,True,monsoon,False,,0.0,,0.3162,0.4853
H001,suite,2026-08-22,5,True,monsoon,False,,0.0,,0.3162,0.4619
H001,standard,2026-08-23,6,True,monsoon,False,,0.0,,0.2352,0.4851
H001,deluxe,2026-08-23,6,True,monsoon,False,,0.0,,0.2352,0.4776
H001,premium,2026-08-23,6,True,monsoon,False,,0.0,,0.2352,0.4651
H001,suite,2026-08-23,6,True,monsoon,False,,0.0,,0.2352,0.4427
H001,standard,2026-08-24,0,False,monsoon,False,,0.0,,0.2495,0.5059
H001,deluxe,2026-08-24,0,False,monsoon,False,,0.0,,0.2495,0.4981
H001,premium,2026-08-24,0,False,monsoon,False,,0.0,,0.2495,0.4851
H001,suite,2026-08-24,0,False,monsoon,False,,0.0,,0.2495,0.4617
H002,standard,2025-08-25,0,False,monsoon,False,,0.0,,0.3819,1.0
H002,deluxe,2025-08-25,0,False,monsoon,False,,0.0,,0.3819,1.0
H002,premium,2025-08-25,0,False,monsoon,False,,0.0,,0.3819,0.9835
H002,suite,2025-08-25,0,False,monsoon,False,,0.0,,0.3819,0.9361
H002,standard,2025-08-26,1,False,monsoon,False,,0.0,,0.2848,0.607
H002,deluxe,2025-08-26,1,False,monsoon,False,,0.0,,0.2848,0.5977
H002,premium,2025-08-26,1,False,monsoon,False,,0.0,,0.2848,0.5821
H002,suite,2025-08-26,1,False,monsoon,False,,0.0,,0.2848,0.554
H002,standard,2025-08-27,2,False,monsoon,True,Ganesh Chaturthi,0.0,,0.2334,0.9585
H002,deluxe,2025-08-27,2,False,monsoon,True,Ganesh Chaturthi,0.0,,0.2334,0.9437
H002,premium,2025-08-27,2,False,monsoon,True,Ganesh Chaturthi,0.0,,0.2334,0.9191
H002,suite,2025-08-27,2,False,monsoon,True,Ganesh Chaturthi,0.0,,0.2334,0.8748
H002,standard,2025-08-28,3,False,monsoon,False,,0.0,,0.3003,0.6481
H002,deluxe,2025-08-28,3,False,monsoon,False,,0.0,,0.3003,0.6381
H002,premium,2025-08-28,3,False,monsoon,False,,0.0,,0.3003,0.6215
H002,suite,2025-08-28,3,False,monsoon,False,,0.0,,0.3003,0.5915
H002,standard,2025-08-29,4,False,monsoon,False,,0.0,,0.221,0.7698
H002,deluxe,2025-08-29,4,False,monsoon,False,,0.0,,0.221,0.758
H002,premium,2025-08-29,4,False,monsoon,False,,0.0,,0.221,0.7382
H002,suite,2025-08-29,4,False,monsoon,False,,0.0,,0.221,0.7026
H002,standard,2025-08-30,5,True,monsoon,False,,0.0,,0.5507,0.4603
H002,deluxe,2025-08-30,5,True,monsoon,False,,0.0,,0.5507,0.4532
H002,premium,2025-08-30,5,True,monsoon,False,,0.0,,0.5507,0.4414
H002,suite,2025-08-30,5,True,monsoon,False,,0.0,,0.5507,0.4201
H002,standard,2025-08-31,6,True,monsoon,False,,0.0,,0.3882,0.4678
H002,deluxe,2025-08-31,6,True,monsoon,False,,0.0,,0.3882,0.4606
H002,premium,2025-08-31,6,True,monsoon,False,,0.0,,0.3882,0.4486
H002,suite,2025-08-31,6,True,monsoon,False,,0.0,,0.3882,0.4269
H002,standard,2025-09-01,0,False,monsoon,False,,0.0,,0.3472,0.6958
H002,deluxe,2025-09-01,0,False,monsoon,False,,0.0,,0.3472,0.6851
H002,premium,2025-09-01,0,False,monsoon,False,,0.0,,0.3472,0.6672
H002,suite,2025-09-01,0,False,monsoon,False,,0.0,,0.3472,0.635
H002,standard,2025-09-02,1,False,monsoon,False,,0.0,,0.3186,0.9342
H002,deluxe,2025-09-02,1,False,monsoon,False,,0.0,,0.3186,0.9198
H002,premium,2025-09-02,1,False,monsoon,False,,0.0,,0.3186,0.8958
H002,suite,2025-09-02,1,False,monsoon,False,,0.0,,0.3186,0.8526
H002,standard,2025-09-03,2,False,monsoon,False,,0.0,,0.3185,0.6701
H002,deluxe,2025-09-03,2,False,monsoon,False,,0.0,,0.3185,0.6598
H002,premium,2025-09-03,2,False,monsoon,False,,0.0,,0.3185,0.6425
H002,suite,2025-09-03,2,False,monsoon,False,,0.0,,0.3185,0.6116
H002,standard,2025-09-04,3,False,monsoon,False,,0.0,,0.4168,0.7687
H002,deluxe,2025-09-04,3,False,monsoon,False,,0.0,,0.4168,0.7568
H002,premium,2025-09-04,3,False,monsoon,False,,0.0,,0.4168,0.7371
H002,suite,2025-09-04,3,False,monsoon,False,,0.0,,0.4168,0.7015
H002,standard,2025-09-05,4,False,monsoon,False,,0.0,,0.3719,0.9272
H002,deluxe,2025-09-05,4,False,monsoon,False,,0.0,,0.3719,0.9129
H002,premium,2025-09-05,4,False,monsoon,False,,0.0,,0.3719,0.8891
H002,suite,2025-09-05,4,False,monsoon,False,,0.0,,0.3719,0.8462
H002,standard,2025-09-06,5,True,monsoon,False,,0.0,,0.2969,0.8745
H002,deluxe,2025-09-06,5,True,monsoon,False,,0.0,,0.2969,0.861
H002,premium,2025-09-06,5,True,monsoon,False,,0.0,,0.2969,0.8385
H002,suite,2025-09-06,5,True,monsoon,False,,0.0,,0.2969,0.7981
H002,standard,2025-09-07,6,True,monsoon,False,,0.0,,0.3329,0.8532
H002,deluxe,2025-09-07,6,True,monsoon,False,,0.0,,0.3329,0.8401
H002,premium,2025-09-07,6,True,monsoon,False,,0.0,,0.3329,0.8182
H002,suite,2025-09-07,6,True,monsoon,False,,0.0,,0.3329,0.7787
H002,standard,2025-09-08,0,False,monsoon,False,,0.0,,0.2656,0.8247
H002,deluxe,2025-09-08,0,False,monsoon,False,,0.0,,0.2656,0.812
H002,premium,2025-09-08,0,False,monsoon,False,,0.0,,0.2656,0.7908
H002,suite,2025-09-08,0,False,monsoon,False,,0.0,,0.2656,0.7527
H002,standard,2025-09-09,1,False,monsoon,False,,0.0,,0.3917,0.3302
H002,deluxe,2025-09-09,1,False,monsoon,False,,0.0,,0.3917,0.3251
H002,premium,2025-09-09,1,False,monsoon,False,,0.0,,0.3917,0.3166
H002,suite,2025-09-09,1,False,monsoon,False,,0.0,,0.3917,0.3014
H002,standard,2025-09-10,2,False,monsoon,False,,0.0,,0.4315,0.5908
H002,deluxe,2025-09-10,2,False,monsoon,False,,0.0,,0.4315,0.5817
H002,premium,2025-09-10,2,False,monsoon,False,,0.0,,0.4315,0.5665
H002,suite,2025-09-10,2,False,monsoon,False,,0.0,,0.4315,0.5392
H002,standard,2025-09-11,3,False,monsoon,False,,0.0,,0.2905,0.9137
H002,deluxe,2025-09-11,3,False,monsoon,False,,0.0,,0.2905,0.8996
H002,premium,2025-09-11,3,False,monsoon,False,,0.0,,0.2905,0.8762
H002,suite,2025-09-11,3,False,monsoon,False,,0.0,,0.2905,0.8339
H002,standard,2025-09-12,4,False,monsoon,False,,0.0,,0.1768,0.759
H002,deluxe,2025-09-12,4,False,monsoon,False,,0.0,,0.1768,0.7473
H002,premium,2025-09-12,4,False,monsoon,False,,0.0,,0.1768,0.7278
H002,suite,2025-09-12,4,False,monsoon,False,,0.0,,0.1768,0.6927
H002,standard,2025-09-13,5,True,monsoon,False,,0.0,,0.4626,0.8315
H002,deluxe,2025-09-13,5,True,monsoon,False,,0.0,,0.4626,0.8187
H002,premium,2025-09-13,5,True,monsoon,False,,0.0,,0.4626,0.7973
H002,suite,2025-09-13,5,True,monsoon,False,,0.0,,0.4626,0.7589
H002,standard,2025-09-14,6,True,monsoon,False,,0.0,,0.3386,0.7158
H002,deluxe,2025-09-14,6,True,monsoon,False,,0.0,,0.3386,0.7047
H002,premium,2025-09-14,6,True,monsoon,False,,0.0,,0.3386,0.6863
H002,suite,2025-09-14,6,True,monsoon,False,,0.0,,0.3386,0.6532
H002,standard,2025-09-15,0,False,monsoon,False,,0.0,,0.2188,0.3394
H002,deluxe,2025-09-15,0,False,monsoon,False,,0.0,,0.2188,0.3342
H002,premium,2025-09-15,0,False,monsoon,False,,0.0,,0.2188,0.3255
H002,suite,2025-09-15,0,False,monsoon,False,,0.0,,0.2188,0.3098
H002,standard,2025-09-16,1,False,monsoon,False,,0.0,,0.3572,0.9878
H002,deluxe,2025-09-16,1,False,monsoon,False,,0.0,,0.3572,0.9726
H002,premium,2025-09-16,1,False,monsoon,False,,0.0,,0.3572,0.9472
H002,suite,2025-09-16,1,False,monsoon,False,,0.0,,0.3572,0.9015
H002,standard,2025-09-17,2,False,monsoon,False,,0.0,,0.4479,0.8269
H002,deluxe,2025-09-17,2,False,monsoon,False,,0.0,,0.4479,0.8142
H002,premium,2025-09-17,2,False,monsoon,False,,0.0,,0.4479,0.793
H002,suite,2025-09-17,2,False,monsoon,False,,0.0,,0.4479,0.7547
H002,standard,2025-09-18,3,False,monsoon,False,,0.0,,0.3302,0.8823
H002,deluxe,2025-09-18,3,False,monsoon,False,,0.0,,0.3302,0.8687
H002,premium,2025-09-18,3,False,monsoon,False,,0.0,,0.3302,0.846
H002,suite,2025-09-18,3,False,monsoon,False,,0.0,,0.3302,0.8053
H002,standard,2025-09-19,4,False,monsoon,False,,0.0,,0.2995,0.816
H002,deluxe,2025-09-19,4,False,monsoon,False,,0.0,,0.2995,0.8034
H002,premium,2025-09-19,4,False,monsoon,False,,0.0,,0.2995,0.7824
H002,suite,2025-09-19,4,False,monsoon,False,,0.0,,0.2995,0.7447
H002,standard,2025-09-20,5,True,monsoon,False,,0.0,,0.3564,1.0
H002,deluxe,2025-09-20,5,True,monsoon,False,,0.0,,0.3564,1.0
H002,premium,2025-09-20,5,True,monsoon,False,,0.0,,0.3564,1.0
H002,suite,2025-09-20,5,True,monsoon,False,,0.0,,0.3564,0.9558
H002,standard,2025-09-21,6,True,monsoon,False,,0.0,,0.4128,0.6503
H002,deluxe,2025-09-21,6,True,monsoon,False,,0.0,,0.4128,0.6403
H002,premium,2025-09-21,6,True,monsoon,False,,0.0,,0.4128,0.6236
H002,suite,2025-09-21,6,True,monsoon,False,,0.0,,0.4128,0.5935
H002,standard,2025-09-22,0,False,monsoon,False,,0.0,,0.2775,0.6839
H002,deluxe,2025-09-22,0,False,monsoon,False,,0.0,,0.2775,0.6733
H002,premium,2025-09-22,0,False,monsoon,False,,0.0,,0.2775,0.6558
H002,suite,2025-09-22,0,False,monsoon,False,,0.0,,0.2775,0.6241
H002,standard,2025-09-23,1,False,monsoon,False,,0.0,,0.3495,0.6691
H002,deluxe,2025-09-23,1,False,monsoon,False,,0.0,,0.3495,0.6588
H002,premium,2025-09-23,1,False,monsoon,False,,0.0,,0.3495,0.6416
H002,suite,2025-09-23,1,False,monsoon,False,,0.0,,0.3495,0.6107
H002,standard,2025-09-24,2,False,monsoon,False,,0.0,,0.2613,0.6783
H002,deluxe,2025-09-24,2,False,monsoon,False,,0.0,,0.2613,0.6678
H002,premium,2025-09-24,2,False,monsoon,False,,0.0,,0.2613,0.6504
H002,suite,2025-09-24,2,False,monsoon,False,,0.0,,0.2613,0.619
H002,standard,2025-09-25,3,False,monsoon,False,,0.0,,0.3067,0.6714
H002,deluxe,2025-09-25,3,False,monsoon,False,,0.0,,0.3067,0.661
H002,premium,2025-09-25,3,False,monsoon,False,,0.0,,0.3067,0.6438
H002,suite,2025-09-25,3,False,monsoon,False,,0.0,,0.3067,0.6127
H002,standard,2025-09-26,4,False,monsoon,False,,0.0,,0.3861,0.7465
H002,deluxe,2025-09-26,4,False,monsoon,False,,0.0,,0.3861,0.735
H002,premium,2025-09-26,4,False,monsoon,False,,0.0,,0.3861,0.7158
H002,suite,2025-09-26,4,False,monsoon,False,,0.0,,0.3861,0.6813
H002,standard,2025-09-27,5,True,monsoon,False,,0.0,,0.3576,0.7778
H002,deluxe,2025-09-27,5,True,monsoon,False,,0.0,,0.3576,0.7658
H002,premium,2025-09-27,5,True,monsoon,False,,0.0,,0.3576,0.7458
H002,suite,2025-09-27,5,True,monsoon,False,,0.0,,0.3576,0.7098
H002,standard,2025-09-28,6,True,monsoon,False,,0.0,,0.3862,0.7703
H002,deluxe,2025-09-28,6,True,monsoon,False,,0.0,,0.3862,0.7584
H002,premium,2025-09-28,6,True,monsoon,False,,0.0,,0.3862,0.7386
H002,suite,2025-09-28,6,True,monsoon,False,,0.0,,0.3862,0.703
H002,standard,2025-09-29,0,False,monsoon,False,,0.0,,0.2953,0.8
H002,deluxe,2025-09-29,0,False,monsoon,False,,0.0,,0.2953,0.7876
H002,premium,2025-09-29,0,False,monsoon,False,,0.0,,0.2953,0.7671
H002,suite,2025-09-29,0,False,monsoon,False,,0.0,,0.2953,0.7301
H002,standard,2025-09-30,1,False,monsoon,False,,0.0,,0.3351,0.9079
H002,deluxe,2025-09-30,1,False,monsoon,False,,0.0,,0.3351,0.8939
H002,premium,2025-09-30,1,False,monsoon,False,,0.0,,0.3351,0.8706
H002,suite,2025-09-30,1,False,monsoon,False,,0.0,,0.3351,0.8286
H002,standard,2025-10-01,2,False,autumn,False,,0.0,,0.7572,1.0
H002,deluxe,2025-10-01,2,False,autumn,False,,0.0,,0.7572,1.0
H002,premium,2025-10-01,2,False,autumn,False,,0.0,,0.7572,1.0
H002,suite,2025-10-01,2,False,autumn,False,,0.0,,0.7572,1.0
H002,standard,2025-10-02,3,False,autumn,True,Dussehra,0.0,,0.7694,1.0
H002,deluxe,2025-10-02,3,False,autumn,True,Dussehra,0.0,,0.7694,1.0
H002,premium,2025-10-02,3,False,autumn,True,Dussehra,0.0,,0.7694,1.0
H002,suite,2025-10-02,3,False,autumn,True,Dussehra,0.0,,0.7694,1.0
H002,standard,2025-10-03,4,False,autumn,False,,0.0,,0.7992,1.0
H002,deluxe,2025-10-03,4,False,autumn,False,,0.0,,0.7992,1.0
H002,premium,2025-10-03,4,False,autumn,False,,0.0,,0.7992,1.0
H002,suite,2025-10-03,4,False,autumn,False,,0.0,,0.7992,1.0
H002,standard,2025-10-04,5,True,autumn,False,,0.0,,0.7751,0.9982
H002,deluxe,2025-10-04,5,True,autumn,False,,0.0,,0.7751,0.9828
H002,premium,2025-10-04,5,True,autumn,False,,0.0,,0.7751,0.9572
H002,suite,2025-10-04,5,True,autumn,False,,0.0,,0.7751,0.911
H002,standard,2025-10-05,6,True,autumn,False,,0.0,,0.7482,1.0
H002,deluxe,2025-10-05,6,True,autumn,False,,0.0,,0.7482,1.0
H002,premium,2025-10-05,6,True,autumn,False,,0.0,,0.7482,1.0
H002,suite,2025-10-05,6,True,autumn,False,,0.0,,0.7482,1.0
H002,standard,2025-10-06,0,False,autumn,False,,0.0,,0.847,1.0
H002,deluxe,2025-10-06,0,False,autumn,False,,0.0,,0.847,1.0
H002,premium,2025-10-06,0,False,autumn,False,,0.0,,0.847,1.0
H002,suite,2025-10-06,0,False,autumn,False,,0.0,,0.847,1.0
H002,standard,2025-10-07,1,False,autumn,False,,0.0,,0.8372,0.7308
H002,deluxe,2025-10-07,1,False,autumn,False,,0.0,,0.8372,0.7196
H002,premium,2025-10-07,1,False,autumn,False,,0.0,,0.8372,0.7008
H002,suite,2025-10-07,1,False,autumn,False,,0.0,,0.8372,0.667
H002,standard,2025-10-08,2,False,autumn,False,,0.6,Lakme Fashion Week (autumn),0.8046,1.0
H002,deluxe,2025-10-08,2,False,autumn,False,,0.6,Lakme Fashion Week (autumn),0.8046,1.0
H002,premium,2025-10-08,2,False,autumn,False,,0.6,Lakme Fashion Week (autumn),0.8046,1.0
H002,suite,2025-10-08,2,False,autumn,False,,0.6,Lakme Fashion Week (autumn),0.8046,1.0
H002,standard,2025-10-09,3,False,autumn,False,,0.6,Lakme Fashion Week (autumn),0.7734,1.0
H002,deluxe,2025-10-09,3,False,autumn,False,,0.6,Lakme Fashion Week (autumn),0.7734,1.0
H002,premium,2025-10-09,3,False,autumn,False,,0.6,Lakme Fashion Week (autumn),0.7734,1.0
H002,suite,2025-10-09,3,False,autumn,False,,0.6,Lakme Fashion Week (autumn),0.7734,1.0
H002,standard,2025-10-10,4,False,autumn,False,,0.6,Lakme Fashion Week (autumn),0.8311,1.0
H002,deluxe,2025-10-10,4,False,autumn,False,,0.6,Lakme Fashion Week (autumn),0.8311,0.9846
H002,premium,2025-10-10,4,False,autumn,False,,0.6,Lakme Fashion Week (autumn),0.8311,0.9589
H002,suite,2025-10-10,4,False,autumn,False,,0.6,Lakme Fashion Week (autumn),0.8311,0.9127
H002,standard,2025-10-11,5,True,autumn,False,,0.6,Lakme Fashion Week (autumn),0.9316,1.0
H002,deluxe,2025-10-11,5,True,autumn,False,,0.6,Lakme Fashion Week (autumn),0.9316,1.0
H002,premium,2025-10-11,5,True,autumn,False,,0.6,Lakme Fashion Week (autumn),0.9316,1.0
H002,suite,2025-10-11,5,True,autumn,False,,0.6,Lakme Fashion Week (autumn),0.9316,1.0
H002,standard,2025-10-12,6,True,autumn,False,,0.6,Lakme Fashion Week (autumn),0.7637,1.0
H002,deluxe,2025-10-12,6,True,autumn,False,,0.6,Lakme Fashion Week (autumn),0.7637,1.0
H002,premium,2025-10-12,6,True,autumn,False,,0.6,Lakme Fashion Week (autumn),0.7637,1.0
H002,suite,2025-10-12,6,True,autumn,False,,0.6,Lakme Fashion Week (autumn),0.7637,1.0
H002,standard,2025-10-13,0,False,autumn,False,,0.0,,0.8345,0.4473
H002,deluxe,2025-10-13,0,False,autumn,False,,0.0,,0.8345,0.4404
H002,premium,2025-10-13,0,False,autumn,False,,0.0,,0.8345,0.429
H002,suite,2025-10-13,0,False,autumn,False,,0.0,,0.8345,0.4083
H002,standard,2025-10-14,1,False,autumn,False,,0.0,,0.6833,0.9054
H002,deluxe,2025-10-14,1,False,autumn,False,,0.0,,0.6833,0.8915
H002,premium,2025-10-14,1,False,autumn,False,,0.0,,0.6833,0.8682
H002,suite,2025-10-14,1,False,autumn,False,,0.0,,0.6833,0.8264
H002,standard,2025-10-15,2,False,autumn,False,,0.0,,0.7485,1.0
H002,deluxe,2025-10-15,2,False,autumn,False,,0.0,,0.7485,1.0
H002,premium,2025-10-15,2,False,autumn,False,,0.0,,0.7485,1.0
H002,suite,2025-10-15,2,False,autumn,False,,0.0,,0.7485,1.0
H002,standard,2025-10-16,3,False,autumn,False,,0.0,,0.8932,0.9012
H002,deluxe,2025-10-16,3,False,autumn,False,,0.0,,0.8932,0.8873
H002,premium,2025-10-16,3,False,autumn,False,,0.0,,0.8932,0.8642
H002,suite,2025-10-16,3,False,autumn,False,,0.0,,0.8932,0.8225
H002,standard,2025-10-17,4,False,autumn,False,,0.0,,0.809,1.0
H002,deluxe,2025-10-17,4,False,autumn,False,,0.0,,0.809,1.0
H002,premium,2025-10-17,4,False,autumn,False,,0.0,,0.809,0.9868
H002,suite,2025-10-17,4,False,autumn,False,,0.0,,0.809,0.9393
H002,standard,2025-10-18,5,True,autumn,False,,0.0,,0.8112,1.0
H002,deluxe,2025-10-18,5,True,autumn,False,,0.0,,0.8112,1.0
H002,premium,2025-10-18,5,True,autumn,False,,0.0,,0.8112,1.0
H002,suite,2025-10-18,5,True,autumn,False,,0.0,,0.8112,1.0
H002,standard,2025-10-19,6,True,autumn,False,,0.0,,0.6941,1.0
H002,deluxe,2025-10-19,6,True,autumn,False,,0.0,,0.6941,1.0
H002,premium,2025-10-19,6,True,autumn,False,,0.0,,0.6941,1.0
H002,suite,2025-10-19,6,True,autumn,False,,0.0,,0.6941,1.0
H002,standard,2025-10-20,0,False,autumn,True,Diwali,0.0,,0.7911,1.0
H002,deluxe,2025-10-20,0,False,autumn,True,Diwali,0.0,,0.7911,1.0
H002,premium,2025-10-20,0,False,autumn,True,Diwali,0.0,,0.7911,1.0
H002,suite,2025-10-20,0,False,autumn,True,Diwali,0.0,,0.7911,1.0
H002,standard,2025-10-21,1,False,autumn,False,,0.0,,0.7995,0.6165
H002,deluxe,2025-10-21,1,False,autumn,False,,0.0,,0.7995,0.607
H002,premium,2025-10-21,1,False,autumn,False,,0.0,,0.7995,0.5911
H002,suite,2025-10-21,1,False,autumn,False,,0.0,,0.7995,0.5626
H002,standard,2025-10-22,2,False,autumn,False,,0.0,,0.8447,1.0
H002,deluxe,2025-10-22,2,False,autumn,False,,0.0,,0.8447,1.0
H002,premium,2025-10-22,2,False,autumn,False,,0.0,,0.8447,1.0
H002,suite,2025-10-22,2,False,autumn,False,,0.0,,0.8447,1.0
H002,standard,2025-10-23,3,False,autumn,False,,0.0,,0.7455,0.9552
H002,deluxe,2025-10-23,3,False,autumn,False,,0.0,,0.7455,0.9405
H002,premium,2025-10-23,3,False,autumn,False,,0.0,,0.7455,0.9159
H002,suite,2025-10-23,3,False,autumn,False,,0.0,,0.7455,0.8718
H002,standard,2025-10-24,4,False,autumn,False,,0.0,,0.8556,1.0
H002,deluxe,2025-10-24,4,False,autumn,False,,0.0,,0.8556,0.9874
H002,premium,2025-10-24,4,False,autumn,False,,0.0,,0.8556,0.9616
H002,suite,2025-10-24,4,False,autumn,False,,0.0,,0.8556,0.9153
H002,standard,2025-10-25,5,True,autumn,False,,0.0,,0.8199,1.0
H002,deluxe,2025-10-25,5,True,autumn,False,,0.0,,0.8199,1.0
H002,premium,2025-10-25,5,True,autumn,False,,0.0,,0.8199,1.0
H002,suite,2025-10-25,5,True,autumn,False,,0.0,,0.8199,1.0
H002,standard,2025-10-26,6,True,autumn,False,,0.0,,0.7286,0.8108
H002,deluxe,2025-10-26,6,True,autumn,False,,0.0,,0.7286,0.7983
H002,premium,2025-10-26,6,True,autumn,False,,0.0,,0.7286,0.7775
H002,suite,2025-10-26,6,True,autumn,False,,0.0,,0.7286,0.74
H002,standard,2025-10-27,0,False,autumn,False,,0.0,,0.791,1.0
H002,deluxe,2025-10-27,0,False,autumn,False,,0.0,,0.791,1.0
H002,premium,2025-10-27,0,False,autumn,False,,0.0,,0.791,1.0
H002,suite,2025-10-27,0,False,autumn,False,,0.0,,0.791,1.0
H002,standard,2025-10-28,1,False,autumn,False,,0.0,,0.7088,0.7223
H002,deluxe,2025-10-28,1,False,autumn,False,,0.0,,0.7088,0.7112
H002,premium,2025-10-28,1,False,autumn,False,,0.0,,0.7088,0.6926
H002,suite,2025-10-28,1,False,autumn,False,,0.0,,0.7088,0.6592
H002,standard,2025-10-29,2,False,autumn,False,,0.0,,0.762,0.9465
H002,deluxe,2025-10-29,2,False,autumn,False,,0.0,,0.762,0.932
H002,premium,2025-10-29,2,False,autumn,False,,0.0,,0.762,0.9076
H002,suite,2025-10-29,2,False,autumn,False,,0.0,,0.762,0.8639
H002,standard,2025-10-30,3,False,autumn,False,,0.0,,0.8547,0.757
H002,deluxe,2025-10-30,3,False,autumn,False,,0.0,,0.8547,0.7453
H002,premium,2025-10-30,3,False,autumn,False,,0.0,,0.8547,0.7259
H002,suite,2025-10-30,3,False,autumn,False,,0.0,,0.8547,0.6909
H002,standard,2025-10-31,4,False,autumn,False,,0.0,,0.7858,0.9638
H002,deluxe,2025-10-31,4,False,autumn,False,,0.0,,0.7858,0.949
H002,premium,2025-10-31,4,False,autumn,False,,0.0,,0.7858,0.9242
H002,suite,2025-10-31,4,False,autumn,False,,0.0,,0.7858,0.8797
H002,standard,2025-11-01,5,True,autumn,False,,0.0,,0.7441,0.7029
H002,deluxe,2025-11-01,5,True,autumn,False,,0.0,,0.7441,0.6921
H002,premium,2025-11-01,5,True,autumn,False,,0.0,,0.7441,0.674
H002,suite,2025-11-01,5,True,autumn,False,,0.0,,0.7441,0.6415
H002,standard,2025-11-02,6,True,autumn,False,,0.0,,0.7892,0.5958
H002,deluxe,2025-11-02,6,True,autumn,False,,0.0,,0.7892,0.5866
H002,premium,2025-11-02,6,True,autumn,False,,0.0,,0.7892,0.5713
H002,suite,2025-11-02,6,True,autumn,False,,0.0,,0.7892,0.5438
H002,standard,2025-11-03,0,False,autumn,False,,0.0,,0.8285,0.881
H002,deluxe,2025-11-03,0,False,autumn,False,,0.0,,0.8285,0.8674
H002,premium,2025-11-03,0,False,autumn,False,,0.0,,0.8285,0.8448
H002,suite,2025-11-03,0,False,autumn,False,,0.0,,0.8285,0.8041
H002,standard,2025-11-04,1,False,autumn,False,,0.0,,0.7772,1.0
H002,deluxe,2025-11-04,1,False,autumn,False,,0.0,,0.7772,1.0
H002,premium,2025-11-04,1,False,autumn,False,,0.0,,0.7772,1.0
H002,suite,2025-11-04,1,False,autumn,False,,0.0,,0.7772,1.0
H002,standard,2025-11-05,2,False,autumn,True,Guru Nanak Jayanti,0.0,,0.7447,1.0
H002,deluxe,2025-11-05,2,False,autumn,True,Guru Nanak Jayanti,0.0,,0.7447,1.0
H002,premium,2025-11-05,2,False,autumn,True,Guru Nanak Jayanti,0.0,,0.7447,1.0
H002,suite,2025-11-05,2,False,autumn,True,Guru Nanak Jayanti,0.0,,0.7447,1.0
H002,standard,2025-11-06,3,False,autumn,False,,0.0,,0.8407,0.9059
H002,deluxe,2025-11-06,3,False,autumn,False,,0.0,,0.8407,0.8919
H002,premium,2025-11-06,3,False,autumn,False,,0.0,,0.8407,0.8687
H002,suite,2025-11-06,3,False,autumn,False,,0.0,,0.8407,0.8268
H002,standard,2025-11-07,4,False,autumn,False,,0.0,,0.9293,1.0
H002,deluxe,2025-11-07,4,False,autumn,False,,0.0,,0.9293,1.0
H002,premium,2025-11-07,4,False,autumn,False,,0.0,,0.9293,1.0
H002,suite,2025-11-07,4,False,autumn,False,,0.0,,0.9293,0.9922
H002,standard,2025-11-08,5,True,autumn,False,,0.0,,0.7118,1.0
H002,deluxe,2025-11-08,5,True,autumn,False,,0.0,,0.7118,1.0
H002,premium,2025-11-08,5,True,autumn,False,,0.0,,0.7118,1.0
H002,suite,2025-11-08,5,True,autumn,False,,0.0,,0.7118,1.0
H002,standard,2025-11-09,6,True,autumn,False,,0.0,,0.8699,1.0
H002,deluxe,2025-11-09,6,True,autumn,False,,0.0,,0.8699,1.0
H002,premium,2025-11-09,6,True,autumn,False,,0.0,,0.8699,1.0
H002,suite,2025-11-09,6,True,autumn,False,,0.0,,0.8699,1.0
H002,standard,2025-11-10,0,False,autumn,False,,0.0,,0.8633,1.0
H002,deluxe,2025-11-10,0,False,autumn,False,,0.0,,0.8633,1.0
H002,premium,2025-11-10,0,False,autumn,False,,0.0,,0.8633,0.9974
H002,suite,2025-11-10,0,False,autumn,False,,0.0,,0.8633,0.9493
H002,standard,2025-11-11,1,False,autumn,False,,0.0,,0.7399,0.9898
H002,deluxe,2025-11-11,1,False,autumn,False,,0.0,,0.7399,0.9745
H002,premium,2025-11-11,1,False,autumn,False,,0.0,,0.7399,0.9491
H002,suite,2025-11-11,1,False,autumn,False,,0.0,,0.7399,0.9033
H002,standard,2025-11-12,2,False,autumn,False,,0.0,,0.8587,1.0
H002,deluxe,2025-11-12,2,False,autumn,False,,0.0,,0.8587,1.0
H002,premium,2025-11-12,2,False,autumn,False,,0.0,,0.8587,1.0
H002,suite,2025-11-12,2,False,autumn,False,,0.0,,0.8587,1.0
H002,standard,2025-11-13,3,False,autumn,False,,0.0,,0.9589,0.9351
H002,deluxe,2025-11-13,3,False,autumn,False,,0.0,,0.9589,0.9207
H002,premium,2025-11-13,3,False,autumn,False,,0.0,,0.9589,0.8967
H002,suite,2025-11-13,3,False,autumn,False,,0.0,,0.9589,0.8534
H002,standard,2025-11-14,4,False,autumn,False,,0.0,,0.6826,0.7608
H002,deluxe,2025-11-14,4,False,autumn,False,,0.0,,0.6826,0.7491
H002,premium,2025-11-14,4,False,autumn,False,,0.0,,0.6826,0.7296
H002,suite,2025-11-14,4,False,autumn,False,,0.0,,0.6826,0.6944
H002,standard,2025-11-15,5,True,autumn,False,,0.0,,0.9471,1.0
H002,deluxe,2025-11-15,5,True,autumn,False,,0.0,,0.9471,1.0
H002,premium,2025-11-15,5,True,autumn,False,,0.0,,0.9471,1.0
H002,suite,2025-11-15,5,True,autumn,False,,0.0,,0.9471,1.0
H002,standard,2025-11-16,6,True,autumn,False,,0.0,,0.8231,1.0
H002,deluxe,2025-11-16,6,True,autumn,False,,0.0,,0.8231,1.0
H002,premium,2025-11-16,6,True,autumn,False,,0.0,,0.8231,1.0
H002,suite,2025-11-16,6,True,autumn,False,,0.0,,0.8231,1.0
H002,standard,2025-11-17,0,False,autumn,False,,0.0,,0.9084,1.0
H002,deluxe,2025-11-17,0,False,autumn,False,,0.0,,0.9084,1.0
H002,premium,2025-11-17,0,False,autumn,False,,0.0,,0.9084,1.0
H002,suite,2025-11-17,0,False,autumn,False,,0.0,,0.9084,1.0
H002,standard,2025-11-18,1,False,autumn,False,,0.0,,0.7943,1.0
H002,deluxe,2025-11-18,1,False,autumn,False,,0.0,,0.7943,1.0
H002,premium,2025-11-18,1,False,autumn,False,,0.0,,0.7943,1.0
H002,suite,2025-11-18,1,False,autumn,False,,0.0,,0.7943,0.9876
H002,standard,2025-11-19,2,False,autumn,False,,0.0,,0.8131,0.8794
H002,deluxe,2025-11-19,2,False,autumn,False,,0.0,,0.8131,0.8658
H002,premium,2025-11-19,2,False,autumn,False,,0.0,,0.8131,0.8432
H002,suite,2025-11-19,2,False,autumn,False,,0.0,,0.8131,0.8026
H002,standard,2025-11-20,3,False,autumn,False,,0.0,,0.878,0.9888
H002,deluxe,2025-11-20,3,False,autumn,False,,0.0,,0.878,0.9736
H002,premium,2025-11-20,3,False,autumn,False,,0.0,,0.878,0.9482
H002,suite,2025-11-20,3,False,autumn,False,,0.0,,0.878,0.9025
H002,standard,2025-11-21,4,False,autumn,False,,0.0,,0.8505,1.0
H002,deluxe,2025-11-21,4,False,autumn,False,,0.0,,0.8505,1.0
H002,premium,2025-11-21,4,False,autumn,False,,0.0,,0.8505,1.0
H002,suite,2025-11-21,4,False,autumn,False,,0.0,,0.8505,1.0
H002,standard,2025-11-22,5,True,autumn,False,,0.0,,0.7501,1.0
H002,deluxe,2025-11-22,5,True,autumn,False,,0.0,,0.7501,0.9945
H002,premium,2025-11-22,5,True,autumn,False,,0.0,,0.7501,0.9686
H002,suite,2025-11-22,5,True,autumn,False,,0.0,,0.7501,0.9219
H002,standard,2025-11-23,6,True,autumn,False,,0.0,,0.8216,0.9143
H002,deluxe,2025-11-23,6,True,autumn,False,,0.0,,0.8216,0.9002
H002,premium,2025-11-23,6,True,autumn,False,,0.0,,0.8216,0.8767
H002,suite,2025-11-23,6,True,autumn,False,,0.0,,0.8216,0.8345
H002,standard,2025-11-24,0,False,autumn,False,,0.0,,0.8841,0.7277
H002,deluxe,2025-11-24,0,False,autumn,False,,0.0,,0.8841,0.7164
H002,premium,2025-11-24,0,False,autumn,False,,0.0,,0.8841,0.6978
H002,suite,2025-11-24,0,False,autumn,False,,0.0,,0.8841,0.6641
H002,standard,2025-11-25,1,False,autumn,False,,0.0,,0.8062,1.0
H002,deluxe,2025-11-25,1,False,autumn,False,,0.0,,0.8062,1.0
H002,premium,2025-11-25,1,False,autumn,False,,0.0,,0.8062,1.0
H002,suite,2025-11-25,1,False,autumn,False,,0.0,,0.8062,1.0
H002,standard,2025-11-26,2,False,autumn,False,,0.0,,0.8349,1.0
H002,deluxe,2025-11-26,2,False,autumn,False,,0.0,,0.8349,1.0
H002,premium,2025-11-26,2,False,autumn,False,,0.0,,0.8349,0.9815
H002,suite,2025-11-26,2,False,autumn,False,,0.0,,0.8349,0.9341
H002,standard,2025-11-27,3,False,autumn,False,,0.0,,0.6732,0.9057
H002,deluxe,2025-11-27,3,False,autumn,False,,0.0,,0.6732,0.8917
H002,premium,2025-11-27,3,False,autumn,False,,0.0,,0.6732,0.8684
H002,suite,2025-11-27,3,False,autumn,False,,0.0,,0.6732,0.8266
H002,standard,2025-11-28,4,False,autumn,False,,0.0,,0.6993,1.0
H002,deluxe,2025-11-28,4,False,autumn,False,,0.0,,0.6993,1.0
H002,premium,2025-11-28,4,False,autumn,False,,0.0,,0.6993,1.0
H002,suite,2025-11-28,4,False,autumn,False,,0.0,,0.6993,1.0
H002,standard,2025-11-29,5,True,autumn,False,,0.0,,0.7487,1.0
H002,deluxe,2025-11-29,5,True,autumn,False,,0.0,,0.7487,1.0
H002,premium,2025-11-29,5,True,autumn,False,,0.0,,0.7487,1.0
H002,suite,2025-11-29,5,True,autumn,False,,0.0,,0.7487,0.9721
H002,standard,2025-11-30,6,True,autumn,False,,0.0,,0.8043,0.6772
H002,deluxe,2025-11-30,6,True,autumn,False,,0.0,,0.8043,0.6668
H002,premium,2025-11-30,6,True,autumn,False,,0.0,,0.8043,0.6494
H002,suite,2025-11-30,6,True,autumn,False,,0.0,,0.8043,0.6181
H002,standard,2025-12-01,0,False,winter,False,,0.0,,0.9178,1.0
H002,deluxe,2025-12-01,0,False,winter,False,,0.0,,0.9178,1.0
H002,premium,2025-12-01,0,False,winter,False,,0.0,,0.9178,1.0
H002,suite,2025-12-01,0,False,winter,False,,0.0,,0.9178,1.0
H002,standard,2025-12-02,1,False,winter,False,,0.0,,0.8924,0.8338
H002,deluxe,2025-12-02,1,False,winter,False,,0.0,,0.8924,0.821
H002,premium,2025-12-02,1,False,winter,False,,0.0,,0.8924,0.7996
H002,suite,2025-12-02,1,False,winter,False,,0.0,,0.8924,0.761
H002,standard,2025-12-03,2,False,winter,False,,0.0,,0.9074,1.0
H002,deluxe,2025-12-03,2,False,winter,False,,0.0,,0.9074,0.9862
H002,premium,2025-12-03,2,False,winter,False,,0.0,,0.9074,0.9605
H002,suite,2025-12-03,2,False,winter,False,,0.0,,0.9074,0.9142
H002,standard,2025-12-04,3,False,winter,False,,0.0,,0.9929,0.8927
H002,deluxe,2025-12-04,3,False,winter,False,,0.0,,0.9929,0.8789
H002,premium,2025-12-04,3,False,winter,False,,0.0,,0.9929,0.856
H002,suite,2025-12-04,3,False,winter,False,,0.0,,0.9929,0.8147
H002,standard,2025-12-05,4,False,winter,False,,0.0,,0.9941,0.9532
H002,deluxe,2025-12-05,4,False,winter,False,,0.0,,0.9941,0.9385
H002,premium,2025-12-05,4,False,winter,False,,0.0,,0.9941,0.914
H002,suite,2025-12-05,4,False,winter,False,,0.0,,0.9941,0.87
H002,standard,2025-12-06,5,True,winter,False,,0.0,,0.8856,1.0
H002,deluxe,2025-12-06,5,True,winter,False,,0.0,,0.8856,1.0
H002,premium,2025-12-06,5,True,winter,False,,0.0,,0.8856,1.0
H002,suite,2025-12-06,5,True,winter,False,,0.0,,0.8856,1.0
H002,standard,2025-12-07,6,True,winter,False,,0.0,,0.8023,0.826
H002,deluxe,2025-12-07,6,True,winter,False,,0.0,,0.8023,0.8133
H002,premium,2025-12-07,6,True,winter,False,,0.0,,0.8023,0.7921
H002,suite,2025-12-07,6,True,winter,False,,0.0,,0.8023,0.7539
H002,standard,2025-12-08,0,False,winter,False,,0.0,,0.7956,1.0
H002,deluxe,2025-12-08,0,False,winter,False,,0.0,,0.7956,1.0
H002,premium,2025-12-08,0,False,winter,False,,0.0,,0.7956,1.0
H002,suite,2025-12-08,0,False,winter,False,,0.0,,0.7956,1.0
H002,standard,2025-12-09,1,False,winter,False,,0.0,,0.9083,0.7596
H002,deluxe,2025-12-09,1,False,winter,False,,0.0,,0.9083,0.7478
H002,premium,2025-12-09,1,False,winter,False,,0.0,,0.9083,0.7283
H002,suite,2025-12-09,1,False,winter,False,,0.0,,0.9083,0.6932
H002,standard,2025-12-10,2,False,winter,False,,0.0,,0.9011,0.7802
H002,deluxe,2025-12-10,2,False,winter,False,,0.0,,0.9011,0.7682
H002,premium,2025-12-10,2,False,winter,False,,0.0,,0.9011,0.7482
H002,suite,2025-12-10,2,False,winter,False,,0.0,,0.9011,0.7121
H002,standard,2025-12-11,3,False,winter,False,,0.0,,0.9728,1.0
H002,deluxe,2025-12-11,3,False,winter,False,,0.0,,0.9728,1.0
H002,premium,2025-12-11,3,False,winter,False,,0.0,,0.9728,1.0
H002,suite,2025-12-11,3,False,winter,False,,0.0,,0.9728,0.9584
H002,standard,2025-12-12,4,False,winter,False,,0.0,,0.8987,1.0
H002,deluxe,2025-12-12,4,False,winter,False,,0.0,,0.8987,1.0
H002,premium,2025-12-12,4,False,winter,False,,0.0,,0.8987,1.0
H002,suite,2025-12-12,4,False,winter,False,,0.0,,0.8987,1.0
H002,standard,2025-12-13,5,True,winter,False,,0.0,,0.9304,0.9691
H002,deluxe,2025-12-13,5,True,winter,False,,0.0,,0.9304,0.9542
H002,premium,2025-12-13,5,True,winter,False,,0.0,,0.9304,0.9293
H002,suite,2025-12-13,5,True,winter,False,,0.0,,0.9304,0.8845
H002,standard,2025-12-14,6,True,winter,False,,0.0,,0.9386,1.0
H002,deluxe,2025-12-14,6,True,winter,False,,0.0,,0.9386,1.0
H002,premium,2025-12-14,6,True,winter,False,,0.0,,0.9386,1.0
H002,suite,2025-12-14,6,True,winter,False,,0.0,,0.9386,0.9646
H002,standard,2025-12-15,0,False,winter,False,,0.0,,0.7149,0.6341
H002,deluxe,2025-12-15,0,False,winter,False,,0.0,,0.7149,0.6243
H002,premium,2025-12-15,0,False,winter,False,,0.0,,0.7149,0.608
H002,suite,2025-12-15,0,False,winter,False,,0.0,,0.7149,0.5787
H002,standard,2025-12-16,1,False,winter,False,,0.0,,0.8406,0.6647
H002,deluxe,2025-12-16,1,False,winter,False,,0.0,,0.8406,0.6545
H002,premium,2025-12-16,1,False,winter,False,,0.0,,0.8406,0.6374
H002,suite,2025-12-16,1,False,winter,False,,0.0,,0.8406,0.6067
H002,standard,2025-12-17,2,False,winter,False,,0.0,,0.7782,0.6022
H002,deluxe,2025-12-17,2,False,winter,False,,0.0,,0.7782,0.5929
H002,premium,2025-12-17,2,False,winter,False,,0.0,,0.7782,0.5775
H002,suite,2025-12-17,2,False,winter,False,,0.0,,0.7782,0.5496
H002,standard,2025-12-18,3,False,winter,False,,0.0,,0.9175,0.752
H002,deluxe,2025-12-18,3,False,winter,False,,0.0,,0.9175,0.7404
H002,premium,2025-12-18,3,False,winter,False,,0.0,,0.9175,0.7211
H002,suite,2025-12-18,3,False,winter,False,,0.0,,0.9175,0.6863
H002,standard,2025-12-19,4,False,winter,False,,0.0,,0.8967,1.0
H002,deluxe,2025-12-19,4,False,winter,False,,0.0,,0.8967,1.0
H002,premium,2025-12-19,4,False,winter,False,,0.0,,0.8967,1.0
H002,suite,2025-12-19,4,False,winter,False,,0.0,,0.8967,1.0
H002,standard,2025-12-20,5,True,winter,False,,0.0,,0.8433,1.0
H002,deluxe,2025-12-20,5,True,winter,False,,0.0,,0.8433,1.0
H002,premium,2025-12-20,5,True,winter,False,,0.0,,0.8433,1.0
H002,suite,2025-12-20,5,True,winter,False,,0.0,,0.8433,1.0
H002,standard,2025-12-21,6,True,winter,False,,0.0,,0.8699,0.9269
H002,deluxe,2025-12-21,6,True,winter,False,,0.0,,0.8699,0.9126
H002,premium,2025-12-21,6,True,winter,False,,0.0,,0.8699,0.8888
H002,suite,2025-12-21,6,True,winter,False,,0.0,,0.8699,0.846
H002,standard,2025-12-22,0,False,winter,False,,0.0,,0.8322,1.0
H002,deluxe,2025-12-22,0,False,winter,False,,0.0,,0.8322,1.0
H002,premium,2025-12-22,0,False,winter,False,,0.0,,0.8322,1.0
H002,suite,2025-12-22,0,False,winter,False,,0.0,,0.8322,1.0
H002,standard,2025-12-23,1,False,winter,False,,0.0,,0.8831,1.0
H002,deluxe,2025-12-23,1,False,winter,False,,0.0,,0.8831,1.0
H002,premium,2025-12-23,1,False,winter,False,,0.0,,0.8831,1.0
H002,suite,2025-12-23,1,False,winter,False,,0.0,,0.8831,1.0
H002,standard,2025-12-24,2,False,winter,False,,0.0,,0.8782,0.8966
H002,deluxe,2025-12-24,2,False,winter,False,,0.0,,0.8782,0.8827
H002,premium,2025-12-24,2,False,winter,False,,0.0,,0.8782,0.8597
H002,suite,2025-12-24,2,False,winter,False,,0.0,,0.8782,0.8183
H002,standard,2025-12-25,3,False,winter,True,Christmas,0.0,,0.8997,0.7838
H002,deluxe,2025-12-25,3,False,winter,True,Christmas,0.0,,0.8997,0.7718
H002,premium,2025-12-25,3,False,winter,True,Christmas,0.0,,0.8997,0.7516
H002,suite,2025-12-25,3,False,winter,True,Christmas,0.0,,0.8997,0.7154
H002,standard,2025-12-26,4,False,winter,False,,0.0,,0.998,0.8239
H002,deluxe,2025-12-26,4,False,winter,False,,0.0,,0.998,0.8112
H002,premium,2025-12-26,4,False,winter,False,,0.0,,0.998,0.79
H002,suite,2025-12-26,4,False,winter,False,,0.0,,0.998,0.752
H002,standard,2025-12-27,5,True,winter,False,,0.0,,0.8982,1.0
H002,deluxe,2025-12-27,5,True,winter,False,,0.0,,0.8982,1.0
H002,premium,2025-12-27,5,True,winter,False,,0.0,,0.8982,1.0
H002,suite,2025-12-27,5,True,winter,False,,0.0,,0.8982,1.0
H002,standard,2025-12-28,6,True,winter,False,,0.0,,0.8431,1.0
H002,deluxe,2025-12-28,6,True,winter,False,,0.0,,0.8431,1.0
H002,premium,2025-12-28,6,True,winter,False,,0.0,,0.8431,1.0
H002,suite,2025-12-28,6,True,winter,False,,0.0,,0.8431,1.0
H002,standard,2025-12-29,0,False,winter,False,,0.0,,0.9656,1.0
H002,deluxe,2025-12-29,0,False,winter,False,,0.0,,0.9656,1.0
H002,premium,2025-12-29,0,False,winter,False,,0.0,,0.9656,1.0
H002,suite,2025-12-29,0,False,winter,False,,0.0,,0.9656,1.0
H002,standard,2025-12-30,1,False,winter,False,,0.0,,0.8627,1.0
H002,deluxe,2025-12-30,1,False,winter,False,,0.0,,0.8627,1.0
H002,premium,2025-12-30,1,False,winter,False,,0.0,,0.8627,1.0
H002,suite,2025-12-30,1,False,winter,False,,0.0,,0.8627,1.0
H002,standard,2025-12-31,2,False,winter,True,New Year's Eve,0.0,,0.8291,1.0
H002,deluxe,2025-12-31,2,False,winter,True,New Year's Eve,0.0,,0.8291,1.0
H002,premium,2025-12-31,2,False,winter,True,New Year's Eve,0.0,,0.8291,1.0
H002,suite,2025-12-31,2,False,winter,True,New Year's Eve,0.0,,0.8291,1.0
H002,standard,2026-01-01,3,False,winter,True,New Year's Day,0.0,,0.8278,0.9191
H002,deluxe,2026-01-01,3,False,winter,True,New Year's Day,0.0,,0.8278,0.9049
H002,premium,2026-01-01,3,False,winter,True,New Year's Day,0.0,,0.8278,0.8813
H002,suite,2026-01-01,3,False,winter,True,New Year's Day,0.0,,0.8278,0.8388
H002,standard,2026-01-02,4,False,winter,False,,0.0,,0.8262,1.0
H002,deluxe,2026-01-02,4,False,winter,False,,0.0,,0.8262,1.0
H002,premium,2026-01-02,4,False,winter,False,,0.0,,0.8262,1.0
H002,suite,2026-01-02,4,False,winter,False,,0.0,,0.8262,1.0
H002,standard,2026-01-03,5,True,winter,False,,0.0,,0.7725,0.9492
H002,deluxe,2026-01-03,5,True,winter,False,,0.0,,0.7725,0.9346
H002,premium,2026-01-03,5,True,winter,False,,0.0,,0.7725,0.9102
H002,suite,2026-01-03,5,True,winter,False,,0.0,,0.7725,0.8663
H002,standard,2026-01-04,6,True,winter,False,,0.0,,0.9222,0.8587
H002,deluxe,2026-01-04,6,True,winter,False,,0.0,,0.9222,0.8455
H002,premium,2026-01-04,6,True,winter,False,,0.0,,0.9222,0.8234
H002,suite,2026-01-04,6,True,winter,False,,0.0,,0.9222,0.7837
H002,standard,2026-01-05,0,False,winter,False,,0.0,,0.7851,0.9773
H002,deluxe,2026-01-05,0,False,winter,False,,0.0,,0.7851,0.9622
H002,premium,2026-01-05,0,False,winter,False,,0.0,,0.7851,0.9371
H002,suite,2026-01-05,0,False,winter,False,,0.0,,0.7851,0.8919
H002,standard,2026-01-06,1,False,winter,False,,0.0,,0.844,1.0
H002,deluxe,2026-01-06,1,False,winter,False,,0.0,,0.844,1.0
H002,premium,2026-01-06,1,False,winter,False,,0.0,,0.844,0.9809
H002,suite,2026-01-06,1,False,winter,False,,0.0,,0.844,0.9336
H002,standard,2026-01-07,2,False,winter,False,,0.0,,0.7633,0.753
H002,deluxe,2026-01-07,2,False,winter,False,,0.0,,0.7633,0.7414
H002,premium,2026-01-07,2,False,winter,False,,0.0,,0.7633,0.7221
H002,suite,2026-01-07,2,False,winter,False,,0.0,,0.7633,0.6873
H002,standard,2026-01-08,3,False,winter,False,,0.0,,0.931,0.7395
H002,deluxe,2026-01-08,3,False,winter,False,,0.0,,0.931,0.7281
H002,premium,2026-01-08,3,False,winter,False,,0.0,,0.931,0.7091
H002,suite,2026-01-08,3,False,winter,False,,0.0,,0.931,0.6749
H002,standard,2026-01-09,4,False,winter,False,,0.0,,0.9237,0.7015
H002,deluxe,2026-01-09,4,False,winter,False,,0.0,,0.9237,0.6907
H002,premium,2026-01-09,4,False,winter,False,,0.0,,0.9237,0.6727
H002,suite,2026-01-09,4,False,winter,False,,0.0,,0.9237,0.6402
H002,standard,2026-01-10,5,True,winter,False,,0.0,,0.862,0.7891
H002,deluxe,2026-01-10,5,True,winter,False,,0.0,,0.862,0.7769
H002,premium,2026-01-10,5,True,winter,False,,0.0,,0.862,0.7567
H002,suite,2026-01-10,5,True,winter,False,,0.0,,0.862,0.7202
H002,standard,2026-01-11,6,True,winter,False,,0.0,,0.857,0.6192
H002,deluxe,2026-01-11,6,True,winter,False,,0.0,,0.857,0.6096
H002,premium,2026-01-11,6,True,winter,False,,0.0,,0.857,0.5937
H002,suite,2026-01-11,6,True,winter,False,,0.0,,0.857,0.5651
H002,standard,2026-01-12,0,False,winter,False,,0.0,,0.8715,0.792
H002,deluxe,2026-01-12,0,False,winter,False,,0.0,,0.8715,0.7798
H002,premium,2026-01-12,0,False,winter,False,,0.0,,0.8715,0.7595
H002,suite,2026-01-12,0,False,winter,False,,0.0,,0.8715,0.7229
H002,standard,2026-01-13,1,False,winter,False,,0.0,,0.9709,0.5613
H002,deluxe,2026-01-13,1,False,winter,False,,0.0,,0.9709,0.5527
H002,premium,2026-01-13,1,False,winter,False,,0.0,,0.9709,0.5383
H002,suite,2026-01-13,1,False,winter,False,,0.0,,0.9709,0.5123
H002,standard,2026-01-14,2,False,winter,True,Makar Sankranti / Pongal,0.0,,0.9343,1.0
H002,deluxe,2026-01-14,2,False,winter,True,Makar Sankranti / Pongal,0.0,,0.9343,1.0
H002,premium,2026-01-14,2,False,winter,True,Makar Sankranti / Pongal,0.0,,0.9343,1.0
H002,suite,2026-01-14,2,False,winter,True,Makar Sankranti / Pongal,0.0,,0.9343,1.0
H002,standard,2026-01-15,3,False,winter,False,,0.0,,0.8155,1.0
H002,deluxe,2026-01-15,3,False,winter,False,,0.0,,0.8155,1.0
H002,premium,2026-01-15,3,False,winter,False,,0.0,,0.8155,1.0
H002,suite,2026-01-15,3,False,winter,False,,0.0,,0.8155,1.0
H002,standard,2026-01-16,4,False,winter,False,,0.0,,0.8618,1.0
H002,deluxe,2026-01-16,4,False,winter,False,,0.0,,0.8618,1.0
H002,premium,2026-01-16,4,False,winter,False,,0.0,,0.8618,1.0
H002,suite,2026-01-16,4,False,winter,False,,0.0,,0.8618,1.0
H002,standard,2026-01-17,5,True,winter,False,,0.5,Mumbai Marathon,0.8712,1.0
H002,deluxe,2026-01-17,5,True,winter,False,,0.5,Mumbai Marathon,0.8712,1.0
H002,premium,2026-01-17,5,True,winter,False,,0.5,Mumbai Marathon,0.8712,1.0
H002,suite,2026-01-17,5,True,winter,False,,0.5,Mumbai Marathon,0.8712,1.0
H002,standard,2026-01-18,6,True,winter,False,,0.5,Mumbai Marathon,1.0,0.7377
H002,deluxe,2026-01-18,6,True,winter,False,,0.5,Mumbai Marathon,1.0,0.7263
H002,premium,2026-01-18,6,True,winter,False,,0.5,Mumbai Marathon,1.0,0.7074
H002,suite,2026-01-18,6,True,winter,False,,0.5,Mumbai Marathon,1.0,0.6733
H002,standard,2026-01-19,0,False,winter,False,,0.5,Mumbai Marathon,0.8237,0.7918
H002,deluxe,2026-01-19,0,False,winter,False,,0.5,Mumbai Marathon,0.8237,0.7796
H002,premium,2026-01-19,0,False,winter,False,,0.5,Mumbai Marathon,0.8237,0.7592
H002,suite,2026-01-19,0,False,winter,False,,0.5,Mumbai Marathon,0.8237,0.7226
H002,standard,2026-01-20,1,False,winter,False,,0.0,,0.7913,0.8948
H002,deluxe,2026-01-20,1,False,winter,False,,0.0,,0.7913,0.881
H002,premium,2026-01-20,1,False,winter,False,,0.0,,0.7913,0.858
H002,suite,2026-01-20,1,False,winter,False,,0.0,,0.7913,0.8167
H002,standard,2026-01-21,2,False,winter,False,,0.0,,0.8839,1.0
H002,deluxe,2026-01-21,2,False,winter,False,,0.0,,0.8839,1.0
H002,premium,2026-01-21,2,False,winter,False,,0.0,,0.8839,1.0
H002,suite,2026-01-21,2,False,winter,False,,0.0,,0.8839,1.0
H002,standard,2026-01-22,3,False,winter,False,,0.0,,1.0,1.0
H002,deluxe,2026-01-22,3,False,winter,False,,0.0,,1.0,1.0
H002,premium,2026-01-22,3,False,winter,False,,0.0,,1.0,1.0
H002,suite,2026-01-22,3,False,winter,False,,0.0,,1.0,1.0
H002,standard,2026-01-23,4,False,winter,False,,0.0,,0.8534,0.9866
H002,deluxe,2026-01-23,4,False,winter,False,,0.0,,0.8534,0.9714
H002,premium,2026-01-23,4,False,winter,False,,0.0,,0.8534,0.9461
H002,suite,2026-01-23,4,False,winter,False,,0.0,,0.8534,0.9005
H002,standard,2026-01-24,5,True,winter,False,,0.0,,0.9042,0.7392
H002,deluxe,2026-01-24,5,True,winter,False,,0.0,,0.9042,0.7278
H002,premium,2026-01-24,5,True,winter,False,,0.0,,0.9042,0.7088
H002,suite,2026-01-24,5,True,winter,False,,0.0,,0.9042,0.6747
H002,standard,2026-01-25,6,True,winter,False,,0.0,,0.8331,0.8247
H002,deluxe,2026-01-25,6,True,winter,False,,0.0,,0.8331,0.812
H002,premium,2026-01-25,6,True,winter,False,,0.0,,0.8331,0.7908
H002,suite,2026-01-25,6,True,winter,False,,0.0,,0.8331,0.7527
H002,standard,2026-01-26,0,False,winter,True,Republic Day,0.0,,0.8231,0.9734
H002,deluxe,2026-01-26,0,False,winter,True,Republic Day,0.0,,0.8231,0.9584
H002,premium,2026-01-26,0,False,winter,True,Republic Day,0.0,,0.8231,0.9334
H002,suite,2026-01-26,0,False,winter,True,Republic Day,0.0,,0.8231,0.8884
H002,standard,2026-01-27,1,False,winter,False,,0.0,,0.9751,0.7982
H002,deluxe,2026-01-27,1,False,winter,False,,0.0,,0.9751,0.7859
H002,premium,2026-01-27,1,False,winter,False,,0.0,,0.9751,0.7654
H002,suite,2026-01-27,1,False,winter,False,,0.0,,0.9751,0.7285
H002,standard,2026-01-28,2,False,winter,False,,0.0,,0.8376,0.5256
H002,deluxe,2026-01-28,2,False,winter,False,,0.0,,0.8376,0.5175
H002,premium,2026-01-28,2,False,winter,False,,0.0,,0.8376,0.504
H002,suite,2026-01-28,2,False,winter,False,,0.0,,0.8376,0.4797
H002,standard,2026-01-29,3,False,winter,False,,0.0,,0.8485,1.0
H002,deluxe,2026-01-29,3,False,winter,False,,0.0,,0.8485,1.0
H002,premium,2026-01-29,3,False,winter,False,,0.0,,0.8485,0.9883
H002,suite,2026-01-29,3,False,winter,False,,0.0,,0.8485,0.9406
H002,standard,2026-01-30,4,False,winter,False,,0.0,,0.8335,0.7923
H002,deluxe,2026-01-30,4,False,winter,False,,0.0,,0.8335,0.78
H002,premium,2026-01-30,4,False,winter,False,,0.0,,0.8335,0.7597
H002,suite,2026-01-30,4,False,winter,False,,0.0,,0.8335,0.7231
H002,standard,2026-01-31,5,True,winter,False,,0.0,,0.8798,0.696
H002,deluxe,2026-01-31,5,True,winter,False,,0.0,,0.8798,0.6853
H002,premium,2026-01-31,5,True,winter,False,,0.0,,0.8798,0.6674
H002,suite,2026-01-31,5,True,winter,False,,0.0,,0.8798,0.6352
H002,standard,2026-02-01,6,True,winter,False,,0.0,,0.9013,0.8675
H002,deluxe,2026-02-01,6,True,winter,False,,0.0,,0.9013,0.8541
H002,premium,2026-02-01,6,True,winter,False,,0.0,,0.9013,0.8318
H002,suite,2026-02-01,6,True,winter,False,,0.0,,0.9013,0.7917
H002,standard,2026-02-02,0,False,winter,False,,0.0,,0.9274,0.6828
H002,deluxe,2026-02-02,0,False,winter,False,,0.0,,0.9274,0.6723
H002,premium,2026-02-02,0,False,winter,False,,0.0,,0.9274,0.6548
H002,suite,2026-02-02,0,False,winter,False,,0.0,,0.9274,0.6232
H002,standard,2026-02-03,1,False,winter,False,,0.0,,0.848,1.0
H002,deluxe,2026-02-03,1,False,winter,False,,0.0,,0.848,1.0
H002,premium,2026-02-03,1,False,winter,False,,0.0,,0.848,1.0
H002,suite,2026-02-03,1,False,winter,False,,0.0,,0.848,1.0
H002,standard,2026-02-04,2,False,winter,False,,0.0,,0.8518,0.8289
H002,deluxe,2026-02-04,2,False,winter,False,,0.0,,0.8518,0.8162
H002,premium,2026-02-04,2,False,winter,False,,0.0,,0.8518,0.7949
H002,suite,2026-02-04,2,False,winter,False,,0.0,,0.8518,0.7565
H002,standard,2026-02-05,3,False,winter,False,,0.0,,0.9596,1.0
H002,deluxe,2026-02-05,3,False,winter,False,,0.0,,0.9596,1.0
H002,premium,2026-02-05,3,False,winter,False,,0.0,,0.9596,0.9841
H002,suite,2026-02-05,3,False,winter,False,,0.0,,0.9596,0.9367
H002,standard,2026-02-06,4,False,winter,False,,0.0,,0.9346,0.9866
H002,deluxe,2026-02-06,4,False,winter,False,,0.0,,0.9346,0.9714
H002,premium,2026-02-06,4,False,winter,False,,0.0,,0.9346,0.9461
H002,suite,2026-02-06,4,False,winter,False,,0.0,,0.9346,0.9005
H002,standard,2026-02-07,5,True,winter,False,,0.0,,1.0,1.0
H002,deluxe,2026-02-07,5,True,winter,False,,0.0,,1.0,1.0
H002,premium,2026-02-07,5,True,winter,False,,0.0,,1.0,1.0
H002,suite,2026-02-07,5,True,winter,False,,0.0,,1.0,1.0
H002,standard,2026-02-08,6,True,winter,False,,0.0,,0.9884,0.6832
H002,deluxe,2026-02-08,6,True,winter,False,,0.0,,0.9884,0.6726
H002,premium,2026-02-08,6,True,winter,False,,0.0,,0.9884,0.6551
H002,suite,2026-02-08,6,True,winter,False,,0.0,,0.9884,0.6235
H002,standard,2026-02-09,0,False,winter,False,,0.0,,0.8898,0.6304
H002,deluxe,2026-02-09,0,False,winter,False,,0.0,,0.8898,0.6207
H002,premium,2026-02-09,0,False,winter,False,,0.0,,0.8898,0.6045
H002,suite,2026-02-09,0,False,winter,False,,0.0,,0.8898,0.5753
H002,standard,2026-02-10,1,False,winter,False,,0.0,,0.8808,0.842
H002,deluxe,2026-02-10,1,False,winter,False,,0.0,,0.8808,0.829
H002,premium,2026-02-10,1,False,winter,False,,0.0,,0.8808,0.8074
H002,suite,2026-02-10,1,False,winter,False,,0.0,,0.8808,0.7685
H002,standard,2026-02-11,2,False,winter,False,,0.0,,0.9389,1.0
H002,deluxe,2026-02-11,2,False,winter,False,,0.0,,0.9389,1.0
H002,premium,2026-02-11,2,False,winter,False,,0.0,,0.9389,0.9743
H002,suite,2026-02-11,2,False,winter,False,,0.0,,0.9389,0.9273
H002,standard,2026-02-12,3,False,winter,False,,0.0,,0.9229,0.7864
H002,deluxe,2026-02-12,3,False,winter,False,,0.0,,0.9229,0.7743
H002,premium,2026-02-12,3,False,winter,False,,0.0,,0.9229,0.7541
H002,suite,2026-02-12,3,False,winter,False,,0.0,,0.9229,0.7177
H002,standard,2026-02-13,4,False,winter,False,,0.0,,0.9062,0.9566
H002,deluxe,2026-02-13,4,False,winter,False,,0.0,,0.9062,0.9418
H002,premium,2026-02-13,4,False,winter,False,,0.0,,0.9062,0.9173
H002,suite,2026-02-13,4,False,winter,False,,0.0,,0.9062,0.8731
H002,standard,2026-02-14,5,True,winter,False,,0.0,,0.8575,1.0
H002,deluxe,2026-02-14,5,True,winter,False,,0.0,,0.8575,1.0
H002,premium,2026-02-14,5,True,winter,False,,0.0,,0.8575,1.0
H002,suite,2026-02-14,5,True,winter,False,,0.0,,0.8575,1.0
H002,standard,2026-02-15,6,True,winter,True,Maha Shivaratri,0.0,,1.0,0.499
H002,deluxe,2026-02-15,6,True,winter,True,Maha Shivaratri,0.0,,1.0,0.4913
H002,premium,2026-02-15,6,True,winter,True,Maha Shivaratri,0.0,,1.0,0.4785
H002,suite,2026-02-15,6,True,winter,True,Maha Shivaratri,0.0,,1.0,0.4554
H002,standard,2026-02-16,0,False,winter,False,,0.0,,0.944,1.0
H002,deluxe,2026-02-16,0,False,winter,False,,0.0,,0.944,1.0
H002,premium,2026-02-16,0,False,winter,False,,0.0,,0.944,1.0
H002,suite,2026-02-16,0,False,winter,False,,0.0,,0.944,1.0
H002,standard,2026-02-17,1,False,winter,False,,0.0,,0.9065,1.0
H002,deluxe,2026-02-17,1,False,winter,False,,0.0,,0.9065,1.0
H002,premium,2026-02-17,1,False,winter,False,,0.0,,0.9065,1.0
H002,suite,2026-02-17,1,False,winter,False,,0.0,,0.9065,1.0
H002,standard,2026-02-18,2,False,winter,False,,0.0,,0.9708,1.0
H002,deluxe,2026-02-18,2,False,winter,False,,0.0,,0.9708,1.0
H002,premium,2026-02-18,2,False,winter,False,,0.0,,0.9708,1.0
H002,suite,2026-02-18,2,False,winter,False,,0.0,,0.9708,1.0
H002,standard,2026-02-19,3,False,winter,False,,0.0,,0.9062,0.8026
H002,deluxe,2026-02-19,3,False,winter,False,,0.0,,0.9062,0.7903
H002,premium,2026-02-19,3,False,winter,False,,0.0,,0.9062,0.7697
H002,suite,2026-02-19,3,False,winter,False,,0.0,,0.9062,0.7326
H002,standard,2026-02-20,4,False,winter,False,,0.0,,0.9168,0.8884
H002,deluxe,2026-02-20,4,False,winter,False,,0.0,,0.9168,0.8747
H002,premium,2026-02-20,4,False,winter,False,,0.0,,0.9168,0.8519
H002,suite,2026-02-20,4,False,winter,False,,0.0,,0.9168,0.8108
H002,standard,2026-02-21,5,True,winter,False,,0.0,,0.7719,1.0
H002,deluxe,2026-02-21,5,True,winter,False,,0.0,,0.7719,1.0
H002,premium,2026-02-21,5,True,winter,False,,0.0,,0.7719,1.0
H002,suite,2026-02-21,5,True,winter,False,,0.0,,0.7719,0.9533
H002,standard,2026-02-22,6,True,winter,False,,0.0,,0.9275,1.0
H002,deluxe,2026-02-22,6,True,winter,False,,0.0,,0.9275,1.0
H002,premium,2026-02-22,6,True,winter,False,,0.0,,0.9275,1.0
H002,suite,2026-02-22,6,True,winter,False,,0.0,,0.9275,1.0
H002,standard,2026-02-23,0,False,winter,False,,0.0,,0.9583,0.8967
H002,deluxe,2026-02-23,0,False,winter,False,,0.0,,0.9583,0.8829
H002,premium,2026-02-23,0,False,winter,False,,0.0,,0.9583,0.8598
H002,suite,2026-02-23,0,False,winter,False,,0.0,,0.9583,0.8184
H002,standard,2026-02-24,1,False,winter,False,,0.0,,0.823,0.8538
H002,deluxe,2026-02-24,1,False,winter,False,,0.0,,0.823,0.8406
H002,premium,2026-02-24,1,False,winter,False,,0.0,,0.823,0.8187
H002,suite,2026-02-24,1,False,winter,False,,0.0,,0.823,0.7792
H002,standard,2026-02-25,2,False,winter,False,,0.0,,0.9437,0.6494
H002,deluxe,2026-02-25,2,False,winter,False,,0.0,,0.9437,0.6394
H002,premium,2026-02-25,2,False,winter,False,,0.0,,0.9437,0.6227
H002,suite,2026-02-25,2,False,winter,False,,0.0,,0.9437,0.5927
H002,standard,2026-02-26,3,False,winter,False,,0.0,,0.9521,0.9879
H002,deluxe,2026-02-26,3,False,winter,False,,0.0,,0.9521,0.9727
H002,premium,2026-02-26,3,False,winter,False,,0.0,,0.9521,0.9473
H002,suite,2026-02-26,3,False,winter,False,,0.0,,0.9521,0.9016
H002,standard,2026-02-27,4,False,winter,False,,0.0,,0.8734,1.0
H002,deluxe,2026-02-27,4,False,winter,False,,0.0,,0.8734,1.0
H002,premium,2026-02-27,4,False,winter,False,,0.0,,0.8734,1.0
H002,suite,2026-02-27,4,False,winter,False,,0.0,,0.8734,1.0
H002,standard,2026-02-28,5,True,winter,False,,0.0,,0.962,0.881
H002,deluxe,2026-02-28,5,True,winter,False,,0.0,,0.962,0.8674
H002,premium,2026-02-28,5,True,winter,False,,0.0,,0.962,0.8448
H002,suite,2026-02-28,5,True,winter,False,,0.0,,0.962,0.8041
H002,standard,2026-03-01,6,True,summer,False,,0.0,,0.5876,0.9537
H002,deluxe,2026-03-01,6,True,summer,False,,0.0,,0.5876,0.939
H002,premium,2026-03-01,6,True,summer,False,,0.0,,0.5876,0.9145
H002,suite,2026-03-01,6,True,summer,False,,0.0,,0.5876,0.8704
H002,standard,2026-03-02,0,False,summer,False,,0.0,,0.5197,0.9899
H002,deluxe,2026-03-02,0,False,summer,False,,0.0,,0.5197,0.9746
H002,premium,2026-03-02,0,False,summer,False,,0.0,,0.5197,0.9492
H002,suite,2026-03-02,0,False,summer,False,,0.0,,0.5197,0.9034
H002,standard,2026-03-03,1,False,summer,False,,0.0,,0.6055,1.0
H002,deluxe,2026-03-03,1,False,summer,False,,0.0,,0.6055,1.0
H002,premium,2026-03-03,1,False,summer,False,,0.0,,0.6055,1.0
H002,suite,2026-03-03,1,False,summer,False,,0.0,,0.6055,1.0
H002,standard,2026-03-04,2,False,summer,True,Holi,0.0,,0.5984,0.59
H002,deluxe,2026-03-04,2,False,summer,True,Holi,0.0,,0.5984,0.5809
H002,premium,2026-03-04,2,False,summer,True,Holi,0.0,,0.5984,0.5657
H002,suite,2026-03-04,2,False,summer,True,Holi,0.0,,0.5984,0.5384
H002,standard,2026-03-05,3,False,summer,False,,0.0,,0.7163,1.0
H002,deluxe,2026-03-05,3,False,summer,False,,0.0,,0.7163,1.0
H002,premium,2026-03-05,3,False,summer,False,,0.0,,0.7163,1.0
H002,suite,2026-03-05,3,False,summer,False,,0.0,,0.7163,1.0
H002,standard,2026-03-06,4,False,summer,False,,0.0,,0.539,1.0
H002,deluxe,2026-03-06,4,False,summer,False,,0.0,,0.539,1.0
H002,premium,2026-03-06,4,False,summer,False,,0.0,,0.539,1.0
H002,suite,2026-03-06,4,False,summer,False,,0.0,,0.539,1.0
H002,standard,2026-03-07,5,True,summer,False,,0.0,,0.6354,1.0
H002,deluxe,2026-03-07,5,True,summer,False,,0.0,,0.6354,1.0
H002,premium,2026-03-07,5,True,summer,False,,0.0,,0.6354,1.0
H002,suite,2026-03-07,5,True,summer,False,,0.0,,0.6354,1.0
H002,standard,2026-03-08,6,True,summer,False,,0.0,,0.6182,1.0
H002,deluxe,2026-03-08,6,True,summer,False,,0.0,,0.6182,1.0
H002,premium,2026-03-08,6,True,summer,False,,0.0,,0.6182,1.0
H002,suite,2026-03-08,6,True,summer,False,,0.0,,0.6182,1.0
H002,standard,2026-03-09,0,False,summer,False,,0.0,,0.5345,0.7779
H002,deluxe,2026-03-09,0,False,summer,False,,0.0,,0.5345,0.7659
H002,premium,2026-03-09,0,False,summer,False,,0.0,,0.5345,0.7459
H002,suite,2026-03-09,0,False,summer,False,,0.0,,0.5345,0.71
H002,standard,2026-03-10,1,False,summer,False,,0.0,,0.6354,0.8257
H002,deluxe,2026-03-10,1,False,summer,False,,0.0,,0.6354,0.8129
H002,premium,2026-03-10,1,False,summer,False,,0.0,,0.6354,0.7917
H002,suite,2026-03-10,1,False,summer,False,,0.0,,0.6354,0.7536
H002,standard,2026-03-11,2,False,summer,False,,0.6,Lakme Fashion Week (spring),0.6166,1.0
H002,deluxe,2026-03-11,2,False,summer,False,,0.6,Lakme Fashion Week (spring),0.6166,1.0
H002,premium,2026-03-11,2,False,summer,False,,0.6,Lakme Fashion Week (spring),0.6166,1.0
H002,suite,2026-03-11,2,False,summer,False,,0.6,Lakme Fashion Week (spring),0.6166,1.0
H002,standard,2026-03-12,3,False,summer,False,,0.6,Lakme Fashion Week (spring),0.6435,1.0
H002,deluxe,2026-03-12,3,False,summer,False,,0.6,Lakme Fashion Week (spring),0.6435,1.0
H002,premium,2026-03-12,3,False,summer,False,,0.6,Lakme Fashion Week (spring),0.6435,1.0
H002,suite,2026-03-12,3,False,summer,False,,0.6,Lakme Fashion Week (spring),0.6435,1.0
H002,standard,2026-03-13,4,False,summer,False,,0.6,Lakme Fashion Week (spring),0.521,0.8032
H002,deluxe,2026-03-13,4,False,summer,False,,0.6,Lakme Fashion Week (spring),0.521,0.7909
H002,premium,2026-03-13,4,False,summer,False,,0.6,Lakme Fashion Week (spring),0.521,0.7702
H002,suite,2026-03-13,4,False,summer,False,,0.6,Lakme Fashion Week (spring),0.521,0.7331
H002,standard,2026-03-14,5,True,summer,False,,0.6,Lakme Fashion Week (spring),0.5452,1.0
H002,deluxe,2026-03-14,5,True,summer,False,,0.6,Lakme Fashion Week (spring),0.5452,1.0
H002,premium,2026-03-14,5,True,summer,False,,0.6,Lakme Fashion Week (spring),0.5452,1.0
H002,suite,2026-03-14,5,True,summer,False,,0.6,Lakme Fashion Week (spring),0.5452,1.0
H002,standard,2026-03-15,6,True,summer,False,,0.6,Lakme Fashion Week (spring),0.6123,1.0
H002,deluxe,2026-03-15,6,True,summer,False,,0.6,Lakme Fashion Week (spring),0.6123,1.0
H002,premium,2026-03-15,6,True,summer,False,,0.6,Lakme Fashion Week (spring),0.6123,1.0
H002,suite,2026-03-15,6,True,summer,False,,0.6,Lakme Fashion Week (spring),0.6123,1.0
H002,standard,2026-03-16,0,False,summer,False,,0.0,,0.5758,1.0
H002,deluxe,2026-03-16,0,False,summer,False,,0.0,,0.5758,1.0
H002,premium,2026-03-16,0,False,summer,False,,0.0,,0.5758,1.0
H002,suite,2026-03-16,0,False,summer,False,,0.0,,0.5758,1.0
H002,standard,2026-03-17,1,False,summer,False,,0.0,,0.7021,0.9475
H002,deluxe,2026-03-17,1,False,summer,False,,0.0,,0.7021,0.9329
H002,premium,2026-03-17,1,False,summer,False,,0.0,,0.7021,0.9085
H002,suite,2026-03-17,1,False,summer,False,,0.0,,0.7021,0.8647
H002,standard,2026-03-18,2,False,summer,False,,0.0,,0.6158,0.7564
H002,deluxe,2026-03-18,2,False,summer,False,,0.0,,0.6158,0.7447
H002,premium,2026-03-18,2,False,summer,False,,0.0,,0.6158,0.7253
H002,suite,2026-03-18,2,False,summer,False,,0.0,,0.6158,0.6903
H002,standard,2026-03-19,3,False,summer,False,,0.0,,0.6526,0.8127
H002,deluxe,2026-03-19,3,False,summer,False,,0.0,,0.6526,0.8002
H002,premium,2026-03-19,3,False,summer,False,,0.0,,0.6526,0.7793
H002,suite,2026-03-19,3,False,summer,False,,0.0,,0.6526,0.7417
H002,standard,2026-03-20,4,False,summer,False,,0.0,,0.5439,1.0
H002,deluxe,2026-03-20,4,False,summer,False,,0.0,,0.5439,1.0
H002,premium,2026-03-20,4,False,summer,False,,0.0,,0.5439,1.0
H002,suite,2026-03-20,4,False,summer,False,,0.0,,0.5439,1.0
H002,standard,2026-03-21,5,True,summer,True,Eid al-Fitr,0.0,,0.4187,1.0
H002,deluxe,2026-03-21,5,True,summer,True,Eid al-Fitr,0.0,,0.4187,1.0
H002,premium,2026-03-21,5,True,summer,True,Eid al-Fitr,0.0,,0.4187,1.0
H002,suite,2026-03-21,5,True,summer,True,Eid al-Fitr,0.0,,0.4187,0.9767
H002,standard,2026-03-22,6,True,summer,False,,0.0,,0.6838,1.0
H002,deluxe,2026-03-22,6,True,summer,False,,0.0,,0.6838,1.0
H002,premium,2026-03-22,6,True,summer,False,,0.0,,0.6838,1.0
H002,suite,2026-03-22,6,True,summer,False,,0.0,,0.6838,0.9875
H002,standard,2026-03-23,0,False,summer,False,,0.0,,0.666,0.5052
H002,deluxe,2026-03-23,0,False,summer,False,,0.0,,0.666,0.4974
H002,premium,2026-03-23,0,False,summer,False,,0.0,,0.666,0.4844
H002,suite,2026-03-23,0,False,summer,False,,0.0,,0.666,0.461
H002,standard,2026-03-24,1,False,summer,False,,0.0,,0.5924,0.6881
H002,deluxe,2026-03-24,1,False,summer,False,,0.0,,0.5924,0.6775
H002,premium,2026-03-24,1,False,summer,False,,0.0,,0.5924,0.6598
H002,suite,2026-03-24,1,False,summer,False,,0.0,,0.5924,0.628
H002,standard,2026-03-25,2,False,summer,False,,0.0,,0.4851,1.0
H002,deluxe,2026-03-25,2,False,summer,False,,0.0,,0.4851,1.0
H002,premium,2026-03-25,2,False,summer,False,,0.0,,0.4851,1.0
H002,suite,2026-03-25,2,False,summer,False,,0.0,,0.4851,0.9889
H002,standard,2026-03-26,3,False,summer,True,Ram Navami,0.0,,0.685,0.9103
H002,deluxe,2026-03-26,3,False,summer,True,Ram Navami,0.0,,0.685,0.8963
H002,premium,2026-03-26,3,False,summer,True,Ram Navami,0.0,,0.685,0.8729
H002,suite,2026-03-26,3,False,summer,True,Ram Navami,0.0,,0.685,0.8308
H002,standard,2026-03-27,4,False,summer,False,,0.0,,0.6633,1.0
H002,deluxe,2026-03-27,4,False,summer,False,,0.0,,0.6633,0.9865
H002,premium,2026-03-27,4,False,summer,False,,0.0,,0.6633,0.9607
H002,suite,2026-03-27,4,False,summer,False,,0.0,,0.6633,0.9144
H002,standard,2026-03-28,5,True,summer,False,,0.0,,0.6435,0.4393
H002,deluxe,2026-03-28,5,True,summer,False,,0.0,,0.6435,0.4325
H002,premium,2026-03-28,5,True,summer,False,,0.0,,0.6435,0.4212
H002,suite,2026-03-28,5,True,summer,False,,0.0,,0.6435,0.4009
H002,standard,2026-03-29,6,True,summer,False,,0.0,,0.5497,0.651
H002,deluxe,2026-03-29,6,True,summer,False,,0.0,,0.5497,0.641
H002,premium,2026-03-29,6,True,summer,False,,0.0,,0.5497,0.6243
H002,suite,2026-03-29,6,True,summer,False,,0.0,,0.5497,0.5942
H002,standard,2026-03-30,0,False,summer,False,,0.0,,0.6202,1.0
H002,deluxe,2026-03-30,0,False,summer,False,,0.0,,0.6202,1.0
H002,premium,2026-03-30,0,False,summer,False,,0.0,,0.6202,1.0
H002,suite,2026-03-30,0,False,summer,False,,0.0,,0.6202,1.0
H002,standard,2026-03-31,1,False,summer,False,,0.0,,0.4857,0.9608
H002,deluxe,2026-03-31,1,False,summer,False,,0.0,,0.4857,0.946
H002,premium,2026-03-31,1,False,summer,False,,0.0,,0.4857,0.9213
H002,suite,2026-03-31,1,False,summer,False,,0.0,,0.4857,0.8769
H002,standard,2026-04-01,2,False,summer,False,,0.45,IPL Home Fixtures,0.5992,0.9433
H002,deluxe,2026-04-01,2,False,summer,False,,0.45,IPL Home Fixtures,0.5992,0.9287
H002,premium,2026-04-01,2,False,summer,False,,0.45,IPL Home Fixtures,0.5992,0.9045
H002,suite,2026-04-01,2,False,summer,False,,0.45,IPL Home Fixtures,0.5992,0.8609
H002,standard,2026-04-02,3,False,summer,False,,0.45,IPL Home Fixtures,0.7353,0.931
H002,deluxe,2026-04-02,3,False,summer,False,,0.45,IPL Home Fixtures,0.7353,0.9167
H002,premium,2026-04-02,3,False,summer,False,,0.45,IPL Home Fixtures,0.7353,0.8928
H002,suite,2026-04-02,3,False,summer,False,,0.45,IPL Home Fixtures,0.7353,0.8497
H002,standard,2026-04-03,4,False,summer,True,Good Friday,0.45,IPL Home Fixtures,0.7403,0.9533
H002,deluxe,2026-04-03,4,False,summer,True,Good Friday,0.45,IPL Home Fixtures,0.7403,0.9386
H002,premium,2026-04-03,4,False,summer,True,Good Friday,0.45,IPL Home Fixtures,0.7403,0.9141
H002,suite,2026-04-03,4,False,summer,True,Good Friday,0.45,IPL Home Fixtures,0.7403,0.8701
H002,standard,2026-04-04,5,True,summer,False,,0.45,IPL Home Fixtures,0.6292,0.8352
H002,deluxe,2026-04-04,5,True,summer,False,,0.45,IPL Home Fixtures,0.6292,0.8224
H002,premium,2026-04-04,5,True,summer,False,,0.45,IPL Home Fixtures,0.6292,0.8009
H002,suite,2026-04-04,5,True,summer,False,,0.45,IPL Home Fixtures,0.6292,0.7623
H002,standard,2026-04-05,6,True,summer,False,,0.45,IPL Home Fixtures,0.61,0.733
H002,deluxe,2026-04-05,6,True,summer,False,,0.45,IPL Home Fixtures,0.61,0.7217
H002,premium,2026-04-05,6,True,summer,False,,0.45,IPL Home Fixtures,0.61,0.7029
H002,suite,2026-04-05,6,True,summer,False,,0.45,IPL Home Fixtures,0.61,0.669
H002,standard,2026-04-06,0,False,summer,False,,0.45,IPL Home Fixtures,0.6829,1.0
H002,deluxe,2026-04-06,0,False,summer,False,,0.45,IPL Home Fixtures,0.6829,1.0
H002,premium,2026-04-06,0,False,summer,False,,0.45,IPL Home Fixtures,0.6829,1.0
H002,suite,2026-04-06,0,False,summer,False,,0.45,IPL Home Fixtures,0.6829,1.0
H002,standard,2026-04-07,1,False,summer,False,,0.45,IPL Home Fixtures,0.6179,1.0
H002,deluxe,2026-04-07,1,False,summer,False,,0.45,IPL Home Fixtures,0.6179,1.0
H002,premium,2026-04-07,1,False,summer,False,,0.45,IPL Home Fixtures,0.6179,1.0
H002,suite,2026-04-07,1,False,summer,False,,0.45,IPL Home Fixtures,0.6179,1.0
H002,standard,2026-04-08,2,False,summer,False,,0.45,IPL Home Fixtures,0.585,1.0
H002,deluxe,2026-04-08,2,False,summer,False,,0.45,IPL Home Fixtures,0.585,1.0
H002,premium,2026-04-08,2,False,summer,False,,0.45,IPL Home Fixtures,0.585,1.0
H002,suite,2026-04-08,2,False,summer,False,,0.45,IPL Home Fixtures,0.585,1.0
H002,standard,2026-04-09,3,False,summer,False,,0.45,IPL Home Fixtures,0.7088,1.0
H002,deluxe,2026-04-09,3,False,summer,False,,0.45,IPL Home Fixtures,0.7088,1.0
H002,premium,2026-04-09,3,False,summer,False,,0.45,IPL Home Fixtures,0.7088,1.0
H002,suite,2026-04-09,3,False,summer,False,,0.45,IPL Home Fixtures,0.7088,1.0
H002,standard,2026-04-10,4,False,summer,False,,0.45,IPL Home Fixtures,0.4699,1.0
H002,deluxe,2026-04-10,4,False,summer,False,,0.45,IPL Home Fixtures,0.4699,1.0
H002,premium,2026-04-10,4,False,summer,False,,0.45,IPL Home Fixtures,0.4699,1.0
H002,suite,2026-04-10,4,False,summer,False,,0.45,IPL Home Fixtures,0.4699,1.0
H002,standard,2026-04-11,5,True,summer,False,,0.45,IPL Home Fixtures,0.702,1.0
H002,deluxe,2026-04-11,5,True,summer,False,,0.45,IPL Home Fixtures,0.702,1.0
H002,premium,2026-04-11,5,True,summer,False,,0.45,IPL Home Fixtures,0.702,1.0
H002,suite,2026-04-11,5,True,summer,False,,0.45,IPL Home Fixtures,0.702,1.0
H002,standard,2026-04-12,6,True,summer,False,,0.45,IPL Home Fixtures,0.5374,0.918
H002,deluxe,2026-04-12,6,True,summer,False,,0.45,IPL Home Fixtures,0.5374,0.9039
H002,premium,2026-04-12,6,True,summer,False,,0.45,IPL Home Fixtures,0.5374,0.8803
H002,suite,2026-04-12,6,True,summer,False,,0.45,IPL Home Fixtures,0.5374,0.8379
H002,standard,2026-04-13,0,False,summer,False,,0.45,IPL Home Fixtures,0.6563,0.9858
H002,deluxe,2026-04-13,0,False,summer,False,,0.45,IPL Home Fixtures,0.6563,0.9706
H002,premium,2026-04-13,0,False,summer,False,,0.45,IPL Home Fixtures,0.6563,0.9453
H002,suite,2026-04-13,0,False,summer,False,,0.45,IPL Home Fixtures,0.6563,0.8997
H002,standard,2026-04-14,1,False,summer,True,Ambedkar Jayanti,0.45,IPL Home Fixtures,0.5491,1.0
H002,deluxe,2026-04-14,1,False,summer,True,Ambedkar Jayanti,0.45,IPL Home Fixtures,0.5491,1.0
H002,premium,2026-04-14,1,False,summer,True,Ambedkar Jayanti,0.45,IPL Home Fixtures,0.5491,1.0
H002,suite,2026-04-14,1,False,summer,True,Ambedkar Jayanti,0.45,IPL Home Fixtures,0.5491,1.0
H002,standard,2026-04-15,2,False,summer,False,,0.45,IPL Home Fixtures,0.5847,1.0
H002,deluxe,2026-04-15,2,False,summer,False,,0.45,IPL Home Fixtures,0.5847,1.0
H002,premium,2026-04-15,2,False,summer,False,,0.45,IPL Home Fixtures,0.5847,1.0
H002,suite,2026-04-15,2,False,summer,False,,0.45,IPL Home Fixtures,0.5847,0.9939
H002,standard,2026-04-16,3,False,summer,False,,0.45,IPL Home Fixtures,0.7267,0.8992
H002,deluxe,2026-04-16,3,False,summer,False,,0.45,IPL Home Fixtures,0.7267,0.8854
H002,premium,2026-04-16,3,False,summer,False,,0.45,IPL Home Fixtures,0.7267,0.8623
H002,suite,2026-04-16,3,False,summer,False,,0.45,IPL Home Fixtures,0.7267,0.8207
H002,standard,2026-04-17,4,False,summer,False,,0.45,IPL Home Fixtures,0.7093,1.0
H002,deluxe,2026-04-17,4,False,summer,False,,0.45,IPL Home Fixtures,0.7093,1.0
H002,premium,2026-04-17,4,False,summer,False,,0.45,IPL Home Fixtures,0.7093,1.0
H002,suite,2026-04-17,4,False,summer,False,,0.45,IPL Home Fixtures,0.7093,1.0
H002,standard,2026-04-18,5,True,summer,False,,0.45,IPL Home Fixtures,0.635,1.0
H002,deluxe,2026-04-18,5,True,summer,False,,0.45,IPL Home Fixtures,0.635,1.0
H002,premium,2026-04-18,5,True,summer,False,,0.45,IPL Home Fixtures,0.635,1.0
H002,suite,2026-04-18,5,True,summer,False,,0.45,IPL Home Fixtures,0.635,1.0
H002,standard,2026-04-19,6,True,summer,False,,0.45,IPL Home Fixtures,0.5513,1.0
H002,deluxe,2026-04-19,6,True,summer,False,,0.45,IPL Home Fixtures,0.5513,1.0
H002,premium,2026-04-19,6,True,summer,False,,0.45,IPL Home Fixtures,0.5513,1.0
H002,suite,2026-04-19,6,True,summer,False,,0.45,IPL Home Fixtures,0.5513,1.0
H002,standard,2026-04-20,0,False,summer,False,,0.45,IPL Home Fixtures,0.6618,1.0
H002,deluxe,2026-04-20,0,False,summer,False,,0.45,IPL Home Fixtures,0.6618,1.0
H002,premium,2026-04-20,0,False,summer,False,,0.45,IPL Home Fixtures,0.6618,1.0
H002,suite,2026-04-20,0,False,summer,False,,0.45,IPL Home Fixtures,0.6618,1.0
H002,standard,2026-04-21,1,False,summer,False,,0.45,IPL Home Fixtures,0.5075,0.9741
H002,deluxe,2026-04-21,1,False,summer,False,,0.45,IPL Home Fixtures,0.5075,0.9591
H002,premium,2026-04-21,1,False,summer,False,,0.45,IPL Home Fixtures,0.5075,0.9341
H002,suite,2026-04-21,1,False,summer,False,,0.45,IPL Home Fixtures,0.5075,0.889
H002,standard,2026-04-22,2,False,summer,False,,0.45,IPL Home Fixtures,0.6506,1.0
H002,deluxe,2026-04-22,2,False,summer,False,,0.45,IPL Home Fixtures,0.6506,1.0
H002,premium,2026-04-22,2,False,summer,False,,0.45,IPL Home Fixtures,0.6506,1.0
H002,suite,2026-04-22,2,False,summer,False,,0.45,IPL Home Fixtures,0.6506,1.0
H002,standard,2026-04-23,3,False,summer,False,,0.45,IPL Home Fixtures,0.5365,0.9398
H002,deluxe,2026-04-23,3,False,summer,False,,0.45,IPL Home Fixtures,0.5365,0.9253
H002,premium,2026-04-23,3,False,summer,False,,0.45,IPL Home Fixtures,0.5365,0.9012
H002,suite,2026-04-23,3,False,summer,False,,0.45,IPL Home Fixtures,0.5365,0.8577
H002,standard,2026-04-24,4,False,summer,False,,0.45,IPL Home Fixtures,0.7019,1.0
H002,deluxe,2026-04-24,4,False,summer,False,,0.45,IPL Home Fixtures,0.7019,1.0
H002,premium,2026-04-24,4,False,summer,False,,0.45,IPL Home Fixtures,0.7019,1.0
H002,suite,2026-04-24,4,False,summer,False,,0.45,IPL Home Fixtures,0.7019,1.0
H002,standard,2026-04-25,5,True,summer,False,,0.45,IPL Home Fixtures,0.6748,1.0
H002,deluxe,2026-04-25,5,True,summer,False,,0.45,IPL Home Fixtures,0.6748,1.0
H002,premium,2026-04-25,5,True,summer,False,,0.45,IPL Home Fixtures,0.6748,1.0
H002,suite,2026-04-25,5,True,summer,False,,0.45,IPL Home Fixtures,0.6748,1.0
H002,standard,2026-04-26,6,True,summer,False,,0.45,IPL Home Fixtures,0.6004,0.785
H002,deluxe,2026-04-26,6,True,summer,False,,0.45,IPL Home Fixtures,0.6004,0.7729
H002,premium,2026-04-26,6,True,summer,False,,0.45,IPL Home Fixtures,0.6004,0.7528
H002,suite,2026-04-26,6,True,summer,False,,0.45,IPL Home Fixtures,0.6004,0.7165
H002,standard,2026-04-27,0,False,summer,False,,0.45,IPL Home Fixtures,0.5836,0.4546
H002,deluxe,2026-04-27,0,False,summer,False,,0.45,IPL Home Fixtures,0.5836,0.4476
H002,premium,2026-04-27,0,False,summer,False,,0.45,IPL Home Fixtures,0.5836,0.4359
H002,suite,2026-04-27,0,False,summer,False,,0.45,IPL Home Fixtures,0.5836,0.4149
H002,standard,2026-04-28,1,False,summer,False,,0.45,IPL Home Fixtures,0.7119,1.0
H002,deluxe,2026-04-28,1,False,summer,False,,0.45,IPL Home Fixtures,0.7119,1.0
H002,premium,2026-04-28,1,False,summer,False,,0.45,IPL Home Fixtures,0.7119,1.0
H002,suite,2026-04-28,1,False,summer,False,,0.45,IPL Home Fixtures,0.7119,1.0
H002,standard,2026-04-29,2,False,summer,False,,0.45,IPL Home Fixtures,0.5463,1.0
H002,deluxe,2026-04-29,2,False,summer,False,,0.45,IPL Home Fixtures,0.5463,1.0
H002,premium,2026-04-29,2,False,summer,False,,0.45,IPL Home Fixtures,0.5463,1.0
H002,suite,2026-04-29,2,False,summer,False,,0.45,IPL Home Fixtures,0.5463,1.0
H002,standard,2026-04-30,3,False,summer,False,,0.45,IPL Home Fixtures,0.5954,0.7729
H002,deluxe,2026-04-30,3,False,summer,False,,0.45,IPL Home Fixtures,0.5954,0.761
H002,premium,2026-04-30,3,False,summer,False,,0.45,IPL Home Fixtures,0.5954,0.7411
H002,suite,2026-04-30,3,False,summer,False,,0.45,IPL Home Fixtures,0.5954,0.7054
H002,standard,2026-05-01,4,False,summer,True,Buddha Purnima,0.45,IPL Home Fixtures,0.5839,0.8483
H002,deluxe,2026-05-01,4,False,summer,True,Buddha Purnima,0.45,IPL Home Fixtures,0.5839,0.8352
H002,premium,2026-05-01,4,False,summer,True,Buddha Purnima,0.45,IPL Home Fixtures,0.5839,0.8135
H002,suite,2026-05-01,4,False,summer,True,Buddha Purnima,0.45,IPL Home Fixtures,0.5839,0.7742
H002,standard,2026-05-02,5,True,summer,False,,0.45,IPL Home Fixtures,0.5834,1.0
H002,deluxe,2026-05-02,5,True,summer,False,,0.45,IPL Home Fixtures,0.5834,1.0
H002,premium,2026-05-02,5,True,summer,False,,0.45,IPL Home Fixtures,0.5834,1.0
H002,suite,2026-05-02,5,True,summer,False,,0.45,IPL Home Fixtures,0.5834,1.0
H002,standard,2026-05-03,6,True,summer,False,,0.45,IPL Home Fixtures,0.5871,0.9811
H002,deluxe,2026-05-03,6,True,summer,False,,0.45,IPL Home Fixtures,0.5871,0.966
H002,premium,2026-05-03,6,True,summer,False,,0.45,IPL Home Fixtures,0.5871,0.9408
H002,suite,2026-05-03,6,True,summer,False,,0.45,IPL Home Fixtures,0.5871,0.8954
H002,standard,2026-05-04,0,False,summer,False,,0.45,IPL Home Fixtures,0.5178,0.8183
H002,deluxe,2026-05-04,0,False,summer,False,,0.45,IPL Home Fixtures,0.5178,0.8057
H002,premium,2026-05-04,0,False,summer,False,,0.45,IPL Home Fixtures,0.5178,0.7847
H002,suite,2026-05-04,0,False,summer,False,,0.45,IPL Home Fixtures,0.5178,0.7468
H002,standard,2026-05-05,1,False,summer,False,,0.45,IPL Home Fixtures,0.6902,0.8095
H002,deluxe,2026-05-05,1,False,summer,False,,0.45,IPL Home Fixtures,0.6902,0.7971
H002,premium,2026-05-05,1,False,summer,False,,0.45,IPL Home Fixtures,0.6902,0.7763
H002,suite,2026-05-05,1,False,summer,False,,0.45,IPL Home Fixtures,0.6902,0.7388
H002,standard,2026-05-06,2,False,summer,False,,0.45,IPL Home Fixtures,0.5698,0.7426
H002,deluxe,2026-05-06,2,False,summer,False,,0.45,IPL Home Fixtures,0.5698,0.7312
H002,premium,2026-05-06,2,False,summer,False,,0.45,IPL Home Fixtures,0.5698,0.7121
H002,suite,2026-05-06,2,False,summer,False,,0.45,IPL Home Fixtures,0.5698,0.6778
H002,standard,2026-05-07,3,False,summer,False,,0.45,IPL Home Fixtures,0.6488,1.0
H002,deluxe,2026-05-07,3,False,summer,False,,0.45,IPL Home Fixtures,0.6488,1.0
H002,premium,2026-05-07,3,False,summer,False,,0.45,IPL Home Fixtures,0.6488,1.0
H002,suite,2026-05-07,3,False,summer,False,,0.45,IPL Home Fixtures,0.6488,1.0
H002,standard,2026-05-08,4,False,summer,False,,0.45,IPL Home Fixtures,0.6098,1.0
H002,deluxe,2026-05-08,4,False,summer,False,,0.45,IPL Home Fixtures,0.6098,1.0
H002,premium,2026-05-08,4,False,summer,False,,0.45,IPL Home Fixtures,0.6098,1.0
H002,suite,2026-05-08,4,False,summer,False,,0.45,IPL Home Fixtures,0.6098,1.0
H002,standard,2026-05-09,5,True,summer,False,,0.45,IPL Home Fixtures,0.5593,1.0
H002,deluxe,2026-05-09,5,True,summer,False,,0.45,IPL Home Fixtures,0.5593,1.0
H002,premium,2026-05-09,5,True,summer,False,,0.45,IPL Home Fixtures,0.5593,1.0
H002,suite,2026-05-09,5,True,summer,False,,0.45,IPL Home Fixtures,0.5593,1.0
H002,standard,2026-05-10,6,True,summer,False,,0.45,IPL Home Fixtures,0.55,1.0
H002,deluxe,2026-05-10,6,True,summer,False,,0.45,IPL Home Fixtures,0.55,1.0
H002,premium,2026-05-10,6,True,summer,False,,0.45,IPL Home Fixtures,0.55,1.0
H002,suite,2026-05-10,6,True,summer,False,,0.45,IPL Home Fixtures,0.55,1.0
H002,standard,2026-05-11,0,False,summer,False,,0.45,IPL Home Fixtures,0.5839,1.0
H002,deluxe,2026-05-11,0,False,summer,False,,0.45,IPL Home Fixtures,0.5839,1.0
H002,premium,2026-05-11,0,False,summer,False,,0.45,IPL Home Fixtures,0.5839,1.0
H002,suite,2026-05-11,0,False,summer,False,,0.45,IPL Home Fixtures,0.5839,1.0
H002,standard,2026-05-12,1,False,summer,False,,0.45,IPL Home Fixtures,0.6168,1.0
H002,deluxe,2026-05-12,1,False,summer,False,,0.45,IPL Home Fixtures,0.6168,1.0
H002,premium,2026-05-12,1,False,summer,False,,0.45,IPL Home Fixtures,0.6168,1.0
H002,suite,2026-05-12,1,False,summer,False,,0.45,IPL Home Fixtures,0.6168,1.0
H002,standard,2026-05-13,2,False,summer,False,,0.45,IPL Home Fixtures,0.6206,0.7597
H002,deluxe,2026-05-13,2,False,summer,False,,0.45,IPL Home Fixtures,0.6206,0.748
H002,premium,2026-05-13,2,False,summer,False,,0.45,IPL Home Fixtures,0.6206,0.7284
H002,suite,2026-05-13,2,False,summer,False,,0.45,IPL Home Fixtures,0.6206,0.6933
H002,standard,2026-05-14,3,False,summer,False,,0.45,IPL Home Fixtures,0.6744,0.9733
H002,deluxe,2026-05-14,3,False,summer,False,,0.45,IPL Home Fixtures,0.6744,0.9583
H002,premium,2026-05-14,3,False,summer,False,,0.45,IPL Home Fixtures,0.6744,0.9333
H002,suite,2026-05-14,3,False,summer,False,,0.45,IPL Home Fixtures,0.6744,0.8883
H002,standard,2026-05-15,4,False,summer,False,,0.45,IPL Home Fixtures,0.5487,1.0
H002,deluxe,2026-05-15,4,False,summer,False,,0.45,IPL Home Fixtures,0.5487,1.0
H002,premium,2026-05-15,4,False,summer,False,,0.45,IPL Home Fixtures,0.5487,1.0
H002,suite,2026-05-15,4,False,summer,False,,0.45,IPL Home Fixtures,0.5487,1.0
H002,standard,2026-05-16,5,True,summer,False,,0.45,IPL Home Fixtures,0.62,1.0
H002,deluxe,2026-05-16,5,True,summer,False,,0.45,IPL Home Fixtures,0.62,1.0
H002,premium,2026-05-16,5,True,summer,False,,0.45,IPL Home Fixtures,0.62,1.0
H002,suite,2026-05-16,5,True,summer,False,,0.45,IPL Home Fixtures,0.62,1.0
H002,standard,2026-05-17,6,True,summer,False,,0.45,IPL Home Fixtures,0.6553,1.0
H002,deluxe,2026-05-17,6,True,summer,False,,0.45,IPL Home Fixtures,0.6553,1.0
H002,premium,2026-05-17,6,True,summer,False,,0.45,IPL Home Fixtures,0.6553,1.0
H002,suite,2026-05-17,6,True,summer,False,,0.45,IPL Home Fixtures,0.6553,1.0
H002,standard,2026-05-18,0,False,summer,False,,0.45,IPL Home Fixtures,0.5174,1.0
H002,deluxe,2026-05-18,0,False,summer,False,,0.45,IPL Home Fixtures,0.5174,1.0
H002,premium,2026-05-18,0,False,summer,False,,0.45,IPL Home Fixtures,0.5174,0.9895
H002,suite,2026-05-18,0,False,summer,False,,0.45,IPL Home Fixtures,0.5174,0.9418
H002,standard,2026-05-19,1,False,summer,False,,0.45,IPL Home Fixtures,0.4696,1.0
H002,deluxe,2026-05-19,1,False,summer,False,,0.45,IPL Home Fixtures,0.4696,1.0
H002,premium,2026-05-19,1,False,summer,False,,0.45,IPL Home Fixtures,0.4696,1.0
H002,suite,2026-05-19,1,False,summer,False,,0.45,IPL Home Fixtures,0.4696,1.0
H002,standard,2026-05-20,2,False,summer,False,,0.45,IPL Home Fixtures,0.5426,0.8521
H002,deluxe,2026-05-20,2,False,summer,False,,0.45,IPL Home Fixtures,0.5426,0.8389
H002,premium,2026-05-20,2,False,summer,False,,0.45,IPL Home Fixtures,0.5426,0.817
H002,suite,2026-05-20,2,False,summer,False,,0.45,IPL Home Fixtures,0.5426,0.7776
H002,standard,2026-05-21,3,False,summer,False,,0.0,,0.5943,1.0
H002,deluxe,2026-05-21,3,False,summer,False,,0.0,,0.5943,1.0
H002,premium,2026-05-21,3,False,summer,False,,0.0,,0.5943,1.0
H002,suite,2026-05-21,3,False,summer,False,,0.0,,0.5943,1.0
H002,standard,2026-05-22,4,False,summer,False,,0.0,,0.6284,0.9942
H002,deluxe,2026-05-22,4,False,summer,False,,0.0,,0.6284,0.9789
H002,premium,2026-05-22,4,False,summer,False,,0.0,,0.6284,0.9533
H002,suite,2026-05-22,4,False,summer,False,,0.0,,0.6284,0.9074
H002,standard,2026-05-23,5,True,summer,False,,0.0,,0.6074,0.9485
H002,deluxe,2026-05-23,5,True,summer,False,,0.0,,0.6074,0.9339
H002,premium,2026-05-23,5,True,summer,False,,0.0,,0.6074,0.9096
H002,suite,2026-05-23,5,True,summer,False,,0.0,,0.6074,0.8657
H002,standard,2026-05-24,6,True,summer,False,,0.0,,0.3973,0.691
H002,deluxe,2026-05-24,6,True,summer,False,,0.0,,0.3973,0.6803
H002,premium,2026-05-24,6,True,summer,False,,0.0,,0.3973,0.6626
H002,suite,2026-05-24,6,True,summer,False,,0.0,,0.3973,0.6306
H002,standard,2026-05-25,0,False,summer,False,,0.0,,0.5222,0.9682
H002,deluxe,2026-05-25,0,False,summer,False,,0.0,,0.5222,0.9532
H002,premium,2026-05-25,0,False,summer,False,,0.0,,0.5222,0.9284
H002,suite,2026-05-25,0,False,summer,False,,0.0,,0.5222,0.8836
H002,standard,2026-05-26,1,False,summer,False,,0.0,,0.6397,1.0
H002,deluxe,2026-05-26,1,False,summer,False,,0.0,,0.6397,1.0
H002,premium,2026-05-26,1,False,summer,False,,0.0,,0.6397,1.0
H002,suite,2026-05-26,1,False,summer,False,,0.0,,0.6397,1.0
H002,standard,2026-05-27,2,False,summer,True,Bakrid,0.0,,0.5303,1.0
H002,deluxe,2026-05-27,2,False,summer,True,Bakrid,0.0,,0.5303,1.0
H002,premium,2026-05-27,2,False,summer,True,Bakrid,0.0,,0.5303,1.0
H002,suite,2026-05-27,2,False,summer,True,Bakrid,0.0,,0.5303,0.9816
H002,standard,2026-05-28,3,False,summer,False,,0.0,,0.7585,1.0
H002,deluxe,2026-05-28,3,False,summer,False,,0.0,,0.7585,1.0
H002,premium,2026-05-28,3,False,summer,False,,0.0,,0.7585,1.0
H002,suite,2026-05-28,3,False,summer,False,,0.0,,0.7585,1.0
H002,standard,2026-05-29,4,False,summer,False,,0.0,,0.4282,1.0
H002,deluxe,2026-05-29,4,False,summer,False,,0.0,,0.4282,1.0
H002,premium,2026-05-29,4,False,summer,False,,0.0,,0.4282,1.0
H002,suite,2026-05-29,4,False,summer,False,,0.0,,0.4282,1.0
H002,standard,2026-05-30,5,True,summer,False,,0.0,,0.6107,0.6473
H002,deluxe,2026-05-30,5,True,summer,False,,0.0,,0.6107,0.6373
H002,premium,2026-05-30,5,True,summer,False,,0.0,,0.6107,0.6207
H002,suite,2026-05-30,5,True,summer,False,,0.0,,0.6107,0.5908
H002,standard,2026-05-31,6,True,summer,False,,0.0,,0.5999,1.0
H002,deluxe,2026-05-31,6,True,summer,False,,0.0,,0.5999,1.0
H002,premium,2026-05-31,6,True,summer,False,,0.0,,0.5999,1.0
H002,suite,2026-05-31,6,True,summer,False,,0.0,,0.5999,1.0
H002,standard,2026-06-01,0,False,monsoon,False,,0.0,,0.3473,0.5207
H002,deluxe,2026-06-01,0,False,monsoon,False,,0.0,,0.3473,0.5127
H002,premium,2026-06-01,0,False,monsoon,False,,0.0,,0.3473,0.4993
H002,suite,2026-06-01,0,False,monsoon,False,,0.0,,0.3473,0.4752
H002,standard,2026-06-02,1,False,monsoon,False,,0.0,,0.1846,0.8995
H002,deluxe,2026-06-02,1,False,monsoon,False,,0.0,,0.1846,0.8856
H002,premium,2026-06-02,1,False,monsoon,False,,0.0,,0.1846,0.8625
H002,suite,2026-06-02,1,False,monsoon,False,,0.0,,0.1846,0.8209
H002,standard,2026-06-03,2,False,monsoon,False,,0.0,,0.4176,1.0
H002,deluxe,2026-06-03,2,False,monsoon,False,,0.0,,0.4176,1.0
H002,premium,2026-06-03,2,False,monsoon,False,,0.0,,0.4176,1.0
H002,suite,2026-06-03,2,False,monsoon,False,,0.0,,0.4176,1.0
H002,standard,2026-06-04,3,False,monsoon,False,,0.0,,0.4159,0.8147
H002,deluxe,2026-06-04,3,False,monsoon,False,,0.0,,0.4159,0.8021
H002,premium,2026-06-04,3,False,monsoon,False,,0.0,,0.4159,0.7812
H002,suite,2026-06-04,3,False,monsoon,False,,0.0,,0.4159,0.7435
H002,standard,2026-06-05,4,False,monsoon,False,,0.0,,0.3659,0.8574
H002,deluxe,2026-06-05,4,False,monsoon,False,,0.0,,0.3659,0.8442
H002,premium,2026-06-05,4,False,monsoon,False,,0.0,,0.3659,0.8222
H002,suite,2026-06-05,4,False,monsoon,False,,0.0,,0.3659,0.7826
H002,standard,2026-06-06,5,True,monsoon,False,,0.0,,0.2621,0.8704
H002,deluxe,2026-06-06,5,True,monsoon,False,,0.0,,0.2621,0.857
H002,premium,2026-06-06,5,True,monsoon,False,,0.0,,0.2621,0.8346
H002,suite,2026-06-06,5,True,monsoon,False,,0.0,,0.2621,0.7944
H002,standard,2026-06-07,6,True,monsoon,False,,0.0,,0.3204,0.7885
H002,deluxe,2026-06-07,6,True,monsoon,False,,0.0,,0.3204,0.7764
H002,premium,2026-06-07,6,True,monsoon,False,,0.0,,0.3204,0.7561
H002,suite,2026-06-07,6,True,monsoon,False,,0.0,,0.3204,0.7197
H002,standard,2026-06-08,0,False,monsoon,False,,0.0,,0.3219,0.9141
H002,deluxe,2026-06-08,0,False,monsoon,False,,0.0,,0.3219,0.9
H002,premium,2026-06-08,0,False,monsoon,False,,0.0,,0.3219,0.8765
H002,suite,2026-06-08,0,False,monsoon,False,,0.0,,0.3219,0.8343
H002,standard,2026-06-09,1,False,monsoon,False,,0.0,,0.4259,0.78
H002,deluxe,2026-06-09,1,False,monsoon,False,,0.0,,0.4259,0.768
H002,premium,2026-06-09,1,False,monsoon,False,,0.0,,0.4259,0.7479
H002,suite,2026-06-09,1,False,monsoon,False,,0.0,,0.4259,0.7119
H002,standard,2026-06-10,2,False,monsoon,False,,0.0,,0.4843,0.7907
H002,deluxe,2026-06-10,2,False,monsoon,False,,0.0,,0.4843,0.7785
H002,premium,2026-06-10,2,False,monsoon,False,,0.0,,0.4843,0.7582
H002,suite,2026-06-10,2,False,monsoon,False,,0.0,,0.4843,0.7217
H002,standard,2026-06-11,3,False,monsoon,False,,0.0,,0.4292,0.4666
H002,deluxe,2026-06-11,3,False,monsoon,False,,0.0,,0.4292,0.4594
H002,premium,2026-06-11,3,False,monsoon,False,,0.0,,0.4292,0.4474
H002,suite,2026-06-11,3,False,monsoon,False,,0.0,,0.4292,0.4259
H002,standard,2026-06-12,4,False,monsoon,False,,0.0,,0.3211,1.0
H002,deluxe,2026-06-12,4,False,monsoon,False,,0.0,,0.3211,1.0
H002,premium,2026-06-12,4,False,monsoon,False,,0.0,,0.3211,1.0
H002,suite,2026-06-12,4,False,monsoon,False,,0.0,,0.3211,0.954
H002,standard,2026-06-13,5,True,monsoon,False,,0.0,,0.3274,0.9159
H002,deluxe,2026-06-13,5,True,monsoon,False,,0.0,,0.3274,0.9018
H002,premium,2026-06-13,5,True,monsoon,False,,0.0,,0.3274,0.8783
H002,suite,2026-06-13,5,True,monsoon,False,,0.0,,0.3274,0.836
H002,standard,2026-06-14,6,True,monsoon,False,,0.0,,0.2968,0.5298
H002,deluxe,2026-06-14,6,True,monsoon,False,,0.0,,0.2968,0.5216
H002,premium,2026-06-14,6,True,monsoon,False,,0.0,,0.2968,0.508
H002,suite,2026-06-14,6,True,monsoon,False,,0.0,,0.2968,0.4835
H002,standard,2026-06-15,0,False,monsoon,False,,0.0,,0.437,0.7723
H002,deluxe,2026-06-15,0,False,monsoon,False,,0.0,,0.437,0.7604
H002,premium,2026-06-15,0,False,monsoon,False,,0.0,,0.437,0.7405
H002,suite,2026-06-15,0,False,monsoon,False,,0.0,,0.437,0.7048
H002,standard,2026-06-16,1,False,monsoon,False,,0.0,,0.3526,1.0
H002,deluxe,2026-06-16,1,False,monsoon,False,,0.0,,0.3526,1.0
H002,premium,2026-06-16,1,False,monsoon,False,,0.0,,0.3526,1.0
H002,suite,2026-06-16,1,False,monsoon,False,,0.0,,0.3526,1.0
H002,standard,2026-06-17,2,False,monsoon,False,,0.0,,0.3481,0.7006
H002,deluxe,2026-06-17,2,False,monsoon,False,,0.0,,0.3481,0.6898
H002,premium,2026-06-17,2,False,monsoon,False,,0.0,,0.3481,0.6718
H002,suite,2026-06-17,2,False,monsoon,False,,0.0,,0.3481,0.6394
H002,standard,2026-06-18,3,False,monsoon,False,,0.0,,0.3785,0.7527
H002,deluxe,2026-06-18,3,False,monsoon,False,,0.0,,0.3785,0.7411
H002,premium,2026-06-18,3,False,monsoon,False,,0.0,,0.3785,0.7217
H002,suite,2026-06-18,3,False,monsoon,False,,0.0,,0.3785,0.6869
H002,standard,2026-06-19,4,False,monsoon,False,,0.0,,0.4156,0.8313
H002,deluxe,2026-06-19,4,False,monsoon,False,,0.0,,0.4156,0.8185
H002,premium,2026-06-19,4,False,monsoon,False,,0.0,,0.4156,0.7971
H002,suite,2026-06-19,4,False,monsoon,False,,0.0,,0.4156,0.7587
H002,standard,2026-06-20,5,True,monsoon,False,,0.0,,0.3205,0.9861
H002,deluxe,2026-06-20,5,True,monsoon,False,,0.0,,0.3205,0.9709
H002,premium,2026-06-20,5,True,monsoon,False,,0.0,,0.3205,0.9456
H002,suite,2026-06-20,5,True,monsoon,False,,0.0,,0.3205,0.9
H002,standard,2026-06-21,6,True,monsoon,False,,0.0,,0.2152,0.5868
H002,deluxe,2026-06-21,6,True,monsoon,False,,0.0,,0.2152,0.5778
H002,premium,2026-06-21,6,True,monsoon,False,,0.0,,0.2152,0.5627
H002,suite,2026-06-21,6,True,monsoon,False,,0.0,,0.2152,0.5356
H002,standard,2026-06-22,0,False,monsoon,False,,0.0,,0.4293,0.7843
H002,deluxe,2026-06-22,0,False,monsoon,False,,0.0,,0.4293,0.7722
H002,premium,2026-06-22,0,False,monsoon,False,,0.0,,0.4293,0.7521
H002,suite,2026-06-22,0,False,monsoon,False,,0.0,,0.4293,0.7158
H002,standard,2026-06-23,1,False,monsoon,False,,0.0,,0.287,1.0
H002,deluxe,2026-06-23,1,False,monsoon,False,,0.0,,0.287,1.0
H002,premium,2026-06-23,1,False,monsoon,False,,0.0,,0.287,1.0
H002,suite,2026-06-23,1,False,monsoon,False,,0.0,,0.287,0.9624
H002,standard,2026-06-24,2,False,monsoon,False,,0.0,,0.467,0.8554
H002,deluxe,2026-06-24,2,False,monsoon,False,,0.0,,0.467,0.8423
H002,premium,2026-06-24,2,False,monsoon,False,,0.0,,0.467,0.8203
H002,suite,2026-06-24,2,False,monsoon,False,,0.0,,0.467,0.7807
H002,standard,2026-06-25,3,False,monsoon,False,,0.0,,0.2907,0.7402
H002,deluxe,2026-06-25,3,False,monsoon,False,,0.0,,0.2907,0.7288
H002,premium,2026-06-25,3,False,monsoon,False,,0.0,,0.2907,0.7097
H002,suite,2026-06-25,3,False,monsoon,False,,0.0,,0.2907,0.6755
H002,standard,2026-06-26,4,False,monsoon,False,,0.0,,0.2897,0.9757
H002,deluxe,2026-06-26,4,False,monsoon,False,,0.0,,0.2897,0.9607
H002,premium,2026-06-26,4,False,monsoon,False,,0.0,,0.2897,0.9356
H002,suite,2026-06-26,4,False,monsoon,False,,0.0,,0.2897,0.8905
H002,standard,2026-06-27,5,True,monsoon,False,,0.0,,0.3658,1.0
H002,deluxe,2026-06-27,5,True,monsoon,False,,0.0,,0.3658,1.0
H002,premium,2026-06-27,5,True,monsoon,False,,0.0,,0.3658,1.0
H002,suite,2026-06-27,5,True,monsoon,False,,0.0,,0.3658,0.9913
H002,standard,2026-06-28,6,True,monsoon,False,,0.0,,0.3372,0.8859
H002,deluxe,2026-06-28,6,True,monsoon,False,,0.0,,0.3372,0.8723
H002,premium,2026-06-28,6,True,monsoon,False,,0.0,,0.3372,0.8495
H002,suite,2026-06-28,6,True,monsoon,False,,0.0,,0.3372,0.8086
H002,standard,2026-06-29,0,False,monsoon,False,,0.0,,0.3521,0.5188
H002,deluxe,2026-06-29,0,False,monsoon,False,,0.0,,0.3521,0.5108
H002,premium,2026-06-29,0,False,monsoon,False,,0.0,,0.3521,0.4975
H002,suite,2026-06-29,0,False,monsoon,False,,0.0,,0.3521,0.4735
H002,standard,2026-06-30,1,False,monsoon,False,,0.0,,0.3505,0.7243
H002,deluxe,2026-06-30,1,False,monsoon,False,,0.0,,0.3505,0.7131
H002,premium,2026-06-30,1,False,monsoon,False,,0.0,,0.3505,0.6945
H002,suite,2026-06-30,1,False,monsoon,False,,0.0,,0.3505,0.661
H002,standard,2026-07-01,2,False,monsoon,False,,0.0,,0.3362,0.8032
H002,deluxe,2026-07-01,2,False,monsoon,False,,0.0,,0.3362,0.7909
H002,premium,2026-07-01,2,False,monsoon,False,,0.0,,0.3362,0.7702
H002,suite,2026-07-01,2,False,monsoon,False,,0.0,,0.3362,0.7331
H002,standard,2026-07-02,3,False,monsoon,False,,0.0,,0.3155,0.7469
H002,deluxe,2026-07-02,3,False,monsoon,False,,0.0,,0.3155,0.7354
H002,premium,2026-07-02,3,False,monsoon,False,,0.0,,0.3155,0.7162
H002,suite,2026-07-02,3,False,monsoon,False,,0.0,,0.3155,0.6817
H002,standard,2026-07-03,4,False,monsoon,False,,0.0,,0.3307,0.53
H002,deluxe,2026-07-03,4,False,monsoon,False,,0.0,,0.3307,0.5219
H002,premium,2026-07-03,4,False,monsoon,False,,0.0,,0.3307,0.5083
H002,suite,2026-07-03,4,False,monsoon,False,,0.0,,0.3307,0.4838
H002,standard,2026-07-04,5,True,monsoon,False,,0.0,,0.3814,0.6619
H002,deluxe,2026-07-04,5,True,monsoon,False,,0.0,,0.3814,0.6517
H002,premium,2026-07-04,5,True,monsoon,False,,0.0,,0.3814,0.6347
H002,suite,2026-07-04,5,True,monsoon,False,,0.0,,0.3814,0.6041
H002,standard,2026-07-05,6,True,monsoon,False,,0.0,,0.164,0.9811
H002,deluxe,2026-07-05,6,True,monsoon,False,,0.0,,0.164,0.966
H002,premium,2026-07-05,6,True,monsoon,False,,0.0,,0.164,0.9408
H002,suite,2026-07-05,6,True,monsoon,False,,0.0,,0.164,0.8954
H002,standard,2026-07-06,0,False,monsoon,False,,0.0,,0.3827,1.0
H002,deluxe,2026-07-06,0,False,monsoon,False,,0.0,,0.3827,1.0
H002,premium,2026-07-06,0,False,monsoon,False,,0.0,,0.3827,1.0
H002,suite,2026-07-06,0,False,monsoon,False,,0.0,,0.3827,0.9578
H002,standard,2026-07-07,1,False,monsoon,False,,0.0,,0.405,0.7627
H002,deluxe,2026-07-07,1,False,monsoon,False,,0.0,,0.405,0.751
H002,premium,2026-07-07,1,False,monsoon,False,,0.0,,0.405,0.7314
H002,suite,2026-07-07,1,False,monsoon,False,,0.0,,0.405,0.6961
H002,standard,2026-07-08,2,False,monsoon,False,,0.0,,0.4008,0.7503
H002,deluxe,2026-07-08,2,False,monsoon,False,,0.0,,0.4008,0.7388
H002,premium,2026-07-08,2,False,monsoon,False,,0.0,,0.4008,0.7195
H002,suite,2026-07-08,2,False,monsoon,False,,0.0,,0.4008,0.6848
H002,standard,2026-07-09,3,False,monsoon,False,,0.0,,0.35,1.0
H002,deluxe,2026-07-09,3,False,monsoon,False,,0.0,,0.35,1.0
H002,premium,2026-07-09,3,False,monsoon,False,,0.0,,0.35,1.0
H002,suite,2026-07-09,3,False,monsoon,False,,0.0,,0.35,0.9615
H002,standard,2026-07-10,4,False,monsoon,False,,0.0,,0.3316,0.662
H002,deluxe,2026-07-10,4,False,monsoon,False,,0.0,,0.3316,0.6518
H002,premium,2026-07-10,4,False,monsoon,False,,0.0,,0.3316,0.6348
H002,suite,2026-07-10,4,False,monsoon,False,,0.0,,0.3316,0.6042
H002,standard,2026-07-11,5,True,monsoon,False,,0.0,,0.3958,0.7607
H002,deluxe,2026-07-11,5,True,monsoon,False,,0.0,,0.3958,0.749
H002,premium,2026-07-11,5,True,monsoon,False,,0.0,,0.3958,0.7295
H002,suite,2026-07-11,5,True,monsoon,False,,0.0,,0.3958,0.6943
H002,standard,2026-07-12,6,True,monsoon,False,,0.0,,0.4821,0.6181
H002,deluxe,2026-07-12,6,True,monsoon,False,,0.0,,0.4821,0.6086
H002,premium,2026-07-12,6,True,monsoon,False,,0.0,,0.4821,0.5927
H002,suite,2026-07-12,6,True,monsoon,False,,0.0,,0.4821,0.5641
H002,standard,2026-07-13,0,False,monsoon,False,,0.0,,0.3929,0.6501
H002,deluxe,2026-07-13,0,False,monsoon,False,,0.0,,0.3929,0.6401
H002,premium,2026-07-13,0,False,monsoon,False,,0.0,,0.3929,0.6234
H002,suite,2026-07-13,0,False,monsoon,False,,0.0,,0.3929,0.5933
H002,standard,2026-07-14,1,False,monsoon,False,,0.0,,0.3984,0.47
H002,deluxe,2026-07-14,1,False,monsoon,False,,0.0,,0.3984,0.4628
H002,premium,2026-07-14,1,False,monsoon,False,,0.0,,0.3984,0.4507
H002,suite,2026-07-14,1,False,monsoon,False,,0.0,,0.3984,0.429
H002,standard,2026-07-15,2,False,monsoon,False,,0.0,,0.4594,0.6368
H002,deluxe,2026-07-15,2,False,monsoon,False,,0.0,,0.4594,0.627
H002,premium,2026-07-15,2,False,monsoon,False,,0.0,,0.4594,0.6106
H002,suite,2026-07-15,2,False,monsoon,False,,0.0,,0.4594,0.5812
H002,standard,2026-07-16,3,False,monsoon,False,,0.0,,0.268,0.981
H002,deluxe,2026-07-16,3,False,monsoon,False,,0.0,,0.268,0.9659
H002,premium,2026-07-16,3,False,monsoon,False,,0.0,,0.268,0.9407
H002,suite,2026-07-16,3,False,monsoon,False,,0.0,,0.268,0.8953
H002,standard,2026-07-17,4,False,monsoon,False,,0.0,,0.2733,0.6397
H002,deluxe,2026-07-17,4,False,monsoon,False,,0.0,,0.2733,0.6299
H002,premium,2026-07-17,4,False,monsoon,False,,0.0,,0.2733,0.6134
H002,suite,2026-07-17,4,False,monsoon,False,,0.0,,0.2733,0.5838
H002,standard,2026-07-18,5,True,monsoon,False,,0.0,,0.4946,0.6938
H002,deluxe,2026-07-18,5,True,monsoon,False,,0.0,,0.4946,0.6831
H002,premium,2026-07-18,5,True,monsoon,False,,0.0,,0.4946,0.6653
H002,suite,2026-07-18,5,True,monsoon,False,,0.0,,0.4946,0.6332
H002,standard,2026-07-19,6,True,monsoon,False,,0.0,,0.3559,0.4113
H002,deluxe,2026-07-19,6,True,monsoon,False,,0.0,,0.3559,0.4049
H002,premium,2026-07-19,6,True,monsoon,False,,0.0,,0.3559,0.3944
H002,suite,2026-07-19,6,True,monsoon,False,,0.0,,0.3559,0.3753
H002,standard,2026-07-20,0,False,monsoon,False,,0.0,,0.4213,0.8579
H002,deluxe,2026-07-20,0,False,monsoon,False,,0.0,,0.4213,0.8447
H002,premium,2026-07-20,0,False,monsoon,False,,0.0,,0.4213,0.8226
H002,suite,2026-07-20,0,False,monsoon,False,,0.0,,0.4213,0.783
H002,standard,2026-07-21,1,False,monsoon,False,,0.0,,0.3553,0.6766
H002,deluxe,2026-07-21,1,False,monsoon,False,,0.0,,0.3553,0.6662
H002,premium,2026-07-21,1,False,monsoon,False,,0.0,,0.3553,0.6488
H002,suite,2026-07-21,1,False,monsoon,False,,0.0,,0.3553,0.6175
H002,standard,2026-07-22,2,False,monsoon,False,,0.0,,0.2147,0.7969
H002,deluxe,2026-07-22,2,False,monsoon,False,,0.0,,0.2147,0.7846
H002,premium,2026-07-22,2,False,monsoon,False,,0.0,,0.2147,0.7642
H002,suite,2026-07-22,2,False,monsoon,False,,0.0,,0.2147,0.7273
H002,standard,2026-07-23,3,False,monsoon,False,,0.0,,0.4324,1.0
H002,deluxe,2026-07-23,3,False,monsoon,False,,0.0,,0.4324,1.0
H002,premium,2026-07-23,3,False,monsoon,False,,0.0,,0.4324,1.0
H002,suite,2026-07-23,3,False,monsoon,False,,0.0,,0.4324,0.9896
H002,standard,2026-07-24,4,False,monsoon,False,,0.0,,0.1957,0.7342
H002,deluxe,2026-07-24,4,False,monsoon,False,,0.0,,0.1957,0.7229
H002,premium,2026-07-24,4,False,monsoon,False,,0.0,,0.1957,0.704
H002,suite,2026-07-24,4,False,monsoon,False,,0.0,,0.1957,0.6701
H002,standard,2026-07-25,5,True,monsoon,False,,0.0,,0.4454,0.6862
H002,deluxe,2026-07-25,5,True,monsoon,False,,0.0,,0.4454,0.6756
H002,premium,2026-07-25,5,True,monsoon,False,,0.0,,0.4454,0.658
H002,suite,2026-07-25,5,True,monsoon,False,,0.0,,0.4454,0.6263
H002,standard,2026-07-26,6,True,monsoon,False,,0.0,,0.4068,0.9422
H002,deluxe,2026-07-26,6,True,monsoon,False,,0.0,,0.4068,0.9277
H002,premium,2026-07-26,6,True,monsoon,False,,0.0,,0.4068,0.9035
H002,suite,2026-07-26,6,True,monsoon,False,,0.0,,0.4068,0.8599
H002,standard,2026-07-27,0,False,monsoon,False,,0.0,,0.3106,1.0
H002,deluxe,2026-07-27,0,False,monsoon,False,,0.0,,0.3106,1.0
H002,premium,2026-07-27,0,False,monsoon,False,,0.0,,0.3106,1.0
H002,suite,2026-07-27,0,False,monsoon,False,,0.0,,0.3106,0.9782
H002,standard,2026-07-28,1,False,monsoon,False,,0.0,,0.3277,0.7163
H002,deluxe,2026-07-28,1,False,monsoon,False,,0.0,,0.3277,0.7053
H002,premium,2026-07-28,1,False,monsoon,False,,0.0,,0.3277,0.6869
H002,suite,2026-07-28,1,False,monsoon,False,,0.0,,0.3277,0.6538
H002,standard,2026-07-29,2,False,monsoon,False,,0.0,,0.3991,1.0
H002,deluxe,2026-07-29,2,False,monsoon,False,,0.0,,0.3991,1.0
H002,premium,2026-07-29,2,False,monsoon,False,,0.0,,0.3991,1.0
H002,suite,2026-07-29,2,False,monsoon,False,,0.0,,0.3991,1.0
H002,standard,2026-07-30,3,False,monsoon,False,,0.0,,0.2877,0.6267
H002,deluxe,2026-07-30,3,False,monsoon,False,,0.0,,0.2877,0.6171
H002,premium,2026-07-30,3,False,monsoon,False,,0.0,,0.2877,0.601
H002,suite,2026-07-30,3,False,monsoon,False,,0.0,,0.2877,0.572
H002,standard,2026-07-31,4,False,monsoon,False,,0.0,,0.4488,0.5954
H002,deluxe,2026-07-31,4,False,monsoon,False,,0.0,,0.4488,0.5863
H002,premium,2026-07-31,4,False,monsoon,False,,0.0,,0.4488,0.571
H002,suite,2026-07-31,4,False,monsoon,False,,0.0,,0.4488,0.5434
H002,standard,2026-08-01,5,True,monsoon,False,,0.0,,0.2849,0.765
H002,deluxe,2026-08-01,5,True,monsoon,False,,0.0,,0.2849,0.7532
H002,premium,2026-08-01,5,True,monsoon,False,,0.0,,0.2849,0.7336
H002,suite,2026-08-01,5,True,monsoon,False,,0.0,,0.2849,0.6982
H002,standard,2026-08-02,6,True,monsoon,False,,0.0,,0.2752,0.8063
H002,deluxe,2026-08-02,6,True,monsoon,False,,0.0,,0.2752,0.7938
H002,premium,2026-08-02,6,True,monsoon,False,,0.0,,0.2752,0.7731
H002,suite,2026-08-02,6,True,monsoon,False,,0.0,,0.2752,0.7359
H002,standard,2026-08-03,0,False,monsoon,False,,0.0,,0.4448,0.6168
H002,deluxe,2026-08-03,0,False,monsoon,False,,0.0,,0.4448,0.6073
H002,premium,2026-08-03,0,False,monsoon,False,,0.0,,0.4448,0.5915
H002,suite,2026-08-03,0,False,monsoon,False,,0.0,,0.4448,0.563
H002,standard,2026-08-04,1,False,monsoon,False,,0.0,,0.4079,0.8232
H002,deluxe,2026-08-04,1,False,monsoon,False,,0.0,,0.4079,0.8105
H002,premium,2026-08-04,1,False,monsoon,False,,0.0,,0.4079,0.7894
H002,suite,2026-08-04,1,False,monsoon,False,,0.0,,0.4079,0.7513
H002,standard,2026-08-05,2,False,monsoon,False,,0.0,,0.3418,0.4441
H002,deluxe,2026-08-05,2,False,monsoon,False,,0.0,,0.3418,0.4372
H002,premium,2026-08-05,2,False,monsoon,False,,0.0,,0.3418,0.4258
H002,suite,2026-08-05,2,False,monsoon,False,,0.0,,0.3418,0.4053
H002,standard,2026-08-06,3,False,monsoon,False,,0.0,,0.3091,0.92
H002,deluxe,2026-08-06,3,False,monsoon,False,,0.0,,0.3091,0.9059
H002,premium,2026-08-06,3,False,monsoon,False,,0.0,,0.3091,0.8822
H002,suite,2026-08-06,3,False,monsoon,False,,0.0,,0.3091,0.8397
H002,standard,2026-08-07,4,False,monsoon,False,,0.0,,0.2936,1.0
H002,deluxe,2026-08-07,4,False,monsoon,False,,0.0,,0.2936,1.0
H002,premium,2026-08-07,4,False,monsoon,False,,0.0,,0.2936,1.0
H002,suite,2026-08-07,4,False,monsoon,False,,0.0,,0.2936,0.9595
H002,standard,2026-08-08,5,True,monsoon,False,,0.0,,0.4344,1.0
H002,deluxe,2026-08-08,5,True,monsoon,False,,0.0,,0.4344,1.0
H002,premium,2026-08-08,5,True,monsoon,False,,0.0,,0.4344,1.0
H002,suite,2026-08-08,5,True,monsoon,False,,0.0,,0.4344,1.0
H002,standard,2026-08-09,6,True,monsoon,False,,0.0,,0.343,0.7284
H002,deluxe,2026-08-09,6,True,monsoon,False,,0.0,,0.343,0.7171
H002,premium,2026-08-09,6,True,monsoon,False,,0.0,,0.343,0.6984
H002,suite,2026-08-09,6,True,monsoon,False,,0.0,,0.343,0.6648
H002,standard,2026-08-10,0,False,monsoon,False,,0.0,,0.3599,0.6032
H002,deluxe,2026-08-10,0,False,monsoon,False,,0.0,,0.3599,0.5939
H002,premium,2026-08-10,0,False,monsoon,False,,0.0,,0.3599,0.5784
H002,suite,2026-08-10,0,False,monsoon,False,,0.0,,0.3599,0.5505
H002,standard,2026-08-11,1,False,monsoon,False,,0.0,,0.3012,0.7678
H002,deluxe,2026-08-11,1,False,monsoon,False,,0.0,,0.3012,0.756
H002,premium,2026-08-11,1,False,monsoon,False,,0.0,,0.3012,0.7363
H002,suite,2026-08-11,1,False,monsoon,False,,0.0,,0.3012,0.7008
H002,standard,2026-08-12,2,False,monsoon,False,,0.0,,0.2489,0.8399
H002,deluxe,2026-08-12,2,False,monsoon,False,,0.0,,0.2489,0.827
H002,premium,2026-08-12,2,False,monsoon,False,,0.0,,0.2489,0.8054
H002,suite,2026-08-12,2,False,monsoon,False,,0.0,,0.2489,0.7666
H002,standard,2026-08-13,3,False,monsoon,False,,0.0,,0.2755,1.0
H002,deluxe,2026-08-13,3,False,monsoon,False,,0.0,,0.2755,1.0
H002,premium,2026-08-13,3,False,monsoon,False,,0.0,,0.2755,1.0
H002,suite,2026-08-13,3,False,monsoon,False,,0.0,,0.2755,1.0
H002,standard,2026-08-14,4,False,monsoon,False,,0.0,,0.4225,0.8713
H002,deluxe,2026-08-14,4,False,monsoon,False,,0.0,,0.4225,0.8579
H002,premium,2026-08-14,4,False,monsoon,False,,0.0,,0.4225,0.8355
H002,suite,2026-08-14,4,False,monsoon,False,,0.0,,0.4225,0.7952
H002,standard,2026-08-15,5,True,monsoon,True,Independence Day,0.0,,0.3385,1.0
H002,deluxe,2026-08-15,5,True,monsoon,True,Independence Day,0.0,,0.3385,1.0
H002,premium,2026-08-15,5,True,monsoon,True,Independence Day,0.0,,0.3385,1.0
H002,suite,2026-08-15,5,True,monsoon,True,Independence Day,0.0,,0.3385,0.9544
H002,standard,2026-08-16,6,True,monsoon,False,,0.0,,0.3074,0.9321
H002,deluxe,2026-08-16,6,True,monsoon,False,,0.0,,0.3074,0.9177
H002,premium,2026-08-16,6,True,monsoon,False,,0.0,,0.3074,0.8938
H002,suite,2026-08-16,6,True,monsoon,False,,0.0,,0.3074,0.8507
H002,standard,2026-08-17,0,False,monsoon,False,,0.0,,0.438,0.9016
H002,deluxe,2026-08-17,0,False,monsoon,False,,0.0,,0.438,0.8877
H002,premium,2026-08-17,0,False,monsoon,False,,0.0,,0.438,0.8645
H002,suite,2026-08-17,0,False,monsoon,False,,0.0,,0.438,0.8228
H002,standard,2026-08-18,1,False,monsoon,False,,0.0,,0.3568,0.5464
H002,deluxe,2026-08-18,1,False,monsoon,False,,0.0,,0.3568,0.538
H002,premium,2026-08-18,1,False,monsoon,False,,0.0,,0.3568,0.5239
H002,suite,2026-08-18,1,False,monsoon,False,,0.0,,0.3568,0.4987
H002,standard,2026-08-19,2,False,monsoon,False,,0.0,,0.2456,1.0
H002,deluxe,2026-08-19,2,False,monsoon,False,,0.0,,0.2456,1.0
H002,premium,2026-08-19,2,False,monsoon,False,,0.0,,0.2456,1.0
H002,suite,2026-08-19,2,False,monsoon,False,,0.0,,0.2456,1.0
H002,standard,2026-08-20,3,False,monsoon,False,,0.0,,0.3863,0.8015
H002,deluxe,2026-08-20,3,False,monsoon,False,,0.0,,0.3863,0.7891
H002,premium,2026-08-20,3,False,monsoon,False,,0.0,,0.3863,0.7685
H002,suite,2026-08-20,3,False,monsoon,False,,0.0,,0.3863,0.7315
H002,standard,2026-08-21,4,False,monsoon,False,,0.0,,0.3818,0.7225
H002,deluxe,2026-08-21,4,False,monsoon,False,,0.0,,0.3818,0.7114
H002,premium,2026-08-21,4,False,monsoon,False,,0.0,,0.3818,0.6928
H002,suite,2026-08-21,4,False,monsoon,False,,0.0,,0.3818,0.6594
H002,standard,2026-08-22,5,True,monsoon,False,,0.0,,0.3817,0.7139
H002,deluxe,2026-08-22,5,True,monsoon,False,,0.0,,0.3817,0.7029
H002,premium,2026-08-22,5,True,monsoon,False,,0.0,,0.3817,0.6845
H002,suite,2026-08-22,5,True,monsoon,False,,0.0,,0.3817,0.6515
H002,standard,2026-08-23,6,True,monsoon,False,,0.0,,0.3694,0.5588
H002,deluxe,2026-08-23,6,True,monsoon,False,,0.0,,0.3694,0.5502
H002,premium,2026-08-23,6,True,monsoon,False,,0.0,,0.3694,0.5358
H002,suite,2026-08-23,6,True,monsoon,False,,0.0,,0.3694,0.51
H002,standard,2026-08-24,0,False,monsoon,False,,0.0,,0.2895,0.8244
H002,deluxe,2026-08-24,0,False,monsoon,False,,0.0,,0.2895,0.8117
H002,premium,2026-08-24,0,False,monsoon,False,,0.0,,0.2895,0.7905
H002,suite,2026-08-24,0,False,monsoon,False,,0.0,,0.2895,0.7524
H003,standard,2025-08-25,0,False,monsoon,False,,0.0,,0.7946,0.9849
H003,deluxe,2025-08-25,0,False,monsoon,False,,0.0,,0.7946,0.9697
H003,premium,2025-08-25,0,False,monsoon,False,,0.0,,0.7946,0.9444
H003,suite,2025-08-25,0,False,monsoon,False,,0.0,,0.7946,0.8989
H003,standard,2025-08-26,1,False,monsoon,False,,0.0,,0.6837,1.0
H003,deluxe,2025-08-26,1,False,monsoon,False,,0.0,,0.6837,1.0
H003,premium,2025-08-26,1,False,monsoon,False,,0.0,,0.6837,1.0
H003,suite,2025-08-26,1,False,monsoon,False,,0.0,,0.6837,1.0
H003,standard,2025-08-27,2,False,monsoon,True,Ganesh Chaturthi,0.0,,0.6235,0.9718
H003,deluxe,2025-08-27,2,False,monsoon,True,Ganesh Chaturthi,0.0,,0.6235,0.9568
H003,premium,2025-08-27,2,False,monsoon,True,Ganesh Chaturthi,0.0,,0.6235,0.9318
H003,suite,2025-08-27,2,False,monsoon,True,Ganesh Chaturthi,0.0,,0.6235,0.8869
H003,standard,2025-08-28,3,False,monsoon,False,,0.0,,0.7246,1.0
H003,deluxe,2025-08-28,3,False,monsoon,False,,0.0,,0.7246,1.0
H003,premium,2025-08-28,3,False,monsoon,False,,0.0,,0.7246,1.0
H003,suite,2025-08-28,3,False,monsoon,False,,0.0,,0.7246,1.0
H003,standard,2025-08-29,4,False,monsoon,False,,0.0,,0.6317,0.9441
H003,deluxe,2025-08-29,4,False,monsoon,False,,0.0,,0.6317,0.9295
H003,premium,2025-08-29,4,False,monsoon,False,,0.0,,0.6317,0.9053
H003,suite,2025-08-29,4,False,monsoon,False,,0.0,,0.6317,0.8616
H003,standard,2025-08-30,5,True,monsoon,False,,0.0,,0.7111,0.4067
H003,deluxe,2025-08-30,5,True,monsoon,False,,0.0,,0.7111,0.4004
H003,premium,2025-08-30,5,True,monsoon,False,,0.0,,0.7111,0.39
H003,suite,2025-08-30,5,True,monsoon,False,,0.0,,0.7111,0.3712
H003,standard,2025-08-31,6,True,monsoon,False,,0.0,,0.6008,0.6912
H003,deluxe,2025-08-31,6,True,monsoon,False,,0.0,,0.6008,0.6806
H003,premium,2025-08-31,6,True,monsoon,False,,0.0,,0.6008,0.6628
H003,suite,2025-08-31,6,True,monsoon,False,,0.0,,0.6008,0.6309
H003,standard,2025-09-01,0,False,monsoon,False,,0.0,,0.746,0.7987
H003,deluxe,2025-09-01,0,False,monsoon,False,,0.0,,0.746,0.7864
H003,premium,2025-09-01,0,False,monsoon,False,,0.0,,0.746,0.7659
H003,suite,2025-09-01,0,False,monsoon,False,,0.0,,0.746,0.7289
H003,standard,2025-09-02,1,False,monsoon,False,,0.0,,0.6859,0.6861
H003,deluxe,2025-09-02,1,False,monsoon,False,,0.0,,0.6859,0.6755
H003,premium,2025-09-02,1,False,monsoon,False,,0.0,,0.6859,0.6579
H003,suite,2025-09-02,1,False,monsoon,False,,0.0,,0.6859,0.6262
H003,standard,2025-09-03,2,False,monsoon,False,,0.0,,0.6811,0.7129
H003,deluxe,2025-09-03,2,False,monsoon,False,,0.0,,0.6811,0.702
H003,premium,2025-09-03,2,False,monsoon,False,,0.0,,0.6811,0.6836
H003,suite,2025-09-03,2,False,monsoon,False,,0.0,,0.6811,0.6507
H003,standard,2025-09-04,3,False,monsoon,False,,0.0,,0.681,0.6225
H003,deluxe,2025-09-04,3,False,monsoon,False,,0.0,,0.681,0.6129
H003,premium,2025-09-04,3,False,monsoon,False,,0.0,,0.681,0.597
H003,suite,2025-09-04,3,False,monsoon,False,,0.0,,0.681,0.5682
H003,standard,2025-09-05,4,False,monsoon,False,,0.0,,0.6148,0.6121
H003,deluxe,2025-09-05,4,False,monsoon,False,,0.0,,0.6148,0.6027
H003,premium,2025-09-05,4,False,monsoon,False,,0.0,,0.6148,0.587
H003,suite,2025-09-05,4,False,monsoon,False,,0.0,,0.6148,0.5587
H003,standard,2025-09-06,5,True,monsoon,False,,0.0,,0.7133,0.7687
H003,deluxe,2025-09-06,5,True,monsoon,False,,0.0,,0.7133,0.7568
H003,premium,2025-09-06,5,True,monsoon,False,,0.0,,0.7133,0.7371
H003,suite,2025-09-06,5,True,monsoon,False,,0.0,,0.7133,0.7015
H003,standard,2025-09-07,6,True,monsoon,False,,0.0,,0.6526,0.8098
H003,deluxe,2025-09-07,6,True,monsoon,False,,0.0,,0.6526,0.7973
H003,premium,2025-09-07,6,True,monsoon,False,,0.0,,0.6526,0.7765
H003,suite,2025-09-07,6,True,monsoon,False,,0.0,,0.6526,0.7391
H003,standard,2025-09-08,0,False,monsoon,False,,0.0,,0.7291,0.7469
H003,deluxe,2025-09-08,0,False,monsoon,False,,0.0,,0.7291,0.7354
H003,premium,2025-09-08,0,False,monsoon,False,,0.0,,0.7291,0.7162
H003,suite,2025-09-08,0,False,monsoon,False,,0.0,,0.7291,0.6817
H003,standard,2025-09-09,1,False,monsoon,False,,0.0,,0.5756,0.9477
H003,deluxe,2025-09-09,1,False,monsoon,False,,0.0,,0.5756,0.9331
H003,premium,2025-09-09,1,False,monsoon,False,,0.0,,0.5756,0.9088
H003,suite,2025-09-09,1,False,monsoon,False,,0.0,,0.5756,0.865
H003,standard,2025-09-10,2,False,monsoon,False,,0.0,,0.6387,1.0
H003,deluxe,2025-09-10,2,False,monsoon,False,,0.0,,0.6387,1.0
H003,premium,2025-09-10,2,False,monsoon,False,,0.0,,0.6387,1.0
H003,suite,2025-09-10,2,False,monsoon,False,,0.0,,0.6387,1.0
H003,standard,2025-09-11,3,False,monsoon,False,,0.0,,0.5992,0.8266
H003,deluxe,2025-09-11,3,False,monsoon,False,,0.0,,0.5992,0.8139
H003,premium,2025-09-11,3,False,monsoon,False,,0.0,,0.5992,0.7926
H003,suite,2025-09-11,3,False,monsoon,False,,0.0,,0.5992,0.7544
H003,standard,2025-09-12,4,False,monsoon,False,,0.0,,0.696,1.0
H003,deluxe,2025-09-12,4,False,monsoon,False,,0.0,,0.696,1.0
H003,premium,2025-09-12,4,False,monsoon,False,,0.0,,0.696,1.0
H003,suite,2025-09-12,4,False,monsoon,False,,0.0,,0.696,1.0
H003,standard,2025-09-13,5,True,monsoon,False,,0.0,,0.7434,0.6216
H003,deluxe,2025-09-13,5,True,monsoon,False,,0.0,,0.7434,0.612
H003,premium,2025-09-13,5,True,monsoon,False,,0.0,,0.7434,0.5961
H003,suite,2025-09-13,5,True,monsoon,False,,0.0,,0.7434,0.5673
H003,standard,2025-09-14,6,True,monsoon,False,,0.0,,0.6222,1.0
H003,deluxe,2025-09-14,6,True,monsoon,False,,0.0,,0.6222,1.0
H003,premium,2025-09-14,6,True,monsoon,False,,0.0,,0.6222,1.0
H003,suite,2025-09-14,6,True,monsoon,False,,0.0,,0.6222,1.0
H003,standard,2025-09-15,0,False,monsoon,False,,0.0,,0.6207,0.5957
H003,deluxe,2025-09-15,0,False,monsoon,False,,0.0,,0.6207,0.5865
H003,premium,2025-09-15,0,False,monsoon,False,,0.0,,0.6207,0.5712
H003,suite,2025-09-15,0,False,monsoon,False,,0.0,,0.6207,0.5437
H003,standard,2025-09-16,1,False,monsoon,False,,0.0,,0.7237,1.0
H003,deluxe,2025-09-16,1,False,monsoon,False,,0.0,,0.7237,1.0
H003,premium,2025-09-16,1,False,monsoon,False,,0.0,,0.7237,1.0
H003,suite,2025-09-16,1,False,monsoon,False,,0.0,,0.7237,1.0
H003,standard,2025-09-17,2,False,monsoon,False,,0.0,,0.7324,0.9939
H003,deluxe,2025-09-17,2,False,monsoon,False,,0.0,,0.7324,0.9785
H003,premium,2025-09-17,2,False,monsoon,False,,0.0,,0.7324,0.953
H003,suite,2025-09-17,2,False,monsoon,False,,0.0,,0.7324,0.9071
H003,standard,2025-09-18,3,False,monsoon,False,,0.0,,0.5261,1.0
H003,deluxe,2025-09-18,3,False,monsoon,False,,0.0,,0.5261,1.0
H003,premium,2025-09-18,3,False,monsoon,False,,0.0,,0.5261,1.0
H003,suite,2025-09-18,3,False,monsoon,False,,0.0,,0.5261,1.0
H003,standard,2025-09-19,4,False,monsoon,False,,0.0,,0.7009,1.0
H003,deluxe,2025-09-19,4,False,monsoon,False,,0.0,,0.7009,1.0
H003,premium,2025-09-19,4,False,monsoon,False,,0.0,,0.7009,1.0
H003,suite,2025-09-19,4,False,monsoon,False,,0.0,,0.7009,1.0
H003,standard,2025-09-20,5,True,monsoon,False,,0.0,,0.5623,0.6104
H003,deluxe,2025-09-20,5,True,monsoon,False,,0.0,,0.5623,0.601
H003,premium,2025-09-20,5,True,monsoon,False,,0.0,,0.5623,0.5853
H003,suite,2025-09-20,5,True,monsoon,False,,0.0,,0.5623,0.5571
H003,standard,2025-09-21,6,True,monsoon,False,,0.0,,0.7684,0.6111
H003,deluxe,2025-09-21,6,True,monsoon,False,,0.0,,0.7684,0.6017
H003,premium,2025-09-21,6,True,monsoon,False,,0.0,,0.7684,0.586
H003,suite,2025-09-21,6,True,monsoon,False,,0.0,,0.7684,0.5577
H003,standard,2025-09-22,0,False,monsoon,False,,0.0,,0.7423,1.0
H003,deluxe,2025-09-22,0,False,monsoon,False,,0.0,,0.7423,1.0
H003,premium,2025-09-22,0,False,monsoon,False,,0.0,,0.7423,1.0
H003,suite,2025-09-22,0,False,monsoon,False,,0.0,,0.7423,0.9971
H003,standard,2025-09-23,1,False,monsoon,False,,0.0,,0.6397,0.8855
H003,deluxe,2025-09-23,1,False,monsoon,False,,0.0,,0.6397,0.8718
H003,premium,2025-09-23,1,False,monsoon,False,,0.0,,0.6397,0.8491
H003,suite,2025-09-23,1,False,monsoon,False,,0.0,,0.6397,0.8081
H003,standard,2025-09-24,2,False,monsoon,False,,0.0,,0.6942,0.5168
H003,deluxe,2025-09-24,2,False,monsoon,False,,0.0,,0.6942,0.5089
H003,premium,2025-09-24,2,False,monsoon,False,,0.0,,0.6942,0.4956
H003,suite,2025-09-24,2,False,monsoon,False,,0.0,,0.6942,0.4717
H003,standard,2025-09-25,3,False,monsoon,False,,0.0,,0.7153,1.0
H003,deluxe,2025-09-25,3,False,monsoon,False,,0.0,,0.7153,0.9993
H003,premium,2025-09-25,3,False,monsoon,False,,0.0,,0.7153,0.9733
H003,suite,2025-09-25,3,False,monsoon,False,,0.0,,0.7153,0.9264
H003,standard,2025-09-26,4,False,monsoon,False,,0.0,,0.581,1.0
H003,deluxe,2025-09-26,4,False,monsoon,False,,0.0,,0.581,0.9941
H003,premium,2025-09-26,4,False,monsoon,False,,0.0,,0.581,0.9681
H003,suite,2025-09-26,4,False,monsoon,False,,0.0,,0.581,0.9215
H003,standard,2025-09-27,5,True,monsoon,False,,0.0,,0.7582,0.9687
H003,deluxe,2025-09-27,5,True,monsoon,False,,0.0,,0.7582,0.9538
H003,premium,2025-09-27,5,True,monsoon,False,,0.0,,0.7582,0.9289
H003,suite,2025-09-27,5,True,monsoon,False,,0.0,,0.7582,0.8841
H003,standard,2025-09-28,6,True,monsoon,False,,0.0,,0.6587,0.7405
H003,deluxe,2025-09-28,6,True,monsoon,False,,0.0,,0.6587,0.7291
H003,premium,2025-09-28,6,True,monsoon,False,,0.0,,0.6587,0.7101
H003,suite,2025-09-28,6,True,monsoon,False,,0.0,,0.6587,0.6758
H003,standard,2025-09-29,0,False,monsoon,False,,0.0,,0.6395,0.7435
H003,deluxe,2025-09-29,0,False,monsoon,False,,0.0,,0.6395,0.7321
H003,premium,2025-09-29,0,False,monsoon,False,,0.0,,0.6395,0.713
H003,suite,2025-09-29,0,False,monsoon,False,,0.0,,0.6395,0.6786
H003,standard,2025-09-30,1,False,monsoon,False,,0.0,,0.7658,0.853
H003,deluxe,2025-09-30,1,False,monsoon,False,,0.0,,0.7658,0.8398
H003,premium,2025-09-30,1,False,monsoon,False,,0.0,,0.7658,0.8179
H003,suite,2025-09-30,1,False,monsoon,False,,0.0,,0.7658,0.7785
H003,standard,2025-10-01,2,False,autumn,False,,0.0,,0.9063,1.0
H003,deluxe,2025-10-01,2,False,autumn,False,,0.0,,0.9063,1.0
H003,premium,2025-10-01,2,False,autumn,False,,0.0,,0.9063,0.9971
H003,suite,2025-10-01,2,False,autumn,False,,0.0,,0.9063,0.9491
H003,standard,2025-10-02,3,False,autumn,True,Dussehra,0.0,,0.8944,1.0
H003,deluxe,2025-10-02,3,False,autumn,True,Dussehra,0.0,,0.8944,1.0
H003,premium,2025-10-02,3,False,autumn,True,Dussehra,0.0,,0.8944,1.0
H003,suite,2025-10-02,3,False,autumn,True,Dussehra,0.0,,0.8944,1.0
H003,standard,2025-10-03,4,False,autumn,False,,0.0,,0.8533,0.7292
H003,deluxe,2025-10-03,4,False,autumn,False,,0.0,,0.8533,0.7179
H003,premium,2025-10-03,4,False,autumn,False,,0.0,,0.8533,0.6992
H003,suite,2025-10-03,4,False,autumn,False,,0.0,,0.8533,0.6655
H003,standard,2025-10-04,5,True,autumn,False,,0.0,,0.7484,0.9604
H003,deluxe,2025-10-04,5,True,autumn,False,,0.0,,0.7484,0.9456
H003,premium,2025-10-04,5,True,autumn,False,,0.0,,0.7484,0.921
H003,suite,2025-10-04,5,True,autumn,False,,0.0,,0.7484,0.8766
H003,standard,2025-10-05,6,True,autumn,False,,0.0,,1.0,0.6121
H003,deluxe,2025-10-05,6,True,autumn,False,,0.0,,1.0,0.6027
H003,premium,2025-10-05,6,True,autumn,False,,0.0,,1.0,0.587
H003,suite,2025-10-05,6,True,autumn,False,,0.0,,1.0,0.5587
H003,standard,2025-10-06,0,False,autumn,False,,0.0,,0.8241,1.0
H003,deluxe,2025-10-06,0,False,autumn,False,,0.0,,0.8241,1.0
H003,premium,2025-10-06,0,False,autumn,False,,0.0,,0.8241,0.9887
H003,suite,2025-10-06,0,False,autumn,False,,0.0,,0.8241,0.9411
H003,standard,2025-10-07,1,False,autumn,False,,0.0,,0.9917,1.0
H003,deluxe,2025-10-07,1,False,autumn,False,,0.0,,0.9917,1.0
H003,premium,2025-10-07,1,False,autumn,False,,0.0,,0.9917,1.0
H003,suite,2025-10-07,1,False,autumn,False,,0.0,,0.9917,1.0
H003,standard,2025-10-08,2,False,autumn,False,,0.0,,0.9585,1.0
H003,deluxe,2025-10-08,2,False,autumn,False,,0.0,,0.9585,1.0
H003,premium,2025-10-08,2,False,autumn,False,,0.0,,0.9585,1.0
H003,suite,2025-10-08,2,False,autumn,False,,0.0,,0.9585,1.0
H003,standard,2025-10-09,3,False,autumn,False,,0.0,,0.9334,1.0
H003,deluxe,2025-10-09,3,False,autumn,False,,0.0,,0.9334,1.0
H003,premium,2025-10-09,3,False,autumn,False,,0.0,,0.9334,1.0
H003,suite,2025-10-09,3,False,autumn,False,,0.0,,0.9334,1.0
H003,standard,2025-10-10,4,False,autumn,False,,0.0,,0.7489,0.7036
H003,deluxe,2025-10-10,4,False,autumn,False,,0.0,,0.7489,0.6928
H003,premium,2025-10-10,4,False,autumn,False,,0.0,,0.7489,0.6747
H003,suite,2025-10-10,4,False,autumn,False,,0.0,,0.7489,0.6422
H003,standard,2025-10-11,5,True,autumn,False,,0.0,,0.8898,0.4185
H003,deluxe,2025-10-11,5,True,autumn,False,,0.0,,0.8898,0.412
H003,premium,2025-10-11,5,True,autumn,False,,0.0,,0.8898,0.4013
H003,suite,2025-10-11,5,True,autumn,False,,0.0,,0.8898,0.3819
H003,standard,2025-10-12,6,True,autumn,False,,0.0,,0.8441,1.0
H003,deluxe,2025-10-12,6,True,autumn,False,,0.0,,0.8441,0.9941
H003,premium,2025-10-12,6,True,autumn,False,,0.0,,0.8441,0.9681
H003,suite,2025-10-12,6,True,autumn,False,,0.0,,0.8441,0.9215
H003,standard,2025-10-13,0,False,autumn,False,,0.0,,0.9753,1.0
H003,deluxe,2025-10-13,0,False,autumn,False,,0.0,,0.9753,1.0
H003,premium,2025-10-13,0,False,autumn,False,,0.0,,0.9753,1.0
H003,suite,2025-10-13,0,False,autumn,False,,0.0,,0.9753,0.9926
H003,standard,2025-10-14,1,False,autumn,False,,0.0,,0.8877,0.924
H003,deluxe,2025-10-14,1,False,autumn,False,,0.0,,0.8877,0.9098
H003,premium,2025-10-14,1,False,autumn,False,,0.0,,0.8877,0.886
H003,suite,2025-10-14,1,False,autumn,False,,0.0,,0.8877,0.8433
H003,standard,2025-10-15,2,False,autumn,False,,0.0,,1.0,0.9851
H003,deluxe,2025-10-15,2,False,autumn,False,,0.0,,1.0,0.9699
H003,premium,2025-10-15,2,False,autumn,False,,0.0,,1.0,0.9446
H003,suite,2025-10-15,2,False,autumn,False,,0.0,,1.0,0.8991
H003,standard,2025-10-16,3,False,autumn,False,,0.0,,0.8851,0.9531
H003,deluxe,2025-10-16,3,False,autumn,False,,0.0,,0.8851,0.9384
H003,premium,2025-10-16,3,False,autumn,False,,0.0,,0.8851,0.9139
H003,suite,2025-10-16,3,False,autumn,False,,0.0,,0.8851,0.8699
H003,standard,2025-10-17,4,False,autumn,False,,0.0,,0.9241,1.0
H003,deluxe,2025-10-17,4,False,autumn,False,,0.0,,0.9241,1.0
H003,premium,2025-10-17,4,False,autumn,False,,0.0,,0.9241,1.0
H003,suite,2025-10-17,4,False,autumn,False,,0.0,,0.9241,1.0
H003,standard,2025-10-18,5,True,autumn,False,,0.0,,0.832,0.5834
H003,deluxe,2025-10-18,5,True,autumn,False,,0.0,,0.832,0.5744
H003,premium,2025-10-18,5,True,autumn,False,,0.0,,0.832,0.5594
H003,suite,2025-10-18,5,True,autumn,False,,0.0,,0.832,0.5325
H003,standard,2025-10-19,6,True,autumn,False,,0.0,,0.9696,0.9291
H003,deluxe,2025-10-19,6,True,autumn,False,,0.0,,0.9696,0.9148
H003,premium,2025-10-19,6,True,autumn,False,,0.0,,0.9696,0.891
H003,suite,2025-10-19,6,True,autumn,False,,0.0,,0.9696,0.848
H003,standard,2025-10-20,0,False,autumn,True,Diwali,0.0,,0.7567,1.0
H003,deluxe,2025-10-20,0,False,autumn,True,Diwali,0.0,,0.7567,1.0
H003,premium,2025-10-20,0,False,autumn,True,Diwali,0.0,,0.7567,0.9977
H003,suite,2025-10-20,0,False,autumn,True,Diwali,0.0,,0.7567,0.9496
H003,standard,2025-10-21,1,False,autumn,False,,0.0,,0.664,1.0
H003,deluxe,2025-10-21,1,False,autumn,False,,0.0,,0.664,1.0
H003,premium,2025-10-21,1,False,autumn,False,,0.0,,0.664,1.0
H003,suite,2025-10-21,1,False,autumn,False,,0.0,,0.664,1.0
H003,standard,2025-10-22,2,False,autumn,False,,0.0,,0.8589,1.0
H003,deluxe,2025-10-22,2,False,autumn,False,,0.0,,0.8589,1.0
H003,premium,2025-10-22,2,False,autumn,False,,0.0,,0.8589,1.0
H003,suite,2025-10-22,2,False,autumn,False,,0.0,,0.8589,0.9652
H003,standard,2025-10-23,3,False,autumn,False,,0.0,,0.844,1.0
H003,deluxe,2025-10-23,3,False,autumn,False,,0.0,,0.844,1.0
H003,premium,2025-10-23,3,False,autumn,False,,0.0,,0.844,1.0
H003,suite,2025-10-23,3,False,autumn,False,,0.0,,0.844,1.0
H003,standard,2025-10-24,4,False,autumn,False,,0.0,,0.9131,0.7849
H003,deluxe,2025-10-24,4,False,autumn,False,,0.0,,0.9131,0.7728
H003,premium,2025-10-24,4,False,autumn,False,,0.0,,0.9131,0.7526
H003,suite,2025-10-24,4,False,autumn,False,,0.0,,0.9131,0.7164
H003,standard,2025-10-25,5,True,autumn,False,,0.0,,0.866,0.5081
H003,deluxe,2025-10-25,5,True,autumn,False,,0.0,,0.866,0.5002
H003,premium,2025-10-25,5,True,autumn,False,,0.0,,0.866,0.4872
H003,suite,2025-10-25,5,True,autumn,False,,0.0,,0.866,0.4637
H003,standard,2025-10-26,6,True,autumn,False,,0.0,,1.0,0.5179
H003,deluxe,2025-10-26,6,True,autumn,False,,0.0,,1.0,0.5099
H003,premium,2025-10-26,6,True,autumn,False,,0.0,,1.0,0.4966
H003,suite,2025-10-26,6,True,autumn,False,,0.0,,1.0,0.4727
H003,standard,2025-10-27,0,False,autumn,False,,0.0,,0.8198,0.9701
H003,deluxe,2025-10-27,0,False,autumn,False,,0.0,,0.8198,0.9552
H003,premium,2025-10-27,0,False,autumn,False,,0.0,,0.8198,0.9303
H003,suite,2025-10-27,0,False,autumn,False,,0.0,,0.8198,0.8854
H003,standard,2025-10-28,1,False,autumn,False,,0.0,,0.8525,1.0
H003,deluxe,2025-10-28,1,False,autumn,False,,0.0,,0.8525,1.0
H003,premium,2025-10-28,1,False,autumn,False,,0.0,,0.8525,1.0
H003,suite,2025-10-28,1,False,autumn,False,,0.0,,0.8525,1.0
H003,standard,2025-10-29,2,False,autumn,False,,0.0,,0.9125,0.7113
H003,deluxe,2025-10-29,2,False,autumn,False,,0.0,,0.9125,0.7003
H003,premium,2025-10-29,2,False,autumn,False,,0.0,,0.9125,0.6821
H003,suite,2025-10-29,2,False,autumn,False,,0.0,,0.9125,0.6492
H003,standard,2025-10-30,3,False,autumn,False,,0.0,,0.9086,1.0
H003,deluxe,2025-10-30,3,False,autumn,False,,0.0,,0.9086,1.0
H003,premium,2025-10-30,3,False,autumn,False,,0.0,,0.9086,0.9855
H003,suite,2025-10-30,3,False,autumn,False,,0.0,,0.9086,0.938
H003,standard,2025-10-31,4,False,autumn,False,,0.0,,0.8877,0.9262
H003,deluxe,2025-10-31,4,False,autumn,False,,0.0,,0.8877,0.9119
H003,premium,2025-10-31,4,False,autumn,False,,0.0,,0.8877,0.8882
H003,suite,2025-10-31,4,False,autumn,False,,0.0,,0.8877,0.8453
H003,standard,2025-11-01,5,True,autumn,False,,0.0,,0.9926,0.6364
H003,deluxe,2025-11-01,5,True,autumn,False,,0.0,,0.9926,0.6266
H003,premium,2025-11-01,5,True,autumn,False,,0.0,,0.9926,0.6103
H003,suite,2025-11-01,5,True,autumn,False,,0.0,,0.9926,0.5809
H003,standard,2025-11-02,6,True,autumn,False,,0.0,,1.0,0.563
H003,deluxe,2025-11-02,6,True,autumn,False,,0.0,,1.0,0.5543
H003,premium,2025-11-02,6,True,autumn,False,,0.0,,1.0,0.5398
H003,suite,2025-11-02,6,True,autumn,False,,0.0,,1.0,0.5138
H003,standard,2025-11-03,0,False,autumn,False,,0.0,,0.9342,1.0
H003,deluxe,2025-11-03,0,False,autumn,False,,0.0,,0.9342,1.0
H003,premium,2025-11-03,0,False,autumn,False,,0.0,,0.9342,1.0
H003,suite,2025-11-03,0,False,autumn,False,,0.0,,0.9342,1.0
H003,standard,2025-11-04,1,False,autumn,False,,0.0,,0.7609,1.0
H003,deluxe,2025-11-04,1,False,autumn,False,,0.0,,0.7609,1.0
H003,premium,2025-11-04,1,False,autumn,False,,0.0,,0.7609,1.0
H003,suite,2025-11-04,1,False,autumn,False,,0.0,,0.7609,1.0
H003,standard,2025-11-05,2,False,autumn,True,Guru Nanak Jayanti,0.0,,0.9051,0.988
H003,deluxe,2025-11-05,2,False,autumn,True,Guru Nanak Jayanti,0.0,,0.9051,0.9728
H003,premium,2025-11-05,2,False,autumn,True,Guru Nanak Jayanti,0.0,,0.9051,0.9474
H003,suite,2025-11-05,2,False,autumn,True,Guru Nanak Jayanti,0.0,,0.9051,0.9017
H003,standard,2025-11-06,3,False,autumn,False,,0.0,,0.8629,0.8629
H003,deluxe,2025-11-06,3,False,autumn,False,,0.0,,0.8629,0.8496
H003,premium,2025-11-06,3,False,autumn,False,,0.0,,0.8629,0.8275
H003,suite,2025-11-06,3,False,autumn,False,,0.0,,0.8629,0.7876
H003,standard,2025-11-07,4,False,autumn,False,,0.0,,0.8596,0.7454
H003,deluxe,2025-11-07,4,False,autumn,False,,0.0,,0.8596,0.7339
H003,premium,2025-11-07,4,False,autumn,False,,0.0,,0.8596,0.7148
H003,suite,2025-11-07,4,False,autumn,False,,0.0,,0.8596,0.6803
H003,standard,2025-11-08,5,True,autumn,False,,0.0,,0.8329,0.7246
H003,deluxe,2025-11-08,5,True,autumn,False,,0.0,,0.8329,0.7135
H003,premium,2025-11-08,5,True,autumn,False,,0.0,,0.8329,0.6948
H003,suite,2025-11-08,5,True,autumn,False,,0.0,,0.8329,0.6613
H003,standard,2025-11-09,6,True,autumn,False,,0.0,,0.9889,0.9486
H003,deluxe,2025-11-09,6,True,autumn,False,,0.0,,0.9889,0.934
H003,premium,2025-11-09,6,True,autumn,False,,0.0,,0.9889,0.9097
H003,suite,2025-11-09,6,True,autumn,False,,0.0,,0.9889,0.8658
H003,standard,2025-11-10,0,False,autumn,False,,0.0,,0.8169,0.816
H003,deluxe,2025-11-10,0,False,autumn,False,,0.0,,0.8169,0.8034
H003,premium,2025-11-10,0,False,autumn,False,,0.0,,0.8169,0.7824
H003,suite,2025-11-10,0,False,autumn,False,,0.0,,0.8169,0.7447
H003,standard,2025-11-11,1,False,autumn,False,,0.0,,0.7658,1.0
H003,deluxe,2025-11-11,1,False,autumn,False,,0.0,,0.7658,1.0
H003,premium,2025-11-11,1,False,autumn,False,,0.0,,0.7658,1.0
H003,suite,2025-11-11,1,False,autumn,False,,0.0,,0.7658,1.0
H003,standard,2025-11-12,2,False,autumn,False,,0.0,,0.7745,1.0
H003,deluxe,2025-11-12,2,False,autumn,False,,0.0,,0.7745,1.0
H003,premium,2025-11-12,2,False,autumn,False,,0.0,,0.7745,1.0
H003,suite,2025-11-12,2,False,autumn,False,,0.0,,0.7745,1.0
H003,standard,2025-11-13,3,False,autumn,False,,0.0,,0.7999,1.0
H003,deluxe,2025-11-13,3,False,autumn,False,,0.0,,0.7999,1.0
H003,premium,2025-11-13,3,False,autumn,False,,0.0,,0.7999,1.0
H003,suite,2025-11-13,3,False,autumn,False,,0.0,,0.7999,1.0
H003,standard,2025-11-14,4,False,autumn,False,,0.0,,1.0,0.6298
H003,deluxe,2025-11-14,4,False,autumn,False,,0.0,,1.0,0.6201
H003,premium,2025-11-14,4,False,autumn,False,,0.0,,1.0,0.6039
H003,suite,2025-11-14,4,False,autumn,False,,0.0,,1.0,0.5748
H003,standard,2025-11-15,5,True,autumn,False,,0.0,,0.9323,0.7375
H003,deluxe,2025-11-15,5,True,autumn,False,,0.0,,0.9323,0.7261
H003,premium,2025-11-15,5,True,autumn,False,,0.0,,0.9323,0.7072
H003,suite,2025-11-15,5,True,autumn,False,,0.0,,0.9323,0.6731
H003,standard,2025-11-16,6,True,autumn,False,,0.0,,0.8445,0.7007
H003,deluxe,2025-11-16,6,True,autumn,False,,0.0,,0.8445,0.6899
H003,premium,2025-11-16,6,True,autumn,False,,0.0,,0.8445,0.6719
H003,suite,2025-11-16,6,True,autumn,False,,0.0,,0.8445,0.6395
H003,standard,2025-11-17,0,False,autumn,False,,0.0,,0.9879,1.0
H003,deluxe,2025-11-17,0,False,autumn,False,,0.0,,0.9879,1.0
H003,premium,2025-11-17,0,False,autumn,False,,0.0,,0.9879,1.0
H003,suite,2025-11-17,0,False,autumn,False,,0.0,,0.9879,1.0
H003,standard,2025-11-18,1,False,autumn,False,,0.8,Bengaluru Tech Summit,0.8007,1.0
H003,deluxe,2025-11-18,1,False,autumn,False,,0.8,Bengaluru Tech Summit,0.8007,1.0
H003,premium,2025-11-18,1,False,autumn,False,,0.8,Bengaluru Tech Summit,0.8007,1.0
H003,suite,2025-11-18,1,False,autumn,False,,0.8,Bengaluru Tech Summit,0.8007,1.0
H003,standard,2025-11-19,2,False,autumn,False,,0.8,Bengaluru Tech Summit,0.8978,1.0
H003,deluxe,2025-11-19,2,False,autumn,False,,0.8,Bengaluru Tech Summit,0.8978,1.0
H003,premium,2025-11-19,2,False,autumn,False,,0.8,Bengaluru Tech Summit,0.8978,1.0
H003,suite,2025-11-19,2,False,autumn,False,,0.8,Bengaluru Tech Summit,0.8978,1.0
H003,standard,2025-11-20,3,False,autumn,False,,0.8,Bengaluru Tech Summit,0.8903,1.0
H003,deluxe,2025-11-20,3,False,autumn,False,,0.8,Bengaluru Tech Summit,0.8903,1.0
H003,premium,2025-11-20,3,False,autumn,False,,0.8,Bengaluru Tech Summit,0.8903,1.0
H003,suite,2025-11-20,3,False,autumn,False,,0.8,Bengaluru Tech Summit,0.8903,1.0
H003,standard,2025-11-21,4,False,autumn,False,,0.8,Bengaluru Tech Summit,0.8536,0.8946
H003,deluxe,2025-11-21,4,False,autumn,False,,0.8,Bengaluru Tech Summit,0.8536,0.8808
H003,premium,2025-11-21,4,False,autumn,False,,0.8,Bengaluru Tech Summit,0.8536,0.8578
H003,suite,2025-11-21,4,False,autumn,False,,0.8,Bengaluru Tech Summit,0.8536,0.8164
H003,standard,2025-11-22,5,True,autumn,False,,0.0,,0.9509,0.6774
H003,deluxe,2025-11-22,5,True,autumn,False,,0.0,,0.9509,0.667
H003,premium,2025-11-22,5,True,autumn,False,,0.0,,0.9509,0.6496
H003,suite,2025-11-22,5,True,autumn,False,,0.0,,0.9509,0.6183
H003,standard,2025-11-23,6,True,autumn,False,,0.0,,0.9953,0.4214
H003,deluxe,2025-11-23,6,True,autumn,False,,0.0,,0.9953,0.4149
H003,premium,2025-11-23,6,True,autumn,False,,0.0,,0.9953,0.4041
H003,suite,2025-11-23,6,True,autumn,False,,0.0,,0.9953,0.3846
H003,standard,2025-11-24,0,False,autumn,False,,0.0,,0.7365,0.5858
H003,deluxe,2025-11-24,0,False,autumn,False,,0.0,,0.7365,0.5767
H003,premium,2025-11-24,0,False,autumn,False,,0.0,,0.7365,0.5617
H003,suite,2025-11-24,0,False,autumn,False,,0.0,,0.7365,0.5346
H003,standard,2025-11-25,1,False,autumn,False,,0.0,,0.777,0.8818
H003,deluxe,2025-11-25,1,False,autumn,False,,0.0,,0.777,0.8682
H003,premium,2025-11-25,1,False,autumn,False,,0.0,,0.777,0.8456
H003,suite,2025-11-25,1,False,autumn,False,,0.0,,0.777,0.8048
H003,standard,2025-11-26,2,False,autumn,False,,0.0,,0.7508,1.0
H003,deluxe,2025-11-26,2,False,autumn,False,,0.0,,0.7508,1.0
H003,premium,2025-11-26,2,False,autumn,False,,0.0,,0.7508,1.0
H003,suite,2025-11-26,2,False,autumn,False,,0.0,,0.7508,1.0
H003,standard,2025-11-27,3,False,autumn,False,,0.0,,0.8592,0.9679
H003,deluxe,2025-11-27,3,False,autumn,False,,0.0,,0.8592,0.953
H003,premium,2025-11-27,3,False,autumn,False,,0.0,,0.8592,0.9281
H003,suite,2025-11-27,3,False,autumn,False,,0.0,,0.8592,0.8834
H003,standard,2025-11-28,4,False,autumn,False,,0.0,,0.8627,0.5445
H003,deluxe,2025-11-28,4,False,autumn,False,,0.0,,0.8627,0.5361
H003,premium,2025-11-28,4,False,autumn,False,,0.0,,0.8627,0.5221
H003,suite,2025-11-28,4,False,autumn,False,,0.0,,0.8627,0.497
H003,standard,2025-11-29,5,True,autumn,False,,0.0,,0.9431,0.449
H003,deluxe,2025-11-29,5,True,autumn,False,,0.0,,0.9431,0.4421
H003,premium,2025-11-29,5,True,autumn,False,,0.0,,0.9431,0.4305
H003,suite,2025-11-29,5,True,autumn,False,,0.0,,0.9431,0.4098
H003,standard,2025-11-30,6,True,autumn,False,,0.0,,0.972,0.7467
H003,deluxe,2025-11-30,6,True,autumn,False,,0.0,,0.972,0.7352
H003,premium,2025-11-30,6,True,autumn,False,,0.0,,0.972,0.716
H003,suite,2025-11-30,6,True,autumn,False,,0.0,,0.972,0.6815
H003,standard,2025-12-01,0,False,winter,False,,0.0,,0.9747,0.939
H003,deluxe,2025-12-01,0,False,winter,False,,0.0,,0.9747,0.9245
H003,premium,2025-12-01,0,False,winter,False,,0.0,,0.9747,0.9004
H003,suite,2025-12-01,0,False,winter,False,,0.0,,0.9747,0.857
H003,standard,2025-12-02,1,False,winter,False,,0.0,,0.8487,0.8891
H003,deluxe,2025-12-02,1,False,winter,False,,0.0,,0.8487,0.8754
H003,premium,2025-12-02,1,False,winter,False,,0.0,,0.8487,0.8525
H003,suite,2025-12-02,1,False,winter,False,,0.0,,0.8487,0.8114
H003,standard,2025-12-03,2,False,winter,False,,0.0,,0.9192,0.622
H003,deluxe,2025-12-03,2,False,winter,False,,0.0,,0.9192,0.6124
H003,premium,2025-12-03,2,False,winter,False,,0.0,,0.9192,0.5964
H003,suite,2025-12-03,2,False,winter,False,,0.0,,0.9192,0.5676
H003,standard,2025-12-04,3,False,winter,False,,0.0,,0.7542,1.0
H003,deluxe,2025-12-04,3,False,winter,False,,0.0,,0.7542,1.0
H003,premium,2025-12-04,3,False,winter,False,,0.0,,0.7542,1.0
H003,suite,2025-12-04,3,False,winter,False,,0.0,,0.7542,1.0
H003,standard,2025-12-05,4,False,winter,False,,0.0,,0.9301,0.6828
H003,deluxe,2025-12-05,4,False,winter,False,,0.0,,0.9301,0.6723
H003,premium,2025-12-05,4,False,winter,False,,0.0,,0.9301,0.6548
H003,suite,2025-12-05,4,False,winter,False,,0.0,,0.9301,0.6232
H003,standard,2025-12-06,5,True,winter,False,,0.0,,0.8544,0.8609
H003,deluxe,2025-12-06,5,True,winter,False,,0.0,,0.8544,0.8477
H003,premium,2025-12-06,5,True,winter,False,,0.0,,0.8544,0.8256
H003,suite,2025-12-06,5,True,winter,False,,0.0,,0.8544,0.7857
H003,standard,2025-12-07,6,True,winter,False,,0.0,,0.9727,0.6488
H003,deluxe,2025-12-07,6,True,winter,False,,0.0,,0.9727,0.6388
H003,premium,2025-12-07,6,True,winter,False,,0.0,,0.9727,0.6222
H003,suite,2025-12-07,6,True,winter,False,,0.0,,0.9727,0.5922
H003,standard,2025-12-08,0,False,winter,False,,0.0,,0.9229,1.0
H003,deluxe,2025-12-08,0,False,winter,False,,0.0,,0.9229,1.0
H003,premium,2025-12-08,0,False,winter,False,,0.0,,0.9229,1.0
H003,suite,2025-12-08,0,False,winter,False,,0.0,,0.9229,1.0
H003,standard,2025-12-09,1,False,winter,False,,0.0,,0.9449,1.0
H003,deluxe,2025-12-09,1,False,winter,False,,0.0,,0.9449,1.0
H003,premium,2025-12-09,1,False,winter,False,,0.0,,0.9449,1.0
H003,suite,2025-12-09,1,False,winter,False,,0.0,,0.9449,1.0
H003,standard,2025-12-10,2,False,winter,False,,0.0,,0.9223,0.8475
H003,deluxe,2025-12-10,2,False,winter,False,,0.0,,0.9223,0.8344
H003,premium,2025-12-10,2,False,winter,False,,0.0,,0.9223,0.8127
H003,suite,2025-12-10,2,False,winter,False,,0.0,,0.9223,0.7735
H003,standard,2025-12-11,3,False,winter,False,,0.0,,0.9014,1.0
H003,deluxe,2025-12-11,3,False,winter,False,,0.0,,0.9014,1.0
H003,premium,2025-12-11,3,False,winter,False,,0.0,,0.9014,1.0
H003,suite,2025-12-11,3,False,winter,False,,0.0,,0.9014,0.9727
H003,standard,2025-12-12,4,False,winter,False,,0.0,,0.9322,0.6174
H003,deluxe,2025-12-12,4,False,winter,False,,0.0,,0.9322,0.6079
H003,premium,2025-12-12,4,False,winter,False,,0.0,,0.9322,0.592
H003,suite,2025-12-12,4,False,winter,False,,0.0,,0.9322,0.5635
H003,standard,2025-12-13,5,True,winter,False,,0.0,,0.7935,0.3663
H003,deluxe,2025-12-13,5,True,winter,False,,0.0,,0.7935,0.3606
H003,premium,2025-12-13,5,True,winter,False,,0.0,,0.7935,0.3512
H003,suite,2025-12-13,5,True,winter,False,,0.0,,0.7935,0.3343
H003,standard,2025-12-14,6,True,winter,False,,0.0,,0.8299,0.855
H003,deluxe,2025-12-14,6,True,winter,False,,0.0,,0.8299,0.8418
H003,premium,2025-12-14,6,True,winter,False,,0.0,,0.8299,0.8198
H003,suite,2025-12-14,6,True,winter,False,,0.0,,0.8299,0.7803
H003,standard,2025-12-15,0,False,winter,False,,0.0,,1.0,0.956
H003,deluxe,2025-12-15,0,False,winter,False,,0.0,,1.0,0.9413
H003,premium,2025-12-15,0,False,winter,False,,0.0,,1.0,0.9167
H003,suite,2025-12-15,0,False,winter,False,,0.0,,1.0,0.8725
H003,standard,2025-12-16,1,False,winter,False,,0.0,,0.9684,0.8615
H003,deluxe,2025-12-16,1,False,winter,False,,0.0,,0.9684,0.8482
H003,premium,2025-12-16,1,False,winter,False,,0.0,,0.9684,0.8261
H003,suite,2025-12-16,1,False,winter,False,,0.0,,0.9684,0.7863
H003,standard,2025-12-17,2,False,winter,False,,0.0,,0.8563,0.8366
H003,deluxe,2025-12-17,2,False,winter,False,,0.0,,0.8563,0.8237
H003,premium,2025-12-17,2,False,winter,False,,0.0,,0.8563,0.8023
H003,suite,2025-12-17,2,False,winter,False,,0.0,,0.8563,0.7636
H003,standard,2025-12-18,3,False,winter,False,,0.0,,0.8835,1.0
H003,deluxe,2025-12-18,3,False,winter,False,,0.0,,0.8835,1.0
H003,premium,2025-12-18,3,False,winter,False,,0.0,,0.8835,1.0
H003,suite,2025-12-18,3,False,winter,False,,0.0,,0.8835,1.0
H003,standard,2025-12-19,4,False,winter,False,,0.0,,0.9236,0.7024
H003,deluxe,2025-12-19,4,False,winter,False,,0.0,,0.9236,0.6916
H003,premium,2025-12-19,4,False,winter,False,,0.0,,0.9236,0.6736
H003,suite,2025-12-19,4,False,winter,False,,0.0,,0.9236,0.6411
H003,standard,2025-12-20,5,True,winter,False,,0.0,,0.963,0.6161
H003,deluxe,2025-12-20,5,True,winter,False,,0.0,,0.963,0.6066
H003,premium,2025-12-20,5,True,winter,False,,0.0,,0.963,0.5908
H003,suite,2025-12-20,5,True,winter,False,,0.0,,0.963,0.5623
H003,standard,2025-12-21,6,True,winter,False,,0.0,,0.9067,0.1962
H003,deluxe,2025-12-21,6,True,winter,False,,0.0,,0.9067,0.1932
H003,premium,2025-12-21,6,True,winter,False,,0.0,,0.9067,0.1882
H003,suite,2025-12-21,6,True,winter,False,,0.0,,0.9067,0.1791
H003,standard,2025-12-22,0,False,winter,False,,0.0,,0.7179,0.5951
H003,deluxe,2025-12-22,0,False,winter,False,,0.0,,0.7179,0.5859
H003,premium,2025-12-22,0,False,winter,False,,0.0,,0.7179,0.5706
H003,suite,2025-12-22,0,False,winter,False,,0.0,,0.7179,0.5431
H003,standard,2025-12-23,1,False,winter,False,,0.0,,0.7889,0.8502
H003,deluxe,2025-12-23,1,False,winter,False,,0.0,,0.7889,0.8371
H003,premium,2025-12-23,1,False,winter,False,,0.0,,0.7889,0.8152
H003,suite,2025-12-23,1,False,winter,False,,0.0,,0.7889,0.7759
H003,standard,2025-12-24,2,False,winter,False,,0.0,,0.9333,1.0
H003,deluxe,2025-12-24,2,False,winter,False,,0.0,,0.9333,1.0
H003,premium,2025-12-24,2,False,winter,False,,0.0,,0.9333,1.0
H003,suite,2025-12-24,2,False,winter,False,,0.0,,0.9333,1.0
H003,standard,2025-12-25,3,False,winter,True,Christmas,0.0,,1.0,0.9485
H003,deluxe,2025-12-25,3,False,winter,True,Christmas,0.0,,1.0,0.9339
H003,premium,2025-12-25,3,False,winter,True,Christmas,0.0,,1.0,0.9096
H003,suite,2025-12-25,3,False,winter,True,Christmas,0.0,,1.0,0.8657
H003,standard,2025-12-26,4,False,winter,False,,0.0,,0.9122,1.0
H003,deluxe,2025-12-26,4,False,winter,False,,0.0,,0.9122,1.0
H003,premium,2025-12-26,4,False,winter,False,,0.0,,0.9122,1.0
H003,suite,2025-12-26,4,False,winter,False,,0.0,,0.9122,1.0
H003,standard,2025-12-27,5,True,winter,False,,0.0,,0.7691,0.4491
H003,deluxe,2025-12-27,5,True,winter,False,,0.0,,0.7691,0.4422
H003,premium,2025-12-27,5,True,winter,False,,0.0,,0.7691,0.4306
H003,suite,2025-12-27,5,True,winter,False,,0.0,,0.7691,0.4099
H003,standard,2025-12-28,6,True,winter,False,,0.0,,0.901,0.6973
H003,deluxe,2025-12-28,6,True,winter,False,,0.0,,0.901,0.6865
H003,premium,2025-12-28,6,True,winter,False,,0.0,,0.901,0.6686
H003,suite,2025-12-28,6,True,winter,False,,0.0,,0.901,0.6364
H003,standard,2025-12-29,0,False,winter,False,,0.0,,0.8495,0.8684
H003,deluxe,2025-12-29,0,False,winter,False,,0.0,,0.8495,0.855
H003,premium,2025-12-29,0,False,winter,False,,0.0,,0.8495,0.8327
H003,suite,2025-12-29,0,False,winter,False,,0.0,,0.8495,0.7926
H003,standard,2025-12-30,1,False,winter,False,,0.0,,0.8796,1.0
H003,deluxe,2025-12-30,1,False,winter,False,,0.0,,0.8796,1.0
H003,premium,2025-12-30,1,False,winter,False,,0.0,,0.8796,1.0
H003,suite,2025-12-30,1,False,winter,False,,0.0,,0.8796,1.0
H003,standard,2025-12-31,2,False,winter,True,New Year's Eve,0.0,,0.8478,0.9283
H003,deluxe,2025-12-31,2,False,winter,True,New Year's Eve,0.0,,0.8478,0.914
H003,premium,2025-12-31,2,False,winter,True,New Year's Eve,0.0,,0.8478,0.8902
H003,suite,2025-12-31,2,False,winter,True,New Year's Eve,0.0,,0.8478,0.8473
H003,standard,2026-01-01,3,False,winter,True,New Year's Day,0.0,,0.9488,0.7027
H003,deluxe,2026-01-01,3,False,winter,True,New Year's Day,0.0,,0.9488,0.6918
H003,premium,2026-01-01,3,False,winter,True,New Year's Day,0.0,,0.9488,0.6738
H003,suite,2026-01-01,3,False,winter,True,New Year's Day,0.0,,0.9488,0.6413
H003,standard,2026-01-02,4,False,winter,False,,0.0,,0.8485,0.6305
H003,deluxe,2026-01-02,4,False,winter,False,,0.0,,0.8485,0.6208
H003,premium,2026-01-02,4,False,winter,False,,0.0,,0.8485,0.6046
H003,suite,2026-01-02,4,False,winter,False,,0.0,,0.8485,0.5754
H003,standard,2026-01-03,5,True,winter,False,,0.0,,0.9349,0.4985
H003,deluxe,2026-01-03,5,True,winter,False,,0.0,,0.9349,0.4908
H003,premium,2026-01-03,5,True,winter,False,,0.0,,0.9349,0.478
H003,suite,2026-01-03,5,True,winter,False,,0.0,,0.9349,0.455
H003,standard,2026-01-04,6,True,winter,False,,0.0,,0.911,0.744
H003,deluxe,2026-01-04,6,True,winter,False,,0.0,,0.911,0.7325
H003,premium,2026-01-04,6,True,winter,False,,0.0,,0.911,0.7134
H003,suite,2026-01-04,6,True,winter,False,,0.0,,0.911,0.679
H003,standard,2026-01-05,0,False,winter,False,,0.0,,0.9103,1.0
H003,deluxe,2026-01-05,0,False,winter,False,,0.0,,0.9103,1.0
H003,premium,2026-01-05,0,False,winter,False,,0.0,,0.9103,1.0
H003,suite,2026-01-05,0,False,winter,False,,0.0,,0.9103,1.0
H003,standard,2026-01-06,1,False,winter,False,,0.0,,0.8617,1.0
H003,deluxe,2026-01-06,1,False,winter,False,,0.0,,0.8617,1.0
H003,premium,2026-01-06,1,False,winter,False,,0.0,,0.8617,0.9999
H003,suite,2026-01-06,1,False,winter,False,,0.0,,0.8617,0.9517
H003,standard,2026-01-07,2,False,winter,False,,0.0,,0.9175,1.0
H003,deluxe,2026-01-07,2,False,winter,False,,0.0,,0.9175,1.0
H003,premium,2026-01-07,2,False,winter,False,,0.0,,0.9175,1.0
H003,suite,2026-01-07,2,False,winter,False,,0.0,,0.9175,1.0
H003,standard,2026-01-08,3,False,winter,False,,0.0,,0.8789,0.9279
H003,deluxe,2026-01-08,3,False,winter,False,,0.0,,0.8789,0.9136
H003,premium,2026-01-08,3,False,winter,False,,0.0,,0.8789,0.8897
H003,suite,2026-01-08,3,False,winter,False,,0.0,,0.8789,0.8468
H003,standard,2026-01-09,4,False,winter,False,,0.0,,0.8517,0.7781
H003,deluxe,2026-01-09,4,False,winter,False,,0.0,,0.8517,0.7661
H003,premium,2026-01-09,4,False,winter,False,,0.0,,0.8517,0.7461
H003,suite,2026-01-09,4,False,winter,False,,0.0,,0.8517,0.7102
H003,standard,2026-01-10,5,True,winter,False,,0.0,,0.9049,0.9262
H003,deluxe,2026-01-10,5,True,winter,False,,0.0,,0.9049,0.9119
H003,premium,2026-01-10,5,True,winter,False,,0.0,,0.9049,0.8882
H003,suite,2026-01-10,5,True,winter,False,,0.0,,0.9049,0.8453
H003,standard,2026-01-11,6,True,winter,False,,0.0,,0.8042,0.6646
H003,deluxe,2026-01-11,6,True,winter,False,,0.0,,0.8042,0.6543
H003,premium,2026-01-11,6,True,winter,False,,0.0,,0.8042,0.6373
H003,suite,2026-01-11,6,True,winter,False,,0.0,,0.8042,0.6066
H003,standard,2026-01-12,0,False,winter,False,,0.0,,0.7781,0.6021
H003,deluxe,2026-01-12,0,False,winter,False,,0.0,,0.7781,0.5928
H003,premium,2026-01-12,0,False,winter,False,,0.0,,0.7781,0.5774
H003,suite,2026-01-12,0,False,winter,False,,0.0,,0.7781,0.5495
H003,standard,2026-01-13,1,False,winter,False,,0.0,,0.8883,1.0
H003,deluxe,2026-01-13,1,False,winter,False,,0.0,,0.8883,1.0
H003,premium,2026-01-13,1,False,winter,False,,0.0,,0.8883,1.0
H003,suite,2026-01-13,1,False,winter,False,,0.0,,0.8883,0.9818
H003,standard,2026-01-14,2,False,winter,True,Makar Sankranti / Pongal,0.0,,0.973,0.8865
H003,deluxe,2026-01-14,2,False,winter,True,Makar Sankranti / Pongal,0.0,,0.973,0.8728
H003,premium,2026-01-14,2,False,winter,True,Makar Sankranti / Pongal,0.0,,0.973,0.8501
H003,suite,2026-01-14,2,False,winter,True,Makar Sankranti / Pongal,0.0,,0.973,0.8091
H003,standard,2026-01-15,3,False,winter,False,,0.0,,0.9305,0.7836
H003,deluxe,2026-01-15,3,False,winter,False,,0.0,,0.9305,0.7715
H003,premium,2026-01-15,3,False,winter,False,,0.0,,0.9305,0.7514
H003,suite,2026-01-15,3,False,winter,False,,0.0,,0.9305,0.7152
H003,standard,2026-01-16,4,False,winter,False,,0.0,,0.8979,0.8076
H003,deluxe,2026-01-16,4,False,winter,False,,0.0,,0.8979,0.7951
H003,premium,2026-01-16,4,False,winter,False,,0.0,,0.8979,0.7744
H003,suite,2026-01-16,4,False,winter,False,,0.0,,0.8979,0.737
H003,standard,2026-01-17,5,True,winter,False,,0.0,,0.9322,0.7717
H003,deluxe,2026-01-17,5,True,winter,False,,0.0,,0.9322,0.7598
H003,premium,2026-01-17,5,True,winter,False,,0.0,,0.9322,0.74
H003,suite,2026-01-17,5,True,winter,False,,0.0,,0.9322,0.7043
H003,standard,2026-01-18,6,True,winter,False,,0.0,,0.9603,0.7857
H003,deluxe,2026-01-18,6,True,winter,False,,0.0,,0.9603,0.7736
H003,premium,2026-01-18,6,True,winter,False,,0.0,,0.9603,0.7534
H003,suite,2026-01-18,6,True,winter,False,,0.0,,0.9603,0.7171
H003,standard,2026-01-19,0,False,winter,False,,0.0,,0.9391,0.7688
H003,deluxe,2026-01-19,0,False,winter,False,,0.0,,0.9391,0.7569
H003,premium,2026-01-19,0,False,winter,False,,0.0,,0.9391,0.7372
H003,suite,2026-01-19,0,False,winter,False,,0.0,,0.9391,0.7016
H003,standard,2026-01-20,1,False,winter,False,,0.0,,0.8658,1.0
H003,deluxe,2026-01-20,1,False,winter,False,,0.0,,0.8658,1.0
H003,premium,2026-01-20,1,False,winter,False,,0.0,,0.8658,1.0
H003,suite,2026-01-20,1,False,winter,False,,0.0,,0.8658,0.9664
H003,standard,2026-01-21,2,False,winter,False,,0.0,,0.9033,0.8656
H003,deluxe,2026-01-21,2,False,winter,False,,0.0,,0.9033,0.8523
H003,premium,2026-01-21,2,False,winter,False,,0.0,,0.9033,0.83
H003,suite,2026-01-21,2,False,winter,False,,0.0,,0.9033,0.79
H003,standard,2026-01-22,3,False,winter,False,,0.0,,0.86,0.6303
H003,deluxe,2026-01-22,3,False,winter,False,,0.0,,0.86,0.6205
H003,premium,2026-01-22,3,False,winter,False,,0.0,,0.86,0.6044
H003,suite,2026-01-22,3,False,winter,False,,0.0,,0.86,0.5752
H003,standard,2026-01-23,4,False,winter,False,,0.0,,0.8934,0.7169
H003,deluxe,2026-01-23,4,False,winter,False,,0.0,,0.8934,0.7059
H003,premium,2026-01-23,4,False,winter,False,,0.0,,0.8934,0.6875
H003,suite,2026-01-23,4,False,winter,False,,0.0,,0.8934,0.6543
H003,standard,2026-01-24,5,True,winter,False,,0.0,,1.0,0.7779
H003,deluxe,2026-01-24,5,True,winter,False,,0.0,,1.0,0.7659
H003,premium,2026-01-24,5,True,winter,False,,0.0,,1.0,0.7459
H003,suite,2026-01-24,5,True,winter,False,,0.0,,1.0,0.71
H003,standard,2026-01-25,6,True,winter,False,,0.0,,0.8942,0.3062
H003,deluxe,2026-01-25,6,True,winter,False,,0.0,,0.8942,0.3015
H003,premium,2026-01-25,6,True,winter,False,,0.0,,0.8942,0.2937
H003,suite,2026-01-25,6,True,winter,False,,0.0,,0.8942,0.2795
H003,standard,2026-01-26,0,False,winter,True,Republic Day,0.0,,0.8737,1.0
H003,deluxe,2026-01-26,0,False,winter,True,Republic Day,0.0,,0.8737,1.0
H003,premium,2026-01-26,0,False,winter,True,Republic Day,0.0,,0.8737,1.0
H003,suite,2026-01-26,0,False,winter,True,Republic Day,0.0,,0.8737,1.0
H003,standard,2026-01-27,1,False,winter,False,,0.0,,0.942,1.0
H003,deluxe,2026-01-27,1,False,winter,False,,0.0,,0.942,1.0
H003,premium,2026-01-27,1,False,winter,False,,0.0,,0.942,0.9781
H003,suite,2026-01-27,1,False,winter,False,,0.0,,0.942,0.9309
H003,standard,2026-01-28,2,False,winter,False,,0.0,,0.8815,1.0
H003,deluxe,2026-01-28,2,False,winter,False,,0.0,,0.8815,1.0
H003,premium,2026-01-28,2,False,winter,False,,0.0,,0.8815,1.0
H003,suite,2026-01-28,2,False,winter,False,,0.0,,0.8815,0.9922
H003,standard,2026-01-29,3,False,winter,False,,0.0,,0.8472,1.0
H003,deluxe,2026-01-29,3,False,winter,False,,0.0,,0.8472,1.0
H003,premium,2026-01-29,3,False,winter,False,,0.0,,0.8472,1.0
H003,suite,2026-01-29,3,False,winter,False,,0.0,,0.8472,1.0
H003,standard,2026-01-30,4,False,winter,False,,0.0,,0.7005,0.9234
H003,deluxe,2026-01-30,4,False,winter,False,,0.0,,0.7005,0.9092
H003,premium,2026-01-30,4,False,winter,False,,0.0,,0.7005,0.8855
H003,suite,2026-01-30,4,False,winter,False,,0.0,,0.7005,0.8428
H003,standard,2026-01-31,5,True,winter,False,,0.0,,0.8998,0.6938
H003,deluxe,2026-01-31,5,True,winter,False,,0.0,,0.8998,0.6831
H003,premium,2026-01-31,5,True,winter,False,,0.0,,0.8998,0.6653
H003,suite,2026-01-31,5,True,winter,False,,0.0,,0.8998,0.6332
H003,standard,2026-02-01,6,True,winter,False,,0.0,,0.9739,0.6232
H003,deluxe,2026-02-01,6,True,winter,False,,0.0,,0.9739,0.6136
H003,premium,2026-02-01,6,True,winter,False,,0.0,,0.9739,0.5976
H003,suite,2026-02-01,6,True,winter,False,,0.0,,0.9739,0.5688
H003,standard,2026-02-02,0,False,winter,False,,0.0,,0.7649,0.8771
H003,deluxe,2026-02-02,0,False,winter,False,,0.0,,0.7649,0.8635
H003,premium,2026-02-02,0,False,winter,False,,0.0,,0.7649,0.841
H003,suite,2026-02-02,0,False,winter,False,,0.0,,0.7649,0.8005
H003,standard,2026-02-03,1,False,winter,False,,0.0,,0.8501,1.0
H003,deluxe,2026-02-03,1,False,winter,False,,0.0,,0.8501,1.0
H003,premium,2026-02-03,1,False,winter,False,,0.0,,0.8501,1.0
H003,suite,2026-02-03,1,False,winter,False,,0.0,,0.8501,1.0
H003,standard,2026-02-04,2,False,winter,False,,0.0,,1.0,0.9388
H003,deluxe,2026-02-04,2,False,winter,False,,0.0,,1.0,0.9244
H003,premium,2026-02-04,2,False,winter,False,,0.0,,1.0,0.9003
H003,suite,2026-02-04,2,False,winter,False,,0.0,,1.0,0.8569
H003,standard,2026-02-05,3,False,winter,False,,0.0,,0.9155,1.0
H003,deluxe,2026-02-05,3,False,winter,False,,0.0,,0.9155,1.0
H003,premium,2026-02-05,3,False,winter,False,,0.0,,0.9155,0.9873
H003,suite,2026-02-05,3,False,winter,False,,0.0,,0.9155,0.9397
H003,standard,2026-02-06,4,False,winter,False,,0.0,,0.9889,0.8547
H003,deluxe,2026-02-06,4,False,winter,False,,0.0,,0.9889,0.8416
H003,premium,2026-02-06,4,False,winter,False,,0.0,,0.9889,0.8196
H003,suite,2026-02-06,4,False,winter,False,,0.0,,0.9889,0.7801
H003,standard,2026-02-07,5,True,winter,False,,0.0,,0.8285,0.2094
H003,deluxe,2026-02-07,5,True,winter,False,,0.0,,0.8285,0.2062
H003,premium,2026-02-07,5,True,winter,False,,0.0,,0.8285,0.2008
H003,suite,2026-02-07,5,True,winter,False,,0.0,,0.8285,0.1911
H003,standard,2026-02-08,6,True,winter,False,,0.0,,0.948,1.0
H003,deluxe,2026-02-08,6,True,winter,False,,0.0,,0.948,1.0
H003,premium,2026-02-08,6,True,winter,False,,0.0,,0.948,1.0
H003,suite,2026-02-08,6,True,winter,False,,0.0,,0.948,1.0
H003,standard,2026-02-09,0,False,winter,False,,0.0,,0.8581,0.845
H003,deluxe,2026-02-09,0,False,winter,False,,0.0,,0.8581,0.832
H003,premium,2026-02-09,0,False,winter,False,,0.0,,0.8581,0.8103
H003,suite,2026-02-09,0,False,winter,False,,0.0,,0.8581,0.7713
H003,standard,2026-02-10,1,False,winter,False,,0.7,Aero India,0.9072,1.0
H003,deluxe,2026-02-10,1,False,winter,False,,0.7,Aero India,0.9072,1.0
H003,premium,2026-02-10,1,False,winter,False,,0.7,Aero India,0.9072,1.0
H003,suite,2026-02-10,1,False,winter,False,,0.7,Aero India,0.9072,1.0
H003,standard,2026-02-11,2,False,winter,False,,0.7,Aero India,0.8547,1.0
H003,deluxe,2026-02-11,2,False,winter,False,,0.7,Aero India,0.8547,1.0
H003,premium,2026-02-11,2,False,winter,False,,0.7,Aero India,0.8547,1.0
H003,suite,2026-02-11,2,False,winter,False,,0.7,Aero India,0.8547,1.0
H003,standard,2026-02-12,3,False,winter,False,,0.7,Aero India,0.8648,0.96
H003,deluxe,2026-02-12,3,False,winter,False,,0.7,Aero India,0.8648,0.9452
H003,premium,2026-02-12,3,False,winter,False,,0.7,Aero India,0.8648,0.9205
H003,suite,2026-02-12,3,False,winter,False,,0.7,Aero India,0.8648,0.8761
H003,standard,2026-02-13,4,False,winter,False,,0.7,Aero India,0.9159,1.0
H003,deluxe,2026-02-13,4,False,winter,False,,0.7,Aero India,0.9159,1.0
H003,premium,2026-02-13,4,False,winter,False,,0.7,Aero India,0.9159,1.0
H003,suite,2026-02-13,4,False,winter,False,,0.7,Aero India,0.9159,1.0
H003,standard,2026-02-14,5,True,winter,False,,0.7,Aero India,0.9622,1.0
H003,deluxe,2026-02-14,5,True,winter,False,,0.7,Aero India,0.9622,1.0
H003,premium,2026-02-14,5,True,winter,False,,0.7,Aero India,0.9622,0.9835
H003,suite,2026-02-14,5,True,winter,False,,0.7,Aero India,0.9622,0.9361
H003,standard,2026-02-15,6,True,winter,True,Maha Shivaratri,0.0,,0.8554,1.0
H003,deluxe,2026-02-15,6,True,winter,True,Maha Shivaratri,0.0,,0.8554,1.0
H003,premium,2026-02-15,6,True,winter,True,Maha Shivaratri,0.0,,0.8554,1.0
H003,suite,2026-02-15,6,True,winter,True,Maha Shivaratri,0.0,,0.8554,1.0
H003,standard,2026-02-16,0,False,winter,False,,0.0,,0.8648,1.0
H003,deluxe,2026-02-16,0,False,winter,False,,0.0,,0.8648,1.0
H003,premium,2026-02-16,0,False,winter,False,,0.0,,0.8648,1.0
H003,suite,2026-02-16,0,False,winter,False,,0.0,,0.8648,1.0
H003,standard,2026-02-17,1,False,winter,False,,0.0,,0.8865,1.0
H003,deluxe,2026-02-17,1,False,winter,False,,0.0,,0.8865,1.0
H003,premium,2026-02-17,1,False,winter,False,,0.0,,0.8865,1.0
H003,suite,2026-02-17,1,False,winter,False,,0.0,,0.8865,1.0
H003,standard,2026-02-18,2,False,winter,False,,0.0,,0.9185,1.0
H003,deluxe,2026-02-18,2,False,winter,False,,0.0,,0.9185,1.0
H003,premium,2026-02-18,2,False,winter,False,,0.0,,0.9185,1.0
H003,suite,2026-02-18,2,False,winter,False,,0.0,,0.9185,1.0
H003,standard,2026-02-19,3,False,winter,False,,0.0,,0.8556,1.0
H003,deluxe,2026-02-19,3,False,winter,False,,0.0,,0.8556,1.0
H003,premium,2026-02-19,3,False,winter,False,,0.0,,0.8556,1.0
H003,suite,2026-02-19,3,False,winter,False,,0.0,,0.8556,1.0
H003,standard,2026-02-20,4,False,winter,False,,0.0,,0.9117,0.7948
H003,deluxe,2026-02-20,4,False,winter,False,,0.0,,0.9117,0.7826
H003,premium,2026-02-20,4,False,winter,False,,0.0,,0.9117,0.7622
H003,suite,2026-02-20,4,False,winter,False,,0.0,,0.9117,0.7254
H003,standard,2026-02-21,5,True,winter,False,,0.0,,0.9506,0.6673
H003,deluxe,2026-02-21,5,True,winter,False,,0.0,,0.9506,0.657
H003,premium,2026-02-21,5,True,winter,False,,0.0,,0.9506,0.6399
H003,suite,2026-02-21,5,True,winter,False,,0.0,,0.9506,0.609
H003,standard,2026-02-22,6,True,winter,False,,0.0,,0.818,0.7403
H003,deluxe,2026-02-22,6,True,winter,False,,0.0,,0.818,0.7289
H003,premium,2026-02-22,6,True,winter,False,,0.0,,0.818,0.7099
H003,suite,2026-02-22,6,True,winter,False,,0.0,,0.818,0.6756
H003,standard,2026-02-23,0,False,winter,False,,0.0,,1.0,1.0
H003,deluxe,2026-02-23,0,False,winter,False,,0.0,,1.0,1.0
H003,premium,2026-02-23,0,False,winter,False,,0.0,,1.0,1.0
H003,suite,2026-02-23,0,False,winter,False,,0.0,,1.0,1.0
H003,standard,2026-02-24,1,False,winter,False,,0.0,,0.8429,1.0
H003,deluxe,2026-02-24,1,False,winter,False,,0.0,,0.8429,1.0
H003,premium,2026-02-24,1,False,winter,False,,0.0,,0.8429,1.0
H003,suite,2026-02-24,1,False,winter,False,,0.0,,0.8429,0.9995
H003,standard,2026-02-25,2,False,winter,False,,0.0,,0.9195,0.9677
H003,deluxe,2026-02-25,2,False,winter,False,,0.0,,0.9195,0.9528
H003,premium,2026-02-25,2,False,winter,False,,0.0,,0.9195,0.9279
H003,suite,2026-02-25,2,False,winter,False,,0.0,,0.9195,0.8832
H003,standard,2026-02-26,3,False,winter,False,,0.0,,0.9903,1.0
H003,deluxe,2026-02-26,3,False,winter,False,,0.0,,0.9903,1.0
H003,premium,2026-02-26,3,False,winter,False,,0.0,,0.9903,1.0
H003,suite,2026-02-26,3,False,winter,False,,0.0,,0.9903,1.0
H003,standard,2026-02-27,4,False,winter,False,,0.0,,0.9347,0.6783
H003,deluxe,2026-02-27,4,False,winter,False,,0.0,,0.9347,0.6678
H003,premium,2026-02-27,4,False,winter,False,,0.0,,0.9347,0.6504
H003,suite,2026-02-27,4,False,winter,False,,0.0,,0.9347,0.619
H003,standard,2026-02-28,5,True,winter,False,,0.0,,0.9348,0.7478
H003,deluxe,2026-02-28,5,True,winter,False,,0.0,,0.9348,0.7362
H003,premium,2026-02-28,5,True,winter,False,,0.0,,0.9348,0.717
H003,suite,2026-02-28,5,True,winter,False,,0.0,,0.9348,0.6825
H003,standard,2026-03-01,6,True,summer,False,,0.0,,0.7859,0.5121
H003,deluxe,2026-03-01,6,True,summer,False,,0.0,,0.7859,0.5042
H003,premium,2026-03-01,6,True,summer,False,,0.0,,0.7859,0.491
H003,suite,2026-03-01,6,True,summer,False,,0.0,,0.7859,0.4673
H003,standard,2026-03-02,0,False,summer,False,,0.0,,0.7772,0.9461
H003,deluxe,2026-03-02,0,False,summer,False,,0.0,,0.7772,0.9315
H003,premium,2026-03-02,0,False,summer,False,,0.0,,0.7772,0.9072
H003,suite,2026-03-02,0,False,summer,False,,0.0,,0.7772,0.8635
H003,standard,2026-03-03,1,False,summer,False,,0.0,,0.7073,0.6041
H003,deluxe,2026-03-03,1,False,summer,False,,0.0,,0.7073,0.5948
H003,premium,2026-03-03,1,False,summer,False,,0.0,,0.7073,0.5793
H003,suite,2026-03-03,1,False,summer,False,,0.0,,0.7073,0.5513
H003,standard,2026-03-04,2,False,summer,True,Holi,0.0,,0.7428,0.6863
H003,deluxe,2026-03-04,2,False,summer,True,Holi,0.0,,0.7428,0.6757
H003,premium,2026-03-04,2,False,summer,True,Holi,0.0,,0.7428,0.6581
H003,suite,2026-03-04,2,False,summer,True,Holi,0.0,,0.7428,0.6264
H003,standard,2026-03-05,3,False,summer,False,,0.0,,0.7552,0.6536
H003,deluxe,2026-03-05,3,False,summer,False,,0.0,,0.7552,0.6435
H003,premium,2026-03-05,3,False,summer,False,,0.0,,0.7552,0.6268
H003,suite,2026-03-05,3,False,summer,False,,0.0,,0.7552,0.5965
H003,standard,2026-03-06,4,False,summer,False,,0.0,,0.8593,0.6653
H003,deluxe,2026-03-06,4,False,summer,False,,0.0,,0.8593,0.655
H003,premium,2026-03-06,4,False,summer,False,,0.0,,0.8593,0.638
H003,suite,2026-03-06,4,False,summer,False,,0.0,,0.8593,0.6072
H003,standard,2026-03-07,5,True,summer,False,,0.0,,0.7521,0.8709
H003,deluxe,2026-03-07,5,True,summer,False,,0.0,,0.7521,0.8574
H003,premium,2026-03-07,5,True,summer,False,,0.0,,0.7521,0.8351
H003,suite,2026-03-07,5,True,summer,False,,0.0,,0.7521,0.7948
H003,standard,2026-03-08,6,True,summer,False,,0.0,,0.8112,0.6617
H003,deluxe,2026-03-08,6,True,summer,False,,0.0,,0.8112,0.6515
H003,premium,2026-03-08,6,True,summer,False,,0.0,,0.8112,0.6345
H003,suite,2026-03-08,6,True,summer,False,,0.0,,0.8112,0.6039
H003,standard,2026-03-09,0,False,summer,False,,0.0,,0.6856,1.0
H003,deluxe,2026-03-09,0,False,summer,False,,0.0,,0.6856,1.0
H003,premium,2026-03-09,0,False,summer,False,,0.0,,0.6856,1.0
H003,suite,2026-03-09,0,False,summer,False,,0.0,,0.6856,1.0
H003,standard,2026-03-10,1,False,summer,False,,0.0,,0.9143,1.0
H003,deluxe,2026-03-10,1,False,summer,False,,0.0,,0.9143,1.0
H003,premium,2026-03-10,1,False,summer,False,,0.0,,0.9143,1.0
H003,suite,2026-03-10,1,False,summer,False,,0.0,,0.9143,1.0
H003,standard,2026-03-11,2,False,summer,False,,0.0,,0.7021,1.0
H003,deluxe,2026-03-11,2,False,summer,False,,0.0,,0.7021,1.0
H003,premium,2026-03-11,2,False,summer,False,,0.0,,0.7021,1.0
H003,suite,2026-03-11,2,False,summer,False,,0.0,,0.7021,1.0
H003,standard,2026-03-12,3,False,summer,False,,0.0,,0.8217,1.0
H003,deluxe,2026-03-12,3,False,summer,False,,0.0,,0.8217,1.0
H003,premium,2026-03-12,3,False,summer,False,,0.0,,0.8217,1.0
H003,suite,2026-03-12,3,False,summer,False,,0.0,,0.8217,1.0
H003,standard,2026-03-13,4,False,summer,False,,0.0,,0.6799,0.7643
H003,deluxe,2026-03-13,4,False,summer,False,,0.0,,0.6799,0.7526
H003,premium,2026-03-13,4,False,summer,False,,0.0,,0.6799,0.7329
H003,suite,2026-03-13,4,False,summer,False,,0.0,,0.6799,0.6976
H003,standard,2026-03-14,5,True,summer,False,,0.0,,0.7133,0.8215
H003,deluxe,2026-03-14,5,True,summer,False,,0.0,,0.7133,0.8088
H003,premium,2026-03-14,5,True,summer,False,,0.0,,0.7133,0.7877
H003,suite,2026-03-14,5,True,summer,False,,0.0,,0.7133,0.7497
H003,standard,2026-03-15,6,True,summer,False,,0.0,,0.7557,0.5623
H003,deluxe,2026-03-15,6,True,summer,False,,0.0,,0.7557,0.5536
H003,premium,2026-03-15,6,True,summer,False,,0.0,,0.7557,0.5392
H003,suite,2026-03-15,6,True,summer,False,,0.0,,0.7557,0.5132
H003,standard,2026-03-16,0,False,summer,False,,0.0,,0.9377,1.0
H003,deluxe,2026-03-16,0,False,summer,False,,0.0,,0.9377,0.9911
H003,premium,2026-03-16,0,False,summer,False,,0.0,,0.9377,0.9652
H003,suite,2026-03-16,0,False,summer,False,,0.0,,0.9377,0.9187
H003,standard,2026-03-17,1,False,summer,False,,0.0,,0.7503,1.0
H003,deluxe,2026-03-17,1,False,summer,False,,0.0,,0.7503,1.0
H003,premium,2026-03-17,1,False,summer,False,,0.0,,0.7503,1.0
H003,suite,2026-03-17,1,False,summer,False,,0.0,,0.7503,1.0
H003,standard,2026-03-18,2,False,summer,False,,0.0,,0.7774,1.0
H003,deluxe,2026-03-18,2,False,summer,False,,0.0,,0.7774,1.0
H003,premium,2026-03-18,2,False,summer,False,,0.0,,0.7774,1.0
H003,suite,2026-03-18,2,False,summer,False,,0.0,,0.7774,1.0
H003,standard,2026-03-19,3,False,summer,False,,0.0,,0.7837,1.0
H003,deluxe,2026-03-19,3,False,summer,False,,0.0,,0.7837,1.0
H003,premium,2026-03-19,3,False,summer,False,,0.0,,0.7837,1.0
H003,suite,2026-03-19,3,False,summer,False,,0.0,,0.7837,1.0
H003,standard,2026-03-20,4,False,summer,False,,0.0,,0.5953,0.5853
H003,deluxe,2026-03-20,4,False,summer,False,,0.0,,0.5953,0.5763
H003,premium,2026-03-20,4,False,summer,False,,0.0,,0.5953,0.5612
H003,suite,2026-03-20,4,False,summer,False,,0.0,,0.5953,0.5342
H003,standard,2026-03-21,5,True,summer,True,Eid al-Fitr,0.0,,0.7431,1.0
H003,deluxe,2026-03-21,5,True,summer,True,Eid al-Fitr,0.0,,0.7431,1.0
H003,premium,2026-03-21,5,True,summer,True,Eid al-Fitr,0.0,,0.7431,1.0
H003,suite,2026-03-21,5,True,summer,True,Eid al-Fitr,0.0,,0.7431,0.9752
H003,standard,2026-03-22,6,True,summer,False,,0.0,,0.64,0.8076
H003,deluxe,2026-03-22,6,True,summer,False,,0.0,,0.64,0.7951
H003,premium,2026-03-22,6,True,summer,False,,0.0,,0.64,0.7744
H003,suite,2026-03-22,6,True,summer,False,,0.0,,0.64,0.737
H003,standard,2026-03-23,0,False,summer,False,,0.0,,0.6303,1.0
H003,deluxe,2026-03-23,0,False,summer,False,,0.0,,0.6303,1.0
H003,premium,2026-03-23,0,False,summer,False,,0.0,,0.6303,0.9952
H003,suite,2026-03-23,0,False,summer,False,,0.0,,0.6303,0.9472
H003,standard,2026-03-24,1,False,summer,False,,0.0,,0.7809,1.0
H003,deluxe,2026-03-24,1,False,summer,False,,0.0,,0.7809,1.0
H003,premium,2026-03-24,1,False,summer,False,,0.0,,0.7809,1.0
H003,suite,2026-03-24,1,False,summer,False,,0.0,,0.7809,0.9697
H003,standard,2026-03-25,2,False,summer,False,,0.0,,0.7606,1.0
H003,deluxe,2026-03-25,2,False,summer,False,,0.0,,0.7606,1.0
H003,premium,2026-03-25,2,False,summer,False,,0.0,,0.7606,1.0
H003,suite,2026-03-25,2,False,summer,False,,0.0,,0.7606,1.0
H003,standard,2026-03-26,3,False,summer,True,Ram Navami,0.0,,0.8166,1.0
H003,deluxe,2026-03-26,3,False,summer,True,Ram Navami,0.0,,0.8166,1.0
H003,premium,2026-03-26,3,False,summer,True,Ram Navami,0.0,,0.8166,1.0
H003,suite,2026-03-26,3,False,summer,True,Ram Navami,0.0,,0.8166,1.0
H003,standard,2026-03-27,4,False,summer,False,,0.0,,0.7138,0.9908
H003,deluxe,2026-03-27,4,False,summer,False,,0.0,,0.7138,0.9755
H003,premium,2026-03-27,4,False,summer,False,,0.0,,0.7138,0.9501
H003,suite,2026-03-27,4,False,summer,False,,0.0,,0.7138,0.9043
H003,standard,2026-03-28,5,True,summer,False,,0.0,,0.7546,0.6873
H003,deluxe,2026-03-28,5,True,summer,False,,0.0,,0.7546,0.6767
H003,premium,2026-03-28,5,True,summer,False,,0.0,,0.7546,0.659
H003,suite,2026-03-28,5,True,summer,False,,0.0,,0.7546,0.6272
H003,standard,2026-03-29,6,True,summer,False,,0.0,,0.7819,0.5458
H003,deluxe,2026-03-29,6,True,summer,False,,0.0,,0.7819,0.5374
H003,premium,2026-03-29,6,True,summer,False,,0.0,,0.7819,0.5234
H003,suite,2026-03-29,6,True,summer,False,,0.0,,0.7819,0.4981
H003,standard,2026-03-30,0,False,summer,False,,0.0,,0.7368,1.0
H003,deluxe,2026-03-30,0,False,summer,False,,0.0,,0.7368,1.0
H003,premium,2026-03-30,0,False,summer,False,,0.0,,0.7368,1.0
H003,suite,2026-03-30,0,False,summer,False,,0.0,,0.7368,1.0
H003,standard,2026-03-31,1,False,summer,False,,0.0,,0.6964,0.7186
H003,deluxe,2026-03-31,1,False,summer,False,,0.0,,0.6964,0.7075
H003,premium,2026-03-31,1,False,summer,False,,0.0,,0.6964,0.689
H003,suite,2026-03-31,1,False,summer,False,,0.0,,0.6964,0.6558
H003,standard,2026-04-01,2,False,summer,False,,0.45,IPL Home Fixtures,0.7223,1.0
H003,deluxe,2026-04-01,2,False,summer,False,,0.45,IPL Home Fixtures,0.7223,1.0
H003,premium,2026-04-01,2,False,summer,False,,0.45,IPL Home Fixtures,0.7223,1.0
H003,suite,2026-04-01,2,False,summer,False,,0.45,IPL Home Fixtures,0.7223,1.0
H003,standard,2026-04-02,3,False,summer,False,,0.45,IPL Home Fixtures,0.754,0.7099
H003,deluxe,2026-04-02,3,False,summer,False,,0.45,IPL Home Fixtures,0.754,0.699
H003,premium,2026-04-02,3,False,summer,False,,0.45,IPL Home Fixtures,0.754,0.6807
H003,suite,2026-04-02,3,False,summer,False,,0.45,IPL Home Fixtures,0.754,0.6479
H003,standard,2026-04-03,4,False,summer,True,Good Friday,0.45,IPL Home Fixtures,0.8008,0.4
H003,deluxe,2026-04-03,4,False,summer,True,Good Friday,0.45,IPL Home Fixtures,0.8008,0.3939
H003,premium,2026-04-03,4,False,summer,True,Good Friday,0.45,IPL Home Fixtures,0.8008,0.3836
H003,suite,2026-04-03,4,False,summer,True,Good Friday,0.45,IPL Home Fixtures,0.8008,0.3651
H003,standard,2026-04-04,5,True,summer,False,,0.45,IPL Home Fixtures,0.882,1.0
H003,deluxe,2026-04-04,5,True,summer,False,,0.45,IPL Home Fixtures,0.882,1.0
H003,premium,2026-04-04,5,True,summer,False,,0.45,IPL Home Fixtures,0.882,1.0
H003,suite,2026-04-04,5,True,summer,False,,0.45,IPL Home Fixtures,0.882,1.0
H003,standard,2026-04-05,6,True,summer,False,,0.45,IPL Home Fixtures,0.69,0.9479
H003,deluxe,2026-04-05,6,True,summer,False,,0.45,IPL Home Fixtures,0.69,0.9333
H003,premium,2026-04-05,6,True,summer,False,,0.45,IPL Home Fixtures,0.69,0.909
H003,suite,2026-04-05,6,True,summer,False,,0.45,IPL Home Fixtures,0.69,0.8652
H003,standard,2026-04-06,0,False,summer,False,,0.45,IPL Home Fixtures,0.7724,0.8683
H003,deluxe,2026-04-06,0,False,summer,False,,0.45,IPL Home Fixtures,0.7724,0.8549
H003,premium,2026-04-06,0,False,summer,False,,0.45,IPL Home Fixtures,0.7724,0.8326
H003,suite,2026-04-06,0,False,summer,False,,0.45,IPL Home Fixtures,0.7724,0.7925
H003,standard,2026-04-07,1,False,summer,False,,0.45,IPL Home Fixtures,0.8182,1.0
H003,deluxe,2026-04-07,1,False,summer,False,,0.45,IPL Home Fixtures,0.8182,1.0
H003,premium,2026-04-07,1,False,summer,False,,0.45,IPL Home Fixtures,0.8182,1.0
H003,suite,2026-04-07,1,False,summer,False,,0.45,IPL Home Fixtures,0.8182,1.0
H003,standard,2026-04-08,2,False,summer,False,,0.45,IPL Home Fixtures,0.7289,1.0
H003,deluxe,2026-04-08,2,False,summer,False,,0.45,IPL Home Fixtures,0.7289,1.0
H003,premium,2026-04-08,2,False,summer,False,,0.45,IPL Home Fixtures,0.7289,1.0
H003,suite,2026-04-08,2,False,summer,False,,0.45,IPL Home Fixtures,0.7289,1.0
H003,standard,2026-04-09,3,False,summer,False,,0.45,IPL Home Fixtures,0.7519,1.0
H003,deluxe,2026-04-09,3,False,summer,False,,0.45,IPL Home Fixtures,0.7519,1.0
H003,premium,2026-04-09,3,False,summer,False,,0.45,IPL Home Fixtures,0.7519,1.0
H003,suite,2026-04-09,3,False,summer,False,,0.45,IPL Home Fixtures,0.7519,0.9675
H003,standard,2026-04-10,4,False,summer,False,,0.45,IPL Home Fixtures,0.8468,1.0
H003,deluxe,2026-04-10,4,False,summer,False,,0.45,IPL Home Fixtures,0.8468,1.0
H003,premium,2026-04-10,4,False,summer,False,,0.45,IPL Home Fixtures,0.8468,1.0
H003,suite,2026-04-10,4,False,summer,False,,0.45,IPL Home Fixtures,0.8468,1.0
H003,standard,2026-04-11,5,True,summer,False,,0.45,IPL Home Fixtures,0.7429,0.7156
H003,deluxe,2026-04-11,5,True,summer,False,,0.45,IPL Home Fixtures,0.7429,0.7046
H003,premium,2026-04-11,5,True,summer,False,,0.45,IPL Home Fixtures,0.7429,0.6862
H003,suite,2026-04-11,5,True,summer,False,,0.45,IPL Home Fixtures,0.7429,0.6531
H003,standard,2026-04-12,6,True,summer,False,,0.45,IPL Home Fixtures,0.761,1.0
H003,deluxe,2026-04-12,6,True,summer,False,,0.45,IPL Home Fixtures,0.761,1.0
H003,premium,2026-04-12,6,True,summer,False,,0.45,IPL Home Fixtures,0.761,1.0
H003,suite,2026-04-12,6,True,summer,False,,0.45,IPL Home Fixtures,0.761,1.0
H003,standard,2026-04-13,0,False,summer,False,,0.45,IPL Home Fixtures,0.7395,0.6834
H003,deluxe,2026-04-13,0,False,summer,False,,0.45,IPL Home Fixtures,0.7395,0.6729
H003,premium,2026-04-13,0,False,summer,False,,0.45,IPL Home Fixtures,0.7395,0.6553
H003,suite,2026-04-13,0,False,summer,False,,0.45,IPL Home Fixtures,0.7395,0.6237
H003,standard,2026-04-14,1,False,summer,True,Ambedkar Jayanti,0.45,IPL Home Fixtures,0.7643,0.8144
H003,deluxe,2026-04-14,1,False,summer,True,Ambedkar Jayanti,0.45,IPL Home Fixtures,0.7643,0.8019
H003,premium,2026-04-14,1,False,summer,True,Ambedkar Jayanti,0.45,IPL Home Fixtures,0.7643,0.781
H003,suite,2026-04-14,1,False,summer,True,Ambedkar Jayanti,0.45,IPL Home Fixtures,0.7643,0.7433
H003,standard,2026-04-15,2,False,summer,False,,0.45,IPL Home Fixtures,0.6928,0.8352
H003,deluxe,2026-04-15,2,False,summer,False,,0.45,IPL Home Fixtures,0.6928,0.8224
H003,premium,2026-04-15,2,False,summer,False,,0.45,IPL Home Fixtures,0.6928,0.8009
H003,suite,2026-04-15,2,False,summer,False,,0.45,IPL Home Fixtures,0.6928,0.7623
H003,standard,2026-04-16,3,False,summer,False,,0.45,IPL Home Fixtures,0.742,1.0
H003,deluxe,2026-04-16,3,False,summer,False,,0.45,IPL Home Fixtures,0.742,1.0
H003,premium,2026-04-16,3,False,summer,False,,0.45,IPL Home Fixtures,0.742,1.0
H003,suite,2026-04-16,3,False,summer,False,,0.45,IPL Home Fixtures,0.742,0.992
H003,standard,2026-04-17,4,False,summer,False,,0.45,IPL Home Fixtures,0.6857,1.0
H003,deluxe,2026-04-17,4,False,summer,False,,0.45,IPL Home Fixtures,0.6857,1.0
H003,premium,2026-04-17,4,False,summer,False,,0.45,IPL Home Fixtures,0.6857,1.0
H003,suite,2026-04-17,4,False,summer,False,,0.45,IPL Home Fixtures,0.6857,1.0
H003,standard,2026-04-18,5,True,summer,False,,0.45,IPL Home Fixtures,0.746,0.7773
H003,deluxe,2026-04-18,5,True,summer,False,,0.45,IPL Home Fixtures,0.746,0.7653
H003,premium,2026-04-18,5,True,summer,False,,0.45,IPL Home Fixtures,0.746,0.7454
H003,suite,2026-04-18,5,True,summer,False,,0.45,IPL Home Fixtures,0.746,0.7094
H003,standard,2026-04-19,6,True,summer,False,,0.45,IPL Home Fixtures,0.7989,1.0
H003,deluxe,2026-04-19,6,True,summer,False,,0.45,IPL Home Fixtures,0.7989,1.0
H003,premium,2026-04-19,6,True,summer,False,,0.45,IPL Home Fixtures,0.7989,1.0
H003,suite,2026-04-19,6,True,summer,False,,0.45,IPL Home Fixtures,0.7989,1.0
H003,standard,2026-04-20,0,False,summer,False,,0.45,IPL Home Fixtures,0.7533,1.0
H003,deluxe,2026-04-20,0,False,summer,False,,0.45,IPL Home Fixtures,0.7533,1.0
H003,premium,2026-04-20,0,False,summer,False,,0.45,IPL Home Fixtures,0.7533,1.0
H003,suite,2026-04-20,0,False,summer,False,,0.45,IPL Home Fixtures,0.7533,1.0
H003,standard,2026-04-21,1,False,summer,False,,0.45,IPL Home Fixtures,0.6668,1.0
H003,deluxe,2026-04-21,1,False,summer,False,,0.45,IPL Home Fixtures,0.6668,1.0
H003,premium,2026-04-21,1,False,summer,False,,0.45,IPL Home Fixtures,0.6668,1.0
H003,suite,2026-04-21,1,False,summer,False,,0.45,IPL Home Fixtures,0.6668,0.9687
H003,standard,2026-04-22,2,False,summer,False,,0.45,IPL Home Fixtures,0.7617,1.0
H003,deluxe,2026-04-22,2,False,summer,False,,0.45,IPL Home Fixtures,0.7617,1.0
H003,premium,2026-04-22,2,False,summer,False,,0.45,IPL Home Fixtures,0.7617,1.0
H003,suite,2026-04-22,2,False,summer,False,,0.45,IPL Home Fixtures,0.7617,1.0
H003,standard,2026-04-23,3,False,summer,False,,0.45,IPL Home Fixtures,0.7828,0.9293
H003,deluxe,2026-04-23,3,False,summer,False,,0.45,IPL Home Fixtures,0.7828,0.9149
H003,premium,2026-04-23,3,False,summer,False,,0.45,IPL Home Fixtures,0.7828,0.8911
H003,suite,2026-04-23,3,False,summer,False,,0.45,IPL Home Fixtures,0.7828,0.8481
H003,standard,2026-04-24,4,False,summer,False,,0.45,IPL Home Fixtures,0.7528,0.9492
H003,deluxe,2026-04-24,4,False,summer,False,,0.45,IPL Home Fixtures,0.7528,0.9346
H003,premium,2026-04-24,4,False,summer,False,,0.45,IPL Home Fixtures,0.7528,0.9102
H003,suite,2026-04-24,4,False,summer,False,,0.45,IPL Home Fixtures,0.7528,0.8663
H003,standard,2026-04-25,5,True,summer,False,,0.45,IPL Home Fixtures,0.68,1.0
H003,deluxe,2026-04-25,5,True,summer,False,,0.45,IPL Home Fixtures,0.68,0.9852
H003,premium,2026-04-25,5,True,summer,False,,0.45,IPL Home Fixtures,0.68,0.9595
H003,suite,2026-04-25,5,True,summer,False,,0.45,IPL Home Fixtures,0.68,0.9132
H003,standard,2026-04-26,6,True,summer,False,,0.45,IPL Home Fixtures,0.6905,0.7981
H003,deluxe,2026-04-26,6,True,summer,False,,0.45,IPL Home Fixtures,0.6905,0.7858
H003,premium,2026-04-26,6,True,summer,False,,0.45,IPL Home Fixtures,0.6905,0.7653
H003,suite,2026-04-26,6,True,summer,False,,0.45,IPL Home Fixtures,0.6905,0.7284
H003,standard,2026-04-27,0,False,summer,False,,0.45,IPL Home Fixtures,0.7164,0.9654
H003,deluxe,2026-04-27,0,False,summer,False,,0.45,IPL Home Fixtures,0.7164,0.9505
H003,premium,2026-04-27,0,False,summer,False,,0.45,IPL Home Fixtures,0.7164,0.9257
H003,suite,2026-04-27,0,False,summer,False,,0.45,IPL Home Fixtures,0.7164,0.881
H003,standard,2026-04-28,1,False,summer,False,,0.45,IPL Home Fixtures,0.815,1.0
H003,deluxe,2026-04-28,1,False,summer,False,,0.45,IPL Home Fixtures,0.815,1.0
H003,premium,2026-04-28,1,False,summer,False,,0.45,IPL Home Fixtures,0.815,1.0
H003,suite,2026-04-28,1,False,summer,False,,0.45,IPL Home Fixtures,0.815,1.0
H003,standard,2026-04-29,2,False,summer,False,,0.45,IPL Home Fixtures,0.7301,1.0
H003,deluxe,2026-04-29,2,False,summer,False,,0.45,IPL Home Fixtures,0.7301,1.0
H003,premium,2026-04-29,2,False,summer,False,,0.45,IPL Home Fixtures,0.7301,1.0
H003,suite,2026-04-29,2,False,summer,False,,0.45,IPL Home Fixtures,0.7301,1.0
H003,standard,2026-04-30,3,False,summer,False,,0.45,IPL Home Fixtures,0.686,1.0
H003,deluxe,2026-04-30,3,False,summer,False,,0.45,IPL Home Fixtures,0.686,1.0
H003,premium,2026-04-30,3,False,summer,False,,0.45,IPL Home Fixtures,0.686,1.0
H003,suite,2026-04-30,3,False,summer,False,,0.45,IPL Home Fixtures,0.686,0.959
H003,standard,2026-05-01,4,False,summer,True,Buddha Purnima,0.45,IPL Home Fixtures,0.6633,0.5267
H003,deluxe,2026-05-01,4,False,summer,True,Buddha Purnima,0.45,IPL Home Fixtures,0.6633,0.5185
H003,premium,2026-05-01,4,False,summer,True,Buddha Purnima,0.45,IPL Home Fixtures,0.6633,0.505
H003,suite,2026-05-01,4,False,summer,True,Buddha Purnima,0.45,IPL Home Fixtures,0.6633,0.4807
H003,standard,2026-05-02,5,True,summer,False,,0.45,IPL Home Fixtures,0.8502,0.7767
H003,deluxe,2026-05-02,5,True,summer,False,,0.45,IPL Home Fixtures,0.8502,0.7647
H003,premium,2026-05-02,5,True,summer,False,,0.45,IPL Home Fixtures,0.8502,0.7448
H003,suite,2026-05-02,5,True,summer,False,,0.45,IPL Home Fixtures,0.8502,0.7089
H003,standard,2026-05-03,6,True,summer,False,,0.45,IPL Home Fixtures,0.7699,0.3657
H003,deluxe,2026-05-03,6,True,summer,False,,0.45,IPL Home Fixtures,0.7699,0.3601
H003,premium,2026-05-03,6,True,summer,False,,0.45,IPL Home Fixtures,0.7699,0.3507
H003,suite,2026-05-03,6,True,summer,False,,0.45,IPL Home Fixtures,0.7699,0.3338
H003,standard,2026-05-04,0,False,summer,False,,0.45,IPL Home Fixtures,0.7089,0.9699
H003,deluxe,2026-05-04,0,False,summer,False,,0.45,IPL Home Fixtures,0.7089,0.955
H003,premium,2026-05-04,0,False,summer,False,,0.45,IPL Home Fixtures,0.7089,0.93
H003,suite,2026-05-04,0,False,summer,False,,0.45,IPL Home Fixtures,0.7089,0.8852
H003,standard,2026-05-05,1,False,summer,False,,0.45,IPL Home Fixtures,0.8286,1.0
H003,deluxe,2026-05-05,1,False,summer,False,,0.45,IPL Home Fixtures,0.8286,1.0
H003,premium,2026-05-05,1,False,summer,False,,0.45,IPL Home Fixtures,0.8286,1.0
H003,suite,2026-05-05,1,False,summer,False,,0.45,IPL Home Fixtures,0.8286,1.0
H003,standard,2026-05-06,2,False,summer,False,,0.45,IPL Home Fixtures,0.7711,1.0
H003,deluxe,2026-05-06,2,False,summer,False,,0.45,IPL Home Fixtures,0.7711,1.0
H003,premium,2026-05-06,2,False,summer,False,,0.45,IPL Home Fixtures,0.7711,0.9854
H003,suite,2026-05-06,2,False,summer,False,,0.45,IPL Home Fixtures,0.7711,0.9379
H003,standard,2026-05-07,3,False,summer,False,,0.45,IPL Home Fixtures,0.7742,1.0
H003,deluxe,2026-05-07,3,False,summer,False,,0.45,IPL Home Fixtures,0.7742,1.0
H003,premium,2026-05-07,3,False,summer,False,,0.45,IPL Home Fixtures,0.7742,1.0
H003,suite,2026-05-07,3,False,summer,False,,0.45,IPL Home Fixtures,0.7742,1.0
H003,standard,2026-05-08,4,False,summer,False,,0.45,IPL Home Fixtures,0.8698,1.0
H003,deluxe,2026-05-08,4,False,summer,False,,0.45,IPL Home Fixtures,0.8698,1.0
H003,premium,2026-05-08,4,False,summer,False,,0.45,IPL Home Fixtures,0.8698,1.0
H003,suite,2026-05-08,4,False,summer,False,,0.45,IPL Home Fixtures,0.8698,1.0
H003,standard,2026-05-09,5,True,summer,False,,0.45,IPL Home Fixtures,0.7978,0.892
H003,deluxe,2026-05-09,5,True,summer,False,,0.45,IPL Home Fixtures,0.7978,0.8783
H003,premium,2026-05-09,5,True,summer,False,,0.45,IPL Home Fixtures,0.7978,0.8553
H003,suite,2026-05-09,5,True,summer,False,,0.45,IPL Home Fixtures,0.7978,0.8141
H003,standard,2026-05-10,6,True,summer,False,,0.45,IPL Home Fixtures,0.7717,1.0
H003,deluxe,2026-05-10,6,True,summer,False,,0.45,IPL Home Fixtures,0.7717,1.0
H003,premium,2026-05-10,6,True,summer,False,,0.45,IPL Home Fixtures,0.7717,1.0
H003,suite,2026-05-10,6,True,summer,False,,0.45,IPL Home Fixtures,0.7717,1.0
H003,standard,2026-05-11,0,False,summer,False,,0.45,IPL Home Fixtures,0.6282,1.0
H003,deluxe,2026-05-11,0,False,summer,False,,0.45,IPL Home Fixtures,0.6282,1.0
H003,premium,2026-05-11,0,False,summer,False,,0.45,IPL Home Fixtures,0.6282,1.0
H003,suite,2026-05-11,0,False,summer,False,,0.45,IPL Home Fixtures,0.6282,1.0
H003,standard,2026-05-12,1,False,summer,False,,0.45,IPL Home Fixtures,0.7572,1.0
H003,deluxe,2026-05-12,1,False,summer,False,,0.45,IPL Home Fixtures,0.7572,1.0
H003,premium,2026-05-12,1,False,summer,False,,0.45,IPL Home Fixtures,0.7572,1.0
H003,suite,2026-05-12,1,False,summer,False,,0.45,IPL Home Fixtures,0.7572,1.0
H003,standard,2026-05-13,2,False,summer,False,,0.45,IPL Home Fixtures,0.7136,1.0
H003,deluxe,2026-05-13,2,False,summer,False,,0.45,IPL Home Fixtures,0.7136,1.0
H003,premium,2026-05-13,2,False,summer,False,,0.45,IPL Home Fixtures,0.7136,1.0
H003,suite,2026-05-13,2,False,summer,False,,0.45,IPL Home Fixtures,0.7136,1.0
H003,standard,2026-05-14,3,False,summer,False,,0.45,IPL Home Fixtures,0.6811,1.0
H003,deluxe,2026-05-14,3,False,summer,False,,0.45,IPL Home Fixtures,0.6811,1.0
H003,premium,2026-05-14,3,False,summer,False,,0.45,IPL Home Fixtures,0.6811,1.0
H003,suite,2026-05-14,3,False,summer,False,,0.45,IPL Home Fixtures,0.6811,0.9702
H003,standard,2026-05-15,4,False,summer,False,,0.45,IPL Home Fixtures,0.746,0.626
H003,deluxe,2026-05-15,4,False,summer,False,,0.45,IPL Home Fixtures,0.746,0.6164
H003,premium,2026-05-15,4,False,summer,False,,0.45,IPL Home Fixtures,0.746,0.6003
H003,suite,2026-05-15,4,False,summer,False,,0.45,IPL Home Fixtures,0.746,0.5714
H003,standard,2026-05-16,5,True,summer,False,,0.45,IPL Home Fixtures,0.7912,0.5306
H003,deluxe,2026-05-16,5,True,summer,False,,0.45,IPL Home Fixtures,0.7912,0.5224
H003,premium,2026-05-16,5,True,summer,False,,0.45,IPL Home Fixtures,0.7912,0.5088
H003,suite,2026-05-16,5,True,summer,False,,0.45,IPL Home Fixtures,0.7912,0.4843
H003,standard,2026-05-17,6,True,summer,False,,0.45,IPL Home Fixtures,0.7011,1.0
H003,deluxe,2026-05-17,6,True,summer,False,,0.45,IPL Home Fixtures,0.7011,1.0
H003,premium,2026-05-17,6,True,summer,False,,0.45,IPL Home Fixtures,0.7011,1.0
H003,suite,2026-05-17,6,True,summer,False,,0.45,IPL Home Fixtures,0.7011,0.9519
H003,standard,2026-05-18,0,False,summer,False,,0.45,IPL Home Fixtures,0.7125,1.0
H003,deluxe,2026-05-18,0,False,summer,False,,0.45,IPL Home Fixtures,0.7125,1.0
H003,premium,2026-05-18,0,False,summer,False,,0.45,IPL Home Fixtures,0.7125,1.0
H003,suite,2026-05-18,0,False,summer,False,,0.45,IPL Home Fixtures,0.7125,1.0
H003,standard,2026-05-19,1,False,summer,False,,0.45,IPL Home Fixtures,0.7614,1.0
H003,deluxe,2026-05-19,1,False,summer,False,,0.45,IPL Home Fixtures,0.7614,1.0
H003,premium,2026-05-19,1,False,summer,False,,0.45,IPL Home Fixtures,0.7614,1.0
H003,suite,2026-05-19,1,False,summer,False,,0.45,IPL Home Fixtures,0.7614,1.0
H003,standard,2026-05-20,2,False,summer,False,,0.45,IPL Home Fixtures,0.6611,1.0
H003,deluxe,2026-05-20,2,False,summer,False,,0.45,IPL Home Fixtures,0.6611,1.0
H003,premium,2026-05-20,2,False,summer,False,,0.45,IPL Home Fixtures,0.6611,1.0
H003,suite,2026-05-20,2,False,summer,False,,0.45,IPL Home Fixtures,0.6611,1.0
H003,standard,2026-05-21,3,False,summer,False,,0.0,,0.7644,0.8106
H003,deluxe,2026-05-21,3,False,summer,False,,0.0,,0.7644,0.7981
H003,premium,2026-05-21,3,False,summer,False,,0.0,,0.7644,0.7773
H003,suite,2026-05-21,3,False,summer,False,,0.0,,0.7644,0.7398
H003,standard,2026-05-22,4,False,summer,False,,0.0,,0.7288,0.6658
H003,deluxe,2026-05-22,4,False,summer,False,,0.0,,0.7288,0.6555
H003,premium,2026-05-22,4,False,summer,False,,0.0,,0.7288,0.6384
H003,suite,2026-05-22,4,False,summer,False,,0.0,,0.7288,0.6076
H003,standard,2026-05-23,5,True,summer,False,,0.0,,0.7095,0.5815
H003,deluxe,2026-05-23,5,True,summer,False,,0.0,,0.7095,0.5726
H003,premium,2026-05-23,5,True,summer,False,,0.0,,0.7095,0.5576
H003,suite,2026-05-23,5,True,summer,False,,0.0,,0.7095,0.5308
H003,standard,2026-05-24,6,True,summer,False,,0.0,,0.8775,0.81
H003,deluxe,2026-05-24,6,True,summer,False,,0.0,,0.8775,0.7975
H003,premium,2026-05-24,6,True,summer,False,,0.0,,0.8775,0.7767
H003,suite,2026-05-24,6,True,summer,False,,0.0,,0.8775,0.7393
H003,standard,2026-05-25,0,False,summer,False,,0.0,,0.758,0.7043
H003,deluxe,2026-05-25,0,False,summer,False,,0.0,,0.758,0.6934
H003,premium,2026-05-25,0,False,summer,False,,0.0,,0.758,0.6754
H003,suite,2026-05-25,0,False,summer,False,,0.0,,0.758,0.6428
H003,standard,2026-05-26,1,False,summer,False,,0.0,,0.6498,0.917
H003,deluxe,2026-05-26,1,False,summer,False,,0.0,,0.6498,0.9029
H003,premium,2026-05-26,1,False,summer,False,,0.0,,0.6498,0.8793
H003,suite,2026-05-26,1,False,summer,False,,0.0,,0.6498,0.8369
H003,standard,2026-05-27,2,False,summer,True,Bakrid,0.0,,0.6849,0.586
H003,deluxe,2026-05-27,2,False,summer,True,Bakrid,0.0,,0.6849,0.577
H003,premium,2026-05-27,2,False,summer,True,Bakrid,0.0,,0.6849,0.5619
H003,suite,2026-05-27,2,False,summer,True,Bakrid,0.0,,0.6849,0.5348
H003,standard,2026-05-28,3,False,summer,False,,0.0,,0.7429,1.0
H003,deluxe,2026-05-28,3,False,summer,False,,0.0,,0.7429,1.0
H003,premium,2026-05-28,3,False,summer,False,,0.0,,0.7429,0.9984
H003,suite,2026-05-28,3,False,summer,False,,0.0,,0.7429,0.9502
H003,standard,2026-05-29,4,False,summer,False,,0.0,,0.6932,0.8779
H003,deluxe,2026-05-29,4,False,summer,False,,0.0,,0.6932,0.8643
H003,premium,2026-05-29,4,False,summer,False,,0.0,,0.6932,0.8418
H003,suite,2026-05-29,4,False,summer,False,,0.0,,0.6932,0.8012
H003,standard,2026-05-30,5,True,summer,False,,0.0,,0.7391,1.0
H003,deluxe,2026-05-30,5,True,summer,False,,0.0,,0.7391,1.0
H003,premium,2026-05-30,5,True,summer,False,,0.0,,0.7391,1.0
H003,suite,2026-05-30,5,True,summer,False,,0.0,,0.7391,1.0
H003,standard,2026-05-31,6,True,summer,False,,0.0,,0.7,0.9564
H003,deluxe,2026-05-31,6,True,summer,False,,0.0,,0.7,0.9416
H003,premium,2026-05-31,6,True,summer,False,,0.0,,0.7,0.9171
H003,suite,2026-05-31,6,True,summer,False,,0.0,,0.7,0.8728
H003,standard,2026-06-01,0,False,monsoon,False,,0.0,,0.7113,1.0
H003,deluxe,2026-06-01,0,False,monsoon,False,,0.0,,0.7113,1.0
H003,premium,2026-06-01,0,False,monsoon,False,,0.0,,0.7113,1.0
H003,suite,2026-06-01,0,False,monsoon,False,,0.0,,0.7113,0.9892
H003,standard,2026-06-02,1,False,monsoon,False,,0.0,,0.6729,0.7365
H003,deluxe,2026-06-02,1,False,monsoon,False,,0.0,,0.6729,0.7252
H003,premium,2026-06-02,1,False,monsoon,False,,0.0,,0.6729,0.7063
H003,suite,2026-06-02,1,False,monsoon,False,,0.0,,0.6729,0.6722
H003,standard,2026-06-03,2,False,monsoon,False,,0.0,,0.6315,0.8815
H003,deluxe,2026-06-03,2,False,monsoon,False,,0.0,,0.6315,0.8679
H003,premium,2026-06-03,2,False,monsoon,False,,0.0,,0.6315,0.8453
H003,suite,2026-06-03,2,False,monsoon,False,,0.0,,0.6315,0.8045
H003,standard,2026-06-04,3,False,monsoon,False,,0.0,,0.6775,1.0
H003,deluxe,2026-06-04,3,False,monsoon,False,,0.0,,0.6775,1.0
H003,premium,2026-06-04,3,False,monsoon,False,,0.0,,0.6775,1.0
H003,suite,2026-06-04,3,False,monsoon,False,,0.0,,0.6775,0.983
H003,standard,2026-06-05,4,False,monsoon,False,,0.0,,0.6859,0.3755
H003,deluxe,2026-06-05,4,False,monsoon,False,,0.0,,0.6859,0.3697
H003,premium,2026-06-05,4,False,monsoon,False,,0.0,,0.6859,0.3601
H003,suite,2026-06-05,4,False,monsoon,False,,0.0,,0.6859,0.3427
H003,standard,2026-06-06,5,True,monsoon,False,,0.0,,0.6284,0.6996
H003,deluxe,2026-06-06,5,True,monsoon,False,,0.0,,0.6284,0.6888
H003,premium,2026-06-06,5,True,monsoon,False,,0.0,,0.6284,0.6709
H003,suite,2026-06-06,5,True,monsoon,False,,0.0,,0.6284,0.6385
H003,standard,2026-06-07,6,True,monsoon,False,,0.0,,0.6873,0.7581
H003,deluxe,2026-06-07,6,True,monsoon,False,,0.0,,0.6873,0.7465
H003,premium,2026-06-07,6,True,monsoon,False,,0.0,,0.6873,0.727
H003,suite,2026-06-07,6,True,monsoon,False,,0.0,,0.6873,0.6919
H003,standard,2026-06-08,0,False,monsoon,False,,0.0,,0.6991,1.0
H003,deluxe,2026-06-08,0,False,monsoon,False,,0.0,,0.6991,1.0
H003,premium,2026-06-08,0,False,monsoon,False,,0.0,,0.6991,1.0
H003,suite,2026-06-08,0,False,monsoon,False,,0.0,,0.6991,1.0
H003,standard,2026-06-09,1,False,monsoon,False,,0.0,,0.7014,1.0
H003,deluxe,2026-06-09,1,False,monsoon,False,,0.0,,0.7014,1.0
H003,premium,2026-06-09,1,False,monsoon,False,,0.0,,0.7014,1.0
H003,suite,2026-06-09,1,False,monsoon,False,,0.0,,0.7014,1.0
H003,standard,2026-06-10,2,False,monsoon,False,,0.0,,0.7769,0.9539
H003,deluxe,2026-06-10,2,False,monsoon,False,,0.0,,0.7769,0.9392
H003,premium,2026-06-10,2,False,monsoon,False,,0.0,,0.7769,0.9147
H003,suite,2026-06-10,2,False,monsoon,False,,0.0,,0.7769,0.8706
H003,standard,2026-06-11,3,False,monsoon,False,,0.0,,0.7994,0.7859
H003,deluxe,2026-06-11,3,False,monsoon,False,,0.0,,0.7994,0.7738
H003,premium,2026-06-11,3,False,monsoon,False,,0.0,,0.7994,0.7536
H003,suite,2026-06-11,3,False,monsoon,False,,0.0,,0.7994,0.7173
H003,standard,2026-06-12,4,False,monsoon,False,,0.0,,0.7674,0.9474
H003,deluxe,2026-06-12,4,False,monsoon,False,,0.0,,0.7674,0.9328
H003,premium,2026-06-12,4,False,monsoon,False,,0.0,,0.7674,0.9084
H003,suite,2026-06-12,4,False,monsoon,False,,0.0,,0.7674,0.8646
H003,standard,2026-06-13,5,True,monsoon,False,,0.0,,0.6522,0.6011
H003,deluxe,2026-06-13,5,True,monsoon,False,,0.0,,0.6522,0.5918
H003,premium,2026-06-13,5,True,monsoon,False,,0.0,,0.6522,0.5764
H003,suite,2026-06-13,5,True,monsoon,False,,0.0,,0.6522,0.5486
H003,standard,2026-06-14,6,True,monsoon,False,,0.0,,0.6376,1.0
H003,deluxe,2026-06-14,6,True,monsoon,False,,0.0,,0.6376,1.0
H003,premium,2026-06-14,6,True,monsoon,False,,0.0,,0.6376,0.983
H003,suite,2026-06-14,6,True,monsoon,False,,0.0,,0.6376,0.9356
H003,standard,2026-06-15,0,False,monsoon,False,,0.0,,0.6723,1.0
H003,deluxe,2026-06-15,0,False,monsoon,False,,0.0,,0.6723,1.0
H003,premium,2026-06-15,0,False,monsoon,False,,0.0,,0.6723,0.9788
H003,suite,2026-06-15,0,False,monsoon,False,,0.0,,0.6723,0.9316
H003,standard,2026-06-16,1,False,monsoon,False,,0.0,,0.6945,1.0
H003,deluxe,2026-06-16,1,False,monsoon,False,,0.0,,0.6945,1.0
H003,premium,2026-06-16,1,False,monsoon,False,,0.0,,0.6945,1.0
H003,suite,2026-06-16,1,False,monsoon,False,,0.0,,0.6945,1.0
H003,standard,2026-06-17,2,False,monsoon,False,,0.0,,0.6604,0.8151
H003,deluxe,2026-06-17,2,False,monsoon,False,,0.0,,0.6604,0.8026
H003,premium,2026-06-17,2,False,monsoon,False,,0.0,,0.6604,0.7816
H003,suite,2026-06-17,2,False,monsoon,False,,0.0,,0.6604,0.744
H003,standard,2026-06-18,3,False,monsoon,False,,0.0,,0.5714,0.7222
H003,deluxe,2026-06-18,3,False,monsoon,False,,0.0,,0.5714,0.711
H003,premium,2026-06-18,3,False,monsoon,False,,0.0,,0.5714,0.6925
H003,suite,2026-06-18,3,False,monsoon,False,,0.0,,0.5714,0.6591
H003,standard,2026-06-19,4,False,monsoon,False,,0.0,,0.7214,0.7914
H003,deluxe,2026-06-19,4,False,monsoon,False,,0.0,,0.7214,0.7792
H003,premium,2026-06-19,4,False,monsoon,False,,0.0,,0.7214,0.7589
H003,suite,2026-06-19,4,False,monsoon,False,,0.0,,0.7214,0.7223
H003,standard,2026-06-20,5,True,monsoon,False,,0.0,,0.6494,0.7544
H003,deluxe,2026-06-20,5,True,monsoon,False,,0.0,,0.6494,0.7428
H003,premium,2026-06-20,5,True,monsoon,False,,0.0,,0.6494,0.7234
H003,suite,2026-06-20,5,True,monsoon,False,,0.0,,0.6494,0.6885
H003,standard,2026-06-21,6,True,monsoon,False,,0.0,,0.6423,0.7003
H003,deluxe,2026-06-21,6,True,monsoon,False,,0.0,,0.6423,0.6895
H003,premium,2026-06-21,6,True,monsoon,False,,0.0,,0.6423,0.6716
H003,suite,2026-06-21,6,True,monsoon,False,,0.0,,0.6423,0.6392
H003,standard,2026-06-22,0,False,monsoon,False,,0.0,,0.7327,0.7321
H003,deluxe,2026-06-22,0,False,monsoon,False,,0.0,,0.7327,0.7208
H003,premium,2026-06-22,0,False,monsoon,False,,0.0,,0.7327,0.702
H003,suite,2026-06-22,0,False,monsoon,False,,0.0,,0.7327,0.6682
H003,standard,2026-06-23,1,False,monsoon,False,,0.0,,0.633,1.0
H003,deluxe,2026-06-23,1,False,monsoon,False,,0.0,,0.633,1.0
H003,premium,2026-06-23,1,False,monsoon,False,,0.0,,0.633,0.9899
H003,suite,2026-06-23,1,False,monsoon,False,,0.0,,0.633,0.9421
H003,standard,2026-06-24,2,False,monsoon,False,,0.0,,0.8711,1.0
H003,deluxe,2026-06-24,2,False,monsoon,False,,0.0,,0.8711,1.0
H003,premium,2026-06-24,2,False,monsoon,False,,0.0,,0.8711,1.0
H003,suite,2026-06-24,2,False,monsoon,False,,0.0,,0.8711,1.0
H003,standard,2026-06-25,3,False,monsoon,False,,0.0,,0.7637,1.0
H003,deluxe,2026-06-25,3,False,monsoon,False,,0.0,,0.7637,1.0
H003,premium,2026-06-25,3,False,monsoon,False,,0.0,,0.7637,1.0
H003,suite,2026-06-25,3,False,monsoon,False,,0.0,,0.7637,0.9903
H003,standard,2026-06-26,4,False,monsoon,False,,0.0,,0.6596,0.8191
H003,deluxe,2026-06-26,4,False,monsoon,False,,0.0,,0.6596,0.8065
H003,premium,2026-06-26,4,False,monsoon,False,,0.0,,0.6596,0.7855
H003,suite,2026-06-26,4,False,monsoon,False,,0.0,,0.6596,0.7476
H003,standard,2026-06-27,5,True,monsoon,False,,0.0,,0.7355,0.5326
H003,deluxe,2026-06-27,5,True,monsoon,False,,0.0,,0.7355,0.5244
H003,premium,2026-06-27,5,True,monsoon,False,,0.0,,0.7355,0.5107
H003,suite,2026-06-27,5,True,monsoon,False,,0.0,,0.7355,0.4861
H003,standard,2026-06-28,6,True,monsoon,False,,0.0,,0.7597,0.3491
H003,deluxe,2026-06-28,6,True,monsoon,False,,0.0,,0.7597,0.3437
H003,premium,2026-06-28,6,True,monsoon,False,,0.0,,0.7597,0.3348
H003,suite,2026-06-28,6,True,monsoon,False,,0.0,,0.7597,0.3186
H003,standard,2026-06-29,0,False,monsoon,False,,0.0,,0.6115,1.0
H003,deluxe,2026-06-29,0,False,monsoon,False,,0.0,,0.6115,1.0
H003,premium,2026-06-29,0,False,monsoon,False,,0.0,,0.6115,1.0
H003,suite,2026-06-29,0,False,monsoon,False,,0.0,,0.6115,1.0
H003,standard,2026-06-30,1,False,monsoon,False,,0.0,,0.6713,0.9199
H003,deluxe,2026-06-30,1,False,monsoon,False,,0.0,,0.6713,0.9057
H003,premium,2026-06-30,1,False,monsoon,False,,0.0,,0.6713,0.8821
H003,suite,2026-06-30,1,False,monsoon,False,,0.0,,0.6713,0.8396
H003,standard,2026-07-01,2,False,monsoon,False,,0.0,,0.7453,1.0
H003,deluxe,2026-07-01,2,False,monsoon,False,,0.0,,0.7453,1.0
H003,premium,2026-07-01,2,False,monsoon,False,,0.0,,0.7453,1.0
H003,suite,2026-07-01,2,False,monsoon,False,,0.0,,0.7453,1.0
H003,standard,2026-07-02,3,False,monsoon,False,,0.0,,0.7965,0.507
H003,deluxe,2026-07-02,3,False,monsoon,False,,0.0,,0.7965,0.4992
H003,premium,2026-07-02,3,False,monsoon,False,,0.0,,0.7965,0.4862
H003,suite,2026-07-02,3,False,monsoon,False,,0.0,,0.7965,0.4628
H003,standard,2026-07-03,4,False,monsoon,False,,0.0,,0.7404,0.7165
H003,deluxe,2026-07-03,4,False,monsoon,False,,0.0,,0.7404,0.7054
H003,premium,2026-07-03,4,False,monsoon,False,,0.0,,0.7404,0.687
H003,suite,2026-07-03,4,False,monsoon,False,,0.0,,0.7404,0.6539
H003,standard,2026-07-04,5,True,monsoon,False,,0.0,,0.5739,1.0
H003,deluxe,2026-07-04,5,True,monsoon,False,,0.0,,0.5739,1.0
H003,premium,2026-07-04,5,True,monsoon,False,,0.0,,0.5739,1.0
H003,suite,2026-07-04,5,True,monsoon,False,,0.0,,0.5739,1.0
H003,standard,2026-07-05,6,True,monsoon,False,,0.0,,0.5701,0.6727
H003,deluxe,2026-07-05,6,True,monsoon,False,,0.0,,0.5701,0.6623
H003,premium,2026-07-05,6,True,monsoon,False,,0.0,,0.5701,0.645
H003,suite,2026-07-05,6,True,monsoon,False,,0.0,,0.5701,0.6139
H003,standard,2026-07-06,0,False,monsoon,False,,0.0,,0.5829,1.0
H003,deluxe,2026-07-06,0,False,monsoon,False,,0.0,,0.5829,1.0
H003,premium,2026-07-06,0,False,monsoon,False,,0.0,,0.5829,1.0
H003,suite,2026-07-06,0,False,monsoon,False,,0.0,,0.5829,1.0
H003,standard,2026-07-07,1,False,monsoon,False,,0.0,,0.6507,1.0
H003,deluxe,2026-07-07,1,False,monsoon,False,,0.0,,0.6507,1.0
H003,premium,2026-07-07,1,False,monsoon,False,,0.0,,0.6507,1.0
H003,suite,2026-07-07,1,False,monsoon,False,,0.0,,0.6507,1.0
H003,standard,2026-07-08,2,False,monsoon,False,,0.0,,0.7821,1.0
H003,deluxe,2026-07-08,2,False,monsoon,False,,0.0,,0.7821,1.0
H003,premium,2026-07-08,2,False,monsoon,False,,0.0,,0.7821,1.0
H003,suite,2026-07-08,2,False,monsoon,False,,0.0,,0.7821,0.9538
H003,standard,2026-07-09,3,False,monsoon,False,,0.0,,0.798,0.9974
H003,deluxe,2026-07-09,3,False,monsoon,False,,0.0,,0.798,0.982
H003,premium,2026-07-09,3,False,monsoon,False,,0.0,,0.798,0.9564
H003,suite,2026-07-09,3,False,monsoon,False,,0.0,,0.798,0.9103
H003,standard,2026-07-10,4,False,monsoon,False,,0.0,,0.7086,0.3739
H003,deluxe,2026-07-10,4,False,monsoon,False,,0.0,,0.7086,0.3681
H003,premium,2026-07-10,4,False,monsoon,False,,0.0,,0.7086,0.3585
H003,suite,2026-07-10,4,False,monsoon,False,,0.0,,0.7086,0.3412
H003,standard,2026-07-11,5,True,monsoon,False,,0.0,,0.6884,0.6089
H003,deluxe,2026-07-11,5,True,monsoon,False,,0.0,,0.6884,0.5995
H003,premium,2026-07-11,5,True,monsoon,False,,0.0,,0.6884,0.5839
H003,suite,2026-07-11,5,True,monsoon,False,,0.0,,0.6884,0.5557
H003,standard,2026-07-12,6,True,monsoon,False,,0.0,,0.7074,0.5674
H003,deluxe,2026-07-12,6,True,monsoon,False,,0.0,,0.7074,0.5587
H003,premium,2026-07-12,6,True,monsoon,False,,0.0,,0.7074,0.5441
H003,suite,2026-07-12,6,True,monsoon,False,,0.0,,0.7074,0.5179
H003,standard,2026-07-13,0,False,monsoon,False,,0.0,,0.7821,0.8282
H003,deluxe,2026-07-13,0,False,monsoon,False,,0.0,,0.7821,0.8155
H003,premium,2026-07-13,0,False,monsoon,False,,0.0,,0.7821,0.7942
H003,suite,2026-07-13,0,False,monsoon,False,,0.0,,0.7821,0.7559
H003,standard,2026-07-14,1,False,monsoon,False,,0.0,,0.6765,0.9006
H003,deluxe,2026-07-14,1,False,monsoon,False,,0.0,,0.6765,0.8868
H003,premium,2026-07-14,1,False,monsoon,False,,0.0,,0.6765,0.8636
H003,suite,2026-07-14,1,False,monsoon,False,,0.0,,0.6765,0.822
H003,standard,2026-07-15,2,False,monsoon,False,,0.0,,0.6402,0.7899
H003,deluxe,2026-07-15,2,False,monsoon,False,,0.0,,0.6402,0.7777
H003,premium,2026-07-15,2,False,monsoon,False,,0.0,,0.6402,0.7575
H003,suite,2026-07-15,2,False,monsoon,False,,0.0,,0.6402,0.7209
H003,standard,2026-07-16,3,False,monsoon,False,,0.0,,0.7594,0.878
H003,deluxe,2026-07-16,3,False,monsoon,False,,0.0,,0.7594,0.8645
H003,premium,2026-07-16,3,False,monsoon,False,,0.0,,0.7594,0.8419
H003,suite,2026-07-16,3,False,monsoon,False,,0.0,,0.7594,0.8013
H003,standard,2026-07-17,4,False,monsoon,False,,0.0,,0.6518,0.6939
H003,deluxe,2026-07-17,4,False,monsoon,False,,0.0,,0.6518,0.6832
H003,premium,2026-07-17,4,False,monsoon,False,,0.0,,0.6518,0.6654
H003,suite,2026-07-17,4,False,monsoon,False,,0.0,,0.6518,0.6333
H003,standard,2026-07-18,5,True,monsoon,False,,0.0,,0.6081,0.7322
H003,deluxe,2026-07-18,5,True,monsoon,False,,0.0,,0.6081,0.7209
H003,premium,2026-07-18,5,True,monsoon,False,,0.0,,0.6081,0.7021
H003,suite,2026-07-18,5,True,monsoon,False,,0.0,,0.6081,0.6683
H003,standard,2026-07-19,6,True,monsoon,False,,0.0,,0.673,0.4577
H003,deluxe,2026-07-19,6,True,monsoon,False,,0.0,,0.673,0.4507
H003,premium,2026-07-19,6,True,monsoon,False,,0.0,,0.673,0.4389
H003,suite,2026-07-19,6,True,monsoon,False,,0.0,,0.673,0.4178
H003,standard,2026-07-20,0,False,monsoon,False,,0.0,,0.6499,1.0
H003,deluxe,2026-07-20,0,False,monsoon,False,,0.0,,0.6499,1.0
H003,premium,2026-07-20,0,False,monsoon,False,,0.0,,0.6499,1.0
H003,suite,2026-07-20,0,False,monsoon,False,,0.0,,0.6499,1.0
H003,standard,2026-07-21,1,False,monsoon,False,,0.0,,0.6736,0.4837
H003,deluxe,2026-07-21,1,False,monsoon,False,,0.0,,0.6736,0.4762
H003,premium,2026-07-21,1,False,monsoon,False,,0.0,,0.6736,0.4638
H003,suite,2026-07-21,1,False,monsoon,False,,0.0,,0.6736,0.4414
H003,standard,2026-07-22,2,False,monsoon,False,,0.0,,0.7376,1.0
H003,deluxe,2026-07-22,2,False,monsoon,False,,0.0,,0.7376,1.0
H003,premium,2026-07-22,2,False,monsoon,False,,0.0,,0.7376,0.9944
H003,suite,2026-07-22,2,False,monsoon,False,,0.0,,0.7376,0.9465
H003,standard,2026-07-23,3,False,monsoon,False,,0.0,,0.6476,1.0
H003,deluxe,2026-07-23,3,False,monsoon,False,,0.0,,0.6476,1.0
H003,premium,2026-07-23,3,False,monsoon,False,,0.0,,0.6476,1.0
H003,suite,2026-07-23,3,False,monsoon,False,,0.0,,0.6476,1.0
H003,standard,2026-07-24,4,False,monsoon,False,,0.0,,0.6527,0.8549
H003,deluxe,2026-07-24,4,False,monsoon,False,,0.0,,0.6527,0.8417
H003,premium,2026-07-24,4,False,monsoon,False,,0.0,,0.6527,0.8197
H003,suite,2026-07-24,4,False,monsoon,False,,0.0,,0.6527,0.7802
H003,standard,2026-07-25,5,True,monsoon,False,,0.0,,0.6795,0.5164
H003,deluxe,2026-07-25,5,True,monsoon,False,,0.0,,0.6795,0.5084
H003,premium,2026-07-25,5,True,monsoon,False,,0.0,,0.6795,0.4952
H003,suite,2026-07-25,5,True,monsoon,False,,0.0,,0.6795,0.4713
H003,standard,2026-07-26,6,True,monsoon,False,,0.0,,0.67,0.9819
H003,deluxe,2026-07-26,6,True,monsoon,False,,0.0,,0.67,0.9668
H003,premium,2026-07-26,6,True,monsoon,False,,0.0,,0.67,0.9416
H003,suite,2026-07-26,6,True,monsoon,False,,0.0,,0.67,0.8962
H003,standard,2026-07-27,0,False,monsoon,False,,0.0,,0.8024,0.8728
H003,deluxe,2026-07-27,0,False,monsoon,False,,0.0,,0.8024,0.8594
H003,premium,2026-07-27,0,False,monsoon,False,,0.0,,0.8024,0.837
H003,suite,2026-07-27,0,False,monsoon,False,,0.0,,0.8024,0.7966
H003,standard,2026-07-28,1,False,monsoon,False,,0.0,,0.7104,1.0
H003,deluxe,2026-07-28,1,False,monsoon,False,,0.0,,0.7104,1.0
H003,premium,2026-07-28,1,False,monsoon,False,,0.0,,0.7104,0.9985
H003,suite,2026-07-28,1,False,monsoon,False,,0.0,,0.7104,0.9503
H003,standard,2026-07-29,2,False,monsoon,False,,0.0,,0.62,1.0
H003,deluxe,2026-07-29,2,False,monsoon,False,,0.0,,0.62,1.0
H003,premium,2026-07-29,2,False,monsoon,False,,0.0,,0.62,1.0
H003,suite,2026-07-29,2,False,monsoon,False,,0.0,,0.62,1.0
H003,standard,2026-07-30,3,False,monsoon,False,,0.0,,0.7788,0.8908
H003,deluxe,2026-07-30,3,False,monsoon,False,,0.0,,0.7788,0.8771
H003,premium,2026-07-30,3,False,monsoon,False,,0.0,,0.7788,0.8542
H003,suite,2026-07-30,3,False,monsoon,False,,0.0,,0.7788,0.813
H003,standard,2026-07-31,4,False,monsoon,False,,0.0,,0.6873,0.6944
H003,deluxe,2026-07-31,4,False,monsoon,False,,0.0,,0.6873,0.6837
H003,premium,2026-07-31,4,False,monsoon,False,,0.0,,0.6873,0.6658
H003,suite,2026-07-31,4,False,monsoon,False,,0.0,,0.6873,0.6337
H003,standard,2026-08-01,5,True,monsoon,False,,0.0,,0.8045,0.385
H003,deluxe,2026-08-01,5,True,monsoon,False,,0.0,,0.8045,0.379
H003,premium,2026-08-01,5,True,monsoon,False,,0.0,,0.8045,0.3692
H003,suite,2026-08-01,5,True,monsoon,False,,0.0,,0.8045,0.3514
H003,standard,2026-08-02,6,True,monsoon,False,,0.0,,0.7397,0.5149
H003,deluxe,2026-08-02,6,True,monsoon,False,,0.0,,0.7397,0.5069
H003,premium,2026-08-02,6,True,monsoon,False,,0.0,,0.7397,0.4937
H003,suite,2026-08-02,6,True,monsoon,False,,0.0,,0.7397,0.4699
H003,standard,2026-08-03,0,False,monsoon,False,,0.0,,0.7487,1.0
H003,deluxe,2026-08-03,0,False,monsoon,False,,0.0,,0.7487,1.0
H003,premium,2026-08-03,0,False,monsoon,False,,0.0,,0.7487,1.0
H003,suite,2026-08-03,0,False,monsoon,False,,0.0,,0.7487,1.0
H003,standard,2026-08-04,1,False,monsoon,False,,0.0,,0.6878,0.7924
H003,deluxe,2026-08-04,1,False,monsoon,False,,0.0,,0.6878,0.7802
H003,premium,2026-08-04,1,False,monsoon,False,,0.0,,0.6878,0.7598
H003,suite,2026-08-04,1,False,monsoon,False,,0.0,,0.6878,0.7232
H003,standard,2026-08-05,2,False,monsoon,False,,0.0,,0.7477,0.9063
H003,deluxe,2026-08-05,2,False,monsoon,False,,0.0,,0.7477,0.8923
H003,premium,2026-08-05,2,False,monsoon,False,,0.0,,0.7477,0.869
H003,suite,2026-08-05,2,False,monsoon,False,,0.0,,0.7477,0.8271
H003,standard,2026-08-06,3,False,monsoon,False,,0.0,,0.7971,0.7678
H003,deluxe,2026-08-06,3,False,monsoon,False,,0.0,,0.7971,0.756
H003,premium,2026-08-06,3,False,monsoon,False,,0.0,,0.7971,0.7363
H003,suite,2026-08-06,3,False,monsoon,False,,0.0,,0.7971,0.7008
H003,standard,2026-08-07,4,False,monsoon,False,,0.0,,0.7267,0.5053
H003,deluxe,2026-08-07,4,False,monsoon,False,,0.0,,0.7267,0.4975
H003,premium,2026-08-07,4,False,monsoon,False,,0.0,,0.7267,0.4845
H003,suite,2026-08-07,4,False,monsoon,False,,0.0,,0.7267,0.4612
H003,standard,2026-08-08,5,True,monsoon,False,,0.0,,0.649,0.7642
H003,deluxe,2026-08-08,5,True,monsoon,False,,0.0,,0.649,0.7524
H003,premium,2026-08-08,5,True,monsoon,False,,0.0,,0.649,0.7328
H003,suite,2026-08-08,5,True,monsoon,False,,0.0,,0.649,0.6975
H003,standard,2026-08-09,6,True,monsoon,False,,0.0,,0.6975,0.5167
H003,deluxe,2026-08-09,6,True,monsoon,False,,0.0,,0.6975,0.5088
H003,premium,2026-08-09,6,True,monsoon,False,,0.0,,0.6975,0.4955
H003,suite,2026-08-09,6,True,monsoon,False,,0.0,,0.6975,0.4716
H003,standard,2026-08-10,0,False,monsoon,False,,0.0,,0.7408,1.0
H003,deluxe,2026-08-10,0,False,monsoon,False,,0.0,,0.7408,1.0
H003,premium,2026-08-10,0,False,monsoon,False,,0.0,,0.7408,1.0
H003,suite,2026-08-10,0,False,monsoon,False,,0.0,,0.7408,1.0
H003,standard,2026-08-11,1,False,monsoon,False,,0.0,,0.6212,1.0
H003,deluxe,2026-08-11,1,False,monsoon,False,,0.0,,0.6212,1.0
H003,premium,2026-08-11,1,False,monsoon,False,,0.0,,0.6212,1.0
H003,suite,2026-08-11,1,False,monsoon,False,,0.0,,0.6212,1.0
H003,standard,2026-08-12,2,False,monsoon,False,,0.0,,0.6913,0.3575
H003,deluxe,2026-08-12,2,False,monsoon,False,,0.0,,0.6913,0.352
H003,premium,2026-08-12,2,False,monsoon,False,,0.0,,0.6913,0.3428
H003,suite,2026-08-12,2,False,monsoon,False,,0.0,,0.6913,0.3263
H003,standard,2026-08-13,3,False,monsoon,False,,0.0,,0.713,1.0
H003,deluxe,2026-08-13,3,False,monsoon,False,,0.0,,0.713,1.0
H003,premium,2026-08-13,3,False,monsoon,False,,0.0,,0.713,1.0
H003,suite,2026-08-13,3,False,monsoon,False,,0.0,,0.713,1.0
H003,standard,2026-08-14,4,False,monsoon,False,,0.0,,0.6547,0.6749
H003,deluxe,2026-08-14,4,False,monsoon,False,,0.0,,0.6547,0.6645
H003,premium,2026-08-14,4,False,monsoon,False,,0.0,,0.6547,0.6471
H003,suite,2026-08-14,4,False,monsoon,False,,0.0,,0.6547,0.6159
H003,standard,2026-08-15,5,True,monsoon,True,Independence Day,0.0,,0.6736,0.4642
H003,deluxe,2026-08-15,5,True,monsoon,True,Independence Day,0.0,,0.6736,0.457
H003,premium,2026-08-15,5,True,monsoon,True,Independence Day,0.0,,0.6736,0.4451
H003,suite,2026-08-15,5,True,monsoon,True,Independence Day,0.0,,0.6736,0.4236
H003,standard,2026-08-16,6,True,monsoon,False,,0.0,,0.567,0.4832
H003,deluxe,2026-08-16,6,True,monsoon,False,,0.0,,0.567,0.4758
H003,premium,2026-08-16,6,True,monsoon,False,,0.0,,0.567,0.4633
H003,suite,2026-08-16,6,True,monsoon,False,,0.0,,0.567,0.441
H003,standard,2026-08-17,0,False,monsoon,False,,0.0,,0.676,1.0
H003,deluxe,2026-08-17,0,False,monsoon,False,,0.0,,0.676,1.0
H003,premium,2026-08-17,0,False,monsoon,False,,0.0,,0.676,1.0
H003,suite,2026-08-17,0,False,monsoon,False,,0.0,,0.676,0.9579
H003,standard,2026-08-18,1,False,monsoon,False,,0.0,,0.6567,0.9812
H003,deluxe,2026-08-18,1,False,monsoon,False,,0.0,,0.6567,0.9661
H003,premium,2026-08-18,1,False,monsoon,False,,0.0,,0.6567,0.9409
H003,suite,2026-08-18,1,False,monsoon,False,,0.0,,0.6567,0.8955
H003,standard,2026-08-19,2,False,monsoon,False,,0.0,,0.7911,0.5762
H003,deluxe,2026-08-19,2,False,monsoon,False,,0.0,,0.7911,0.5673
H003,premium,2026-08-19,2,False,monsoon,False,,0.0,,0.7911,0.5525
H003,suite,2026-08-19,2,False,monsoon,False,,0.0,,0.7911,0.5259
H003,standard,2026-08-20,3,False,monsoon,False,,0.0,,0.7928,0.7033
H003,deluxe,2026-08-20,3,False,monsoon,False,,0.0,,0.7928,0.6924
H003,premium,2026-08-20,3,False,monsoon,False,,0.0,,0.7928,0.6744
H003,suite,2026-08-20,3,False,monsoon,False,,0.0,,0.7928,0.6418
H003,standard,2026-08-21,4,False,monsoon,False,,0.0,,0.643,0.8655
H003,deluxe,2026-08-21,4,False,monsoon,False,,0.0,,0.643,0.8521
H003,premium,2026-08-21,4,False,monsoon,False,,0.0,,0.643,0.8299
H003,suite,2026-08-21,4,False,monsoon,False,,0.0,,0.643,0.7899
H003,standard,2026-08-22,5,True,monsoon,False,,0.0,,0.7707,0.3986
H003,deluxe,2026-08-22,5,True,monsoon,False,,0.0,,0.7707,0.3925
H003,premium,2026-08-22,5,True,monsoon,False,,0.0,,0.7707,0.3823
H003,suite,2026-08-22,5,True,monsoon,False,,0.0,,0.7707,0.3638
H003,standard,2026-08-23,6,True,monsoon,False,,0.0,,0.6278,0.6972
H003,deluxe,2026-08-23,6,True,monsoon,False,,0.0,,0.6278,0.6864
H003,premium,2026-08-23,6,True,monsoon,False,,0.0,,0.6278,0.6685
H003,suite,2026-08-23,6,True,monsoon,False,,0.0,,0.6278,0.6363
H003,standard,2026-08-24,0,False,monsoon,False,,0.0,,0.6614,0.9472
H003,deluxe,2026-08-24,0,False,monsoon,False,,0.0,,0.6614,0.9326
H003,premium,2026-08-24,0,False,monsoon,False,,0.0,,0.6614,0.9083
H003,suite,2026-08-24,0,False,monsoon,False,,0.0,,0.6614,0.8645
H004,standard,2025-08-25,0,False,monsoon,False,,0.0,,0.1841,0.4943
H004,deluxe,2025-08-25,0,False,monsoon,False,,0.0,,0.1841,0.4867
H004,premium,2025-08-25,0,False,monsoon,False,,0.0,,0.1841,0.474
H004,suite,2025-08-25,0,False,monsoon,False,,0.0,,0.1841,0.4511
H004,standard,2025-08-26,1,False,monsoon,False,,0.0,,0.3093,0.4623
H004,deluxe,2025-08-26,1,False,monsoon,False,,0.0,,0.3093,0.4552
H004,premium,2025-08-26,1,False,monsoon,False,,0.0,,0.3093,0.4433
H004,suite,2025-08-26,1,False,monsoon,False,,0.0,,0.3093,0.4219
H004,standard,2025-08-27,2,False,monsoon,True,Ganesh Chaturthi,0.0,,0.3157,0.3378
H004,deluxe,2025-08-27,2,False,monsoon,True,Ganesh Chaturthi,0.0,,0.3157,0.3326
H004,premium,2025-08-27,2,False,monsoon,True,Ganesh Chaturthi,0.0,,0.3157,0.3239
H004,suite,2025-08-27,2,False,monsoon,True,Ganesh Chaturthi,0.0,,0.3157,0.3083
H004,standard,2025-08-28,3,False,monsoon,False,,0.0,,0.3706,0.473
H004,deluxe,2025-08-28,3,False,monsoon,False,,0.0,,0.3706,0.4657
H004,premium,2025-08-28,3,False,monsoon,False,,0.0,,0.3706,0.4536
H004,suite,2025-08-28,3,False,monsoon,False,,0.0,,0.3706,0.4317
H004,standard,2025-08-29,4,False,monsoon,False,,0.0,,0.2565,0.7888
H004,deluxe,2025-08-29,4,False,monsoon,False,,0.0,,0.2565,0.7766
H004,premium,2025-08-29,4,False,monsoon,False,,0.0,,0.2565,0.7563
H004,suite,2025-08-29,4,False,monsoon,False,,0.0,,0.2565,0.7199
H004,standard,2025-08-30,5,True,monsoon,False,,0.0,,0.1865,0.5548
H004,deluxe,2025-08-30,5,True,monsoon,False,,0.0,,0.1865,0.5462
H004,premium,2025-08-30,5,True,monsoon,False,,0.0,,0.1865,0.532
H004,suite,2025-08-30,5,True,monsoon,False,,0.0,,0.1865,0.5063
H004,standard,2025-08-31,6,True,monsoon,False,,0.0,,0.3943,0.7518
H004,deluxe,2025-08-31,6,True,monsoon,False,,0.0,,0.3943,0.7403
H004,premium,2025-08-31,6,True,monsoon,False,,0.0,,0.3943,0.7209
H004,suite,2025-08-31,6,True,monsoon,False,,0.0,,0.3943,0.6862
H004,standard,2025-09-01,0,False,monsoon,False,,0.0,,0.2395,0.3013
H004,deluxe,2025-09-01,0,False,monsoon,False,,0.0,,0.2395,0.2967
H004,premium,2025-09-01,0,False,monsoon,False,,0.0,,0.2395,0.289
H004,suite,2025-09-01,0,False,monsoon,False,,0.0,,0.2395,0.275
H004,standard,2025-09-02,1,False,monsoon,False,,0.0,,0.4171,0.7778
H004,deluxe,2025-09-02,1,False,monsoon,False,,0.0,,0.4171,0.7658
H004,premium,2025-09-02,1,False,monsoon,False,,0.0,,0.4171,0.7458
H004,suite,2025-09-02,1,False,monsoon,False,,0.0,,0.4171,0.7098
H004,standard,2025-09-03,2,False,monsoon,False,,0.0,,0.2525,0.2558
H004,deluxe,2025-09-03,2,False,monsoon,False,,0.0,,0.2525,0.2518
H004,premium,2025-09-03,2,False,monsoon,False,,0.0,,0.2525,0.2453
H004,suite,2025-09-03,2,False,monsoon,False,,0.0,,0.2525,0.2335
H004,standard,2025-09-04,3,False,monsoon,False,,0.0,,0.2825,0.4489
H004,deluxe,2025-09-04,3,False,monsoon,False,,0.0,,0.2825,0.4419
H004,premium,2025-09-04,3,False,monsoon,False,,0.0,,0.2825,0.4304
H004,suite,2025-09-04,3,False,monsoon,False,,0.0,,0.2825,0.4097
H004,standard,2025-09-05,4,False,monsoon,False,,0.0,,0.2431,0.5979
H004,deluxe,2025-09-05,4,False,monsoon,False,,0.0,,0.2431,0.5887
H004,premium,2025-09-05,4,False,monsoon,False,,0.0,,0.2431,0.5733
H004,suite,2025-09-05,4,False,monsoon,False,,0.0,,0.2431,0.5457
H004,standard,2025-09-06,5,True,monsoon,False,,0.0,,0.2872,1.0
H004,deluxe,2025-09-06,5,True,monsoon,False,,0.0,,0.2872,1.0
H004,premium,2025-09-06,5,True,monsoon,False,,0.0,,0.2872,1.0
H004,suite,2025-09-06,5,True,monsoon,False,,0.0,,0.2872,0.958
H004,standard,2025-09-07,6,True,monsoon,False,,0.0,,0.3096,0.6112
H004,deluxe,2025-09-07,6,True,monsoon,False,,0.0,,0.3096,0.6018
H004,premium,2025-09-07,6,True,monsoon,False,,0.0,,0.3096,0.5861
H004,suite,2025-09-07,6,True,monsoon,False,,0.0,,0.3096,0.5578
H004,standard,2025-09-08,0,False,monsoon,False,,0.0,,0.1559,0.5305
H004,deluxe,2025-09-08,0,False,monsoon,False,,0.0,,0.1559,0.5223
H004,premium,2025-09-08,0,False,monsoon,False,,0.0,,0.1559,0.5087
H004,suite,2025-09-08,0,False,monsoon,False,,0.0,,0.1559,0.4842
H004,standard,2025-09-09,1,False,monsoon,False,,0.0,,0.3294,0.5745
H004,deluxe,2025-09-09,1,False,monsoon,False,,0.0,,0.3294,0.5657
H004,premium,2025-09-09,1,False,monsoon,False,,0.0,,0.3294,0.5509
H004,suite,2025-09-09,1,False,monsoon,False,,0.0,,0.3294,0.5244
H004,standard,2025-09-10,2,False,monsoon,False,,0.0,,0.2799,0.4142
H004,deluxe,2025-09-10,2,False,monsoon,False,,0.0,,0.2799,0.4078
H004,premium,2025-09-10,2,False,monsoon,False,,0.0,,0.2799,0.3972
H004,suite,2025-09-10,2,False,monsoon,False,,0.0,,0.2799,0.378
H004,standard,2025-09-11,3,False,monsoon,False,,0.0,,0.2664,0.338
H004,deluxe,2025-09-11,3,False,monsoon,False,,0.0,,0.2664,0.3328
H004,premium,2025-09-11,3,False,monsoon,False,,0.0,,0.2664,0.3241
H004,suite,2025-09-11,3,False,monsoon,False,,0.0,,0.2664,0.3085
H004,standard,2025-09-12,4,False,monsoon,False,,0.0,,0.2495,0.7026
H004,deluxe,2025-09-12,4,False,monsoon,False,,0.0,,0.2495,0.6917
H004,premium,2025-09-12,4,False,monsoon,False,,0.0,,0.2495,0.6737
H004,suite,2025-09-12,4,False,monsoon,False,,0.0,,0.2495,0.6412
H004,standard,2025-09-13,5,True,monsoon,False,,0.0,,0.3047,1.0
H004,deluxe,2025-09-13,5,True,monsoon,False,,0.0,,0.3047,1.0
H004,premium,2025-09-13,5,True,monsoon,False,,0.0,,0.3047,1.0
H004,suite,2025-09-13,5,True,monsoon,False,,0.0,,0.3047,1.0
H004,standard,2025-09-14,6,True,monsoon,False,,0.0,,0.3846,0.3169
H004,deluxe,2025-09-14,6,True,monsoon,False,,0.0,,0.3846,0.312
H004,premium,2025-09-14,6,True,monsoon,False,,0.0,,0.3846,0.3039
H004,suite,2025-09-14,6,True,monsoon,False,,0.0,,0.3846,0.2892
H004,standard,2025-09-15,0,False,monsoon,False,,0.0,,0.2674,0.6527
H004,deluxe,2025-09-15,0,False,monsoon,False,,0.0,,0.2674,0.6426
H004,premium,2025-09-15,0,False,monsoon,False,,0.0,,0.2674,0.6259
H004,suite,2025-09-15,0,False,monsoon,False,,0.0,,0.2674,0.5957
H004,standard,2025-09-16,1,False,monsoon,False,,0.0,,0.2655,0.6524
H004,deluxe,2025-09-16,1,False,monsoon,False,,0.0,,0.2655,0.6424
H004,premium,2025-09-16,1,False,monsoon,False,,0.0,,0.2655,0.6256
H004,suite,2025-09-16,1,False,monsoon,False,,0.0,,0.2655,0.5955
H004,standard,2025-09-17,2,False,monsoon,False,,0.0,,0.3108,0.4559
H004,deluxe,2025-09-17,2,False,monsoon,False,,0.0,,0.3108,0.4488
H004,premium,2025-09-17,2,False,monsoon,False,,0.0,,0.3108,0.4371
H004,suite,2025-09-17,2,False,monsoon,False,,0.0,,0.3108,0.4161
H004,standard,2025-09-18,3,False,monsoon,False,,0.0,,0.2936,0.4525
H004,deluxe,2025-09-18,3,False,monsoon,False,,0.0,,0.2936,0.4455
H004,premium,2025-09-18,3,False,monsoon,False,,0.0,,0.2936,0.4339
H004,suite,2025-09-18,3,False,monsoon,False,,0.0,,0.2936,0.413
H004,standard,2025-09-19,4,False,monsoon,False,,0.0,,0.2587,0.569
H004,deluxe,2025-09-19,4,False,monsoon,False,,0.0,,0.2587,0.5603
H004,premium,2025-09-19,4,False,monsoon,False,,0.0,,0.2587,0.5457
H004,suite,2025-09-19,4,False,monsoon,False,,0.0,,0.2587,0.5194
H004,standard,2025-09-20,5,True,monsoon,False,,0.0,,0.2063,0.8341
H004,deluxe,2025-09-20,5,True,monsoon,False,,0.0,,0.2063,0.8212
H004,premium,2025-09-20,5,True,monsoon,False,,0.0,,0.2063,0.7998
H004,suite,2025-09-20,5,True,monsoon,False,,0.0,,0.2063,0.7612
H004,standard,2025-09-21,6,True,monsoon,False,,0.0,,0.1409,0.5681
H004,deluxe,2025-09-21,6,True,monsoon,False,,0.0,,0.1409,0.5594
H004,premium,2025-09-21,6,True,monsoon,False,,0.0,,0.1409,0.5448
H004,suite,2025-09-21,6,True,monsoon,False,,0.0,,0.1409,0.5185
H004,standard,2025-09-22,0,False,monsoon,False,,0.0,,0.2215,0.2843
H004,deluxe,2025-09-22,0,False,monsoon,False,,0.0,,0.2215,0.2799
H004,premium,2025-09-22,0,False,monsoon,False,,0.0,,0.2215,0.2726
H004,suite,2025-09-22,0,False,monsoon,False,,0.0,,0.2215,0.2595
H004,standard,2025-09-23,1,False,monsoon,False,,0.0,,0.299,0.5166
H004,deluxe,2025-09-23,1,False,monsoon,False,,0.0,,0.299,0.5086
H004,premium,2025-09-23,1,False,monsoon,False,,0.0,,0.299,0.4954
H004,suite,2025-09-23,1,False,monsoon,False,,0.0,,0.299,0.4715
H004,standard,2025-09-24,2,False,monsoon,False,,0.0,,0.1525,0.5178
H004,deluxe,2025-09-24,2,False,monsoon,False,,0.0,,0.1525,0.5098
H004,premium,2025-09-24,2,False,monsoon,False,,0.0,,0.1525,0.4965
H004,suite,2025-09-24,2,False,monsoon,False,,0.0,,0.1525,0.4726
H004,standard,2025-09-25,3,False,monsoon,False,,0.0,,0.2311,0.5965
H004,deluxe,2025-09-25,3,False,monsoon,False,,0.0,,0.2311,0.5873
H004,premium,2025-09-25,3,False,monsoon,False,,0.0,,0.2311,0.572
H004,suite,2025-09-25,3,False,monsoon,False,,0.0,,0.2311,0.5444
H004,standard,2025-09-26,4,False,monsoon,False,,0.0,,0.2453,0.8547
H004,deluxe,2025-09-26,4,False,monsoon,False,,0.0,,0.2453,0.8416
H004,premium,2025-09-26,4,False,monsoon,False,,0.0,,0.2453,0.8196
H004,suite,2025-09-26,4,False,monsoon,False,,0.0,,0.2453,0.7801
H004,standard,2025-09-27,5,True,monsoon,False,,0.0,,0.2453,0.565
H004,deluxe,2025-09-27,5,True,monsoon,False,,0.0,,0.2453,0.5563
H004,premium,2025-09-27,5,True,monsoon,False,,0.0,,0.2453,0.5417
H004,suite,2025-09-27,5,True,monsoon,False,,0.0,,0.2453,0.5156
H004,standard,2025-09-28,6,True,monsoon,False,,0.0,,0.3742,0.3659
H004,deluxe,2025-09-28,6,True,monsoon,False,,0.0,,0.3742,0.3603
H004,premium,2025-09-28,6,True,monsoon,False,,0.0,,0.3742,0.3509
H004,suite,2025-09-28,6,True,monsoon,False,,0.0,,0.3742,0.334
H004,standard,2025-09-29,0,False,monsoon,False,,0.0,,0.2127,0.4702
H004,deluxe,2025-09-29,0,False,monsoon,False,,0.0,,0.2127,0.463
H004,premium,2025-09-29,0,False,monsoon,False,,0.0,,0.2127,0.4509
H004,suite,2025-09-29,0,False,monsoon,False,,0.0,,0.2127,0.4292
H004,standard,2025-09-30,1,False,monsoon,False,,0.0,,0.2758,0.4853
H004,deluxe,2025-09-30,1,False,monsoon,False,,0.0,,0.2758,0.4778
H004,premium,2025-09-30,1,False,monsoon,False,,0.0,,0.2758,0.4654
H004,suite,2025-09-30,1,False,monsoon,False,,0.0,,0.2758,0.4429
H004,standard,2025-10-01,2,False,autumn,False,,0.0,,0.8135,0.6703
H004,deluxe,2025-10-01,2,False,autumn,False,,0.0,,0.8135,0.66
H004,premium,2025-10-01,2,False,autumn,False,,0.0,,0.8135,0.6428
H004,suite,2025-10-01,2,False,autumn,False,,0.0,,0.8135,0.6118
H004,standard,2025-10-02,3,False,autumn,True,Dussehra,0.0,,0.6421,0.5608
H004,deluxe,2025-10-02,3,False,autumn,True,Dussehra,0.0,,0.6421,0.5521
H004,premium,2025-10-02,3,False,autumn,True,Dussehra,0.0,,0.6421,0.5377
H004,suite,2025-10-02,3,False,autumn,True,Dussehra,0.0,,0.6421,0.5118
H004,standard,2025-10-03,4,False,autumn,False,,0.0,,0.9214,0.4284
H004,deluxe,2025-10-03,4,False,autumn,False,,0.0,,0.9214,0.4218
H004,premium,2025-10-03,4,False,autumn,False,,0.0,,0.9214,0.4108
H004,suite,2025-10-03,4,False,autumn,False,,0.0,,0.9214,0.391
H004,standard,2025-10-04,5,True,autumn,False,,0.0,,0.8279,1.0
H004,deluxe,2025-10-04,5,True,autumn,False,,0.0,,0.8279,1.0
H004,premium,2025-10-04,5,True,autumn,False,,0.0,,0.8279,1.0
H004,suite,2025-10-04,5,True,autumn,False,,0.0,,0.8279,1.0
H004,standard,2025-10-05,6,True,autumn,False,,0.0,,0.7,0.7022
H004,deluxe,2025-10-05,6,True,autumn,False,,0.0,,0.7,0.6914
H004,premium,2025-10-05,6,True,autumn,False,,0.0,,0.7,0.6733
H004,suite,2025-10-05,6,True,autumn,False,,0.0,,0.7,0.6409
H004,standard,2025-10-06,0,False,autumn,False,,0.0,,0.939,0.751
H004,deluxe,2025-10-06,0,False,autumn,False,,0.0,,0.939,0.7394
H004,premium,2025-10-06,0,False,autumn,False,,0.0,,0.939,0.7202
H004,suite,2025-10-06,0,False,autumn,False,,0.0,,0.939,0.6854
H004,standard,2025-10-07,1,False,autumn,False,,0.0,,0.8152,0.425
H004,deluxe,2025-10-07,1,False,autumn,False,,0.0,,0.8152,0.4185
H004,premium,2025-10-07,1,False,autumn,False,,0.0,,0.8152,0.4076
H004,suite,2025-10-07,1,False,autumn,False,,0.0,,0.8152,0.3879
H004,standard,2025-10-08,2,False,autumn,False,,0.0,,0.8668,0.4708
H004,deluxe,2025-10-08,2,False,autumn,False,,0.0,,0.8668,0.4636
H004,premium,2025-10-08,2,False,autumn,False,,0.0,,0.8668,0.4515
H004,suite,2025-10-08,2,False,autumn,False,,0.0,,0.8668,0.4297
H004,standard,2025-10-09,3,False,autumn,False,,0.0,,0.7617,1.0
H004,deluxe,2025-10-09,3,False,autumn,False,,0.0,,0.7617,1.0
H004,premium,2025-10-09,3,False,autumn,False,,0.0,,0.7617,0.9753
H004,suite,2025-10-09,3,False,autumn,False,,0.0,,0.7617,0.9283
H004,standard,2025-10-10,4,False,autumn,False,,0.0,,0.8619,1.0
H004,deluxe,2025-10-10,4,False,autumn,False,,0.0,,0.8619,1.0
H004,premium,2025-10-10,4,False,autumn,False,,0.0,,0.8619,1.0
H004,suite,2025-10-10,4,False,autumn,False,,0.0,,0.8619,1.0
H004,standard,2025-10-11,5,True,autumn,False,,0.0,,0.8955,1.0
H004,deluxe,2025-10-11,5,True,autumn,False,,0.0,,0.8955,1.0
H004,premium,2025-10-11,5,True,autumn,False,,0.0,,0.8955,1.0
H004,suite,2025-10-11,5,True,autumn,False,,0.0,,0.8955,1.0
H004,standard,2025-10-12,6,True,autumn,False,,0.0,,0.8477,0.9105
H004,deluxe,2025-10-12,6,True,autumn,False,,0.0,,0.8477,0.8964
H004,premium,2025-10-12,6,True,autumn,False,,0.0,,0.8477,0.873
H004,suite,2025-10-12,6,True,autumn,False,,0.0,,0.8477,0.8309
H004,standard,2025-10-13,0,False,autumn,False,,0.0,,0.6336,0.5695
H004,deluxe,2025-10-13,0,False,autumn,False,,0.0,,0.6336,0.5607
H004,premium,2025-10-13,0,False,autumn,False,,0.0,,0.6336,0.5461
H004,suite,2025-10-13,0,False,autumn,False,,0.0,,0.6336,0.5198
H004,standard,2025-10-14,1,False,autumn,False,,0.0,,0.7449,0.7063
H004,deluxe,2025-10-14,1,False,autumn,False,,0.0,,0.7449,0.6954
H004,premium,2025-10-14,1,False,autumn,False,,0.0,,0.7449,0.6773
H004,suite,2025-10-14,1,False,autumn,False,,0.0,,0.7449,0.6446
H004,standard,2025-10-15,2,False,autumn,False,,0.0,,0.9628,0.9079
H004,deluxe,2025-10-15,2,False,autumn,False,,0.0,,0.9628,0.8939
H004,premium,2025-10-15,2,False,autumn,False,,0.0,,0.9628,0.8706
H004,suite,2025-10-15,2,False,autumn,False,,0.0,,0.9628,0.8286
H004,standard,2025-10-16,3,False,autumn,False,,0.0,,0.7331,0.6743
H004,deluxe,2025-10-16,3,False,autumn,False,,0.0,,0.7331,0.6639
H004,premium,2025-10-16,3,False,autumn,False,,0.0,,0.7331,0.6466
H004,suite,2025-10-16,3,False,autumn,False,,0.0,,0.7331,0.6154
H004,standard,2025-10-17,4,False,autumn,False,,0.0,,0.8767,0.7958
H004,deluxe,2025-10-17,4,False,autumn,False,,0.0,,0.8767,0.7835
H004,premium,2025-10-17,4,False,autumn,False,,0.0,,0.8767,0.7631
H004,suite,2025-10-17,4,False,autumn,False,,0.0,,0.8767,0.7263
H004,standard,2025-10-18,5,True,autumn,False,,0.0,,0.8363,0.5267
H004,deluxe,2025-10-18,5,True,autumn,False,,0.0,,0.8363,0.5185
H004,premium,2025-10-18,5,True,autumn,False,,0.0,,0.8363,0.505
H004,suite,2025-10-18,5,True,autumn,False,,0.0,,0.8363,0.4807
H004,standard,2025-10-19,6,True,autumn,False,,0.0,,0.8192,0.9908
H004,deluxe,2025-10-19,6,True,autumn,False,,0.0,,0.8192,0.9755
H004,premium,2025-10-19,6,True,autumn,False,,0.0,,0.8192,0.9501
H004,suite,2025-10-19,6,True,autumn,False,,0.0,,0.8192,0.9043
H004,standard,2025-10-20,0,False,autumn,True,Diwali,0.0,,0.8199,0.7402
H004,deluxe,2025-10-20,0,False,autumn,True,Diwali,0.0,,0.8199,0.7288
H004,premium,2025-10-20,0,False,autumn,True,Diwali,0.0,,0.8199,0.7097
H004,suite,2025-10-20,0,False,autumn,True,Diwali,0.0,,0.8199,0.6755
H004,standard,2025-10-21,1,False,autumn,False,,0.0,,0.6966,0.6604
H004,deluxe,2025-10-21,1,False,autumn,False,,0.0,,0.6966,0.6502
H004,premium,2025-10-21,1,False,autumn,False,,0.0,,0.6966,0.6332
H004,suite,2025-10-21,1,False,autumn,False,,0.0,,0.6966,0.6027
H004,standard,2025-10-22,2,False,autumn,False,,0.0,,0.7926,0.7165
H004,deluxe,2025-10-22,2,False,autumn,False,,0.0,,0.7926,0.7054
H004,premium,2025-10-22,2,False,autumn,False,,0.0,,0.7926,0.687
H004,suite,2025-10-22,2,False,autumn,False,,0.0,,0.7926,0.6539
H004,standard,2025-10-23,3,False,autumn,False,,0.0,,0.7991,1.0
H004,deluxe,2025-10-23,3,False,autumn,False,,0.0,,0.7991,1.0
H004,premium,2025-10-23,3,False,autumn,False,,0.0,,0.7991,1.0
H004,suite,2025-10-23,3,False,autumn,False,,0.0,,0.7991,0.9887
H004,standard,2025-10-24,4,False,autumn,False,,0.0,,0.9202,0.8779
H004,deluxe,2025-10-24,4,False,autumn,False,,0.0,,0.9202,0.8643
H004,premium,2025-10-24,4,False,autumn,False,,0.0,,0.9202,0.8418
H004,suite,2025-10-24,4,False,autumn,False,,0.0,,0.9202,0.8012
H004,standard,2025-10-25,5,True,autumn,False,,0.0,,0.8625,0.9117
H004,deluxe,2025-10-25,5,True,autumn,False,,0.0,,0.8625,0.8977
H004,premium,2025-10-25,5,True,autumn,False,,0.0,,0.8625,0.8743
H004,suite,2025-10-25,5,True,autumn,False,,0.0,,0.8625,0.8321
H004,standard,2025-10-26,6,True,autumn,False,,0.0,,0.8377,1.0
H004,deluxe,2025-10-26,6,True,autumn,False,,0.0,,0.8377,1.0
H004,premium,2025-10-26,6,True,autumn,False,,0.0,,0.8377,0.9893
H004,suite,2025-10-26,6,True,autumn,False,,0.0,,0.8377,0.9416
H004,standard,2025-10-27,0,False,autumn,False,,0.0,,0.9288,0.6603
H004,deluxe,2025-10-27,0,False,autumn,False,,0.0,,0.9288,0.6501
H004,premium,2025-10-27,0,False,autumn,False,,0.0,,0.9288,0.6331
H004,suite,2025-10-27,0,False,autumn,False,,0.0,,0.9288,0.6026
H004,standard,2025-10-28,1,False,autumn,False,,0.0,,0.7588,0.9244
H004,deluxe,2025-10-28,1,False,autumn,False,,0.0,,0.7588,0.9101
H004,premium,2025-10-28,1,False,autumn,False,,0.0,,0.7588,0.8864
H004,suite,2025-10-28,1,False,autumn,False,,0.0,,0.7588,0.8436
H004,standard,2025-10-29,2,False,autumn,False,,0.0,,0.8242,1.0
H004,deluxe,2025-10-29,2,False,autumn,False,,0.0,,0.8242,1.0
H004,premium,2025-10-29,2,False,autumn,False,,0.0,,0.8242,1.0
H004,suite,2025-10-29,2,False,autumn,False,,0.0,,0.8242,0.9785
H004,standard,2025-10-30,3,False,autumn,False,,0.0,,0.9535,0.9357
H004,deluxe,2025-10-30,3,False,autumn,False,,0.0,,0.9535,0.9213
H004,premium,2025-10-30,3,False,autumn,False,,0.0,,0.9535,0.8972
H004,suite,2025-10-30,3,False,autumn,False,,0.0,,0.9535,0.854
H004,standard,2025-10-31,4,False,autumn,False,,0.0,,0.839,1.0
H004,deluxe,2025-10-31,4,False,autumn,False,,0.0,,0.839,0.9846
H004,premium,2025-10-31,4,False,autumn,False,,0.0,,0.839,0.9589
H004,suite,2025-10-31,4,False,autumn,False,,0.0,,0.839,0.9127
H004,standard,2025-11-01,5,True,autumn,False,,0.0,,0.7487,1.0
H004,deluxe,2025-11-01,5,True,autumn,False,,0.0,,0.7487,1.0
H004,premium,2025-11-01,5,True,autumn,False,,0.0,,0.7487,1.0
H004,suite,2025-11-01,5,True,autumn,False,,0.0,,0.7487,1.0
H004,standard,2025-11-02,6,True,autumn,False,,0.0,,0.9182,1.0
H004,deluxe,2025-11-02,6,True,autumn,False,,0.0,,0.9182,1.0
H004,premium,2025-11-02,6,True,autumn,False,,0.0,,0.9182,1.0
H004,suite,2025-11-02,6,True,autumn,False,,0.0,,0.9182,1.0
H004,standard,2025-11-03,0,False,autumn,False,,0.0,,0.7528,0.5789
H004,deluxe,2025-11-03,0,False,autumn,False,,0.0,,0.7528,0.5699
H004,premium,2025-11-03,0,False,autumn,False,,0.0,,0.7528,0.5551
H004,suite,2025-11-03,0,False,autumn,False,,0.0,,0.7528,0.5283
H004,standard,2025-11-04,1,False,autumn,False,,0.0,,0.7901,0.8811
H004,deluxe,2025-11-04,1,False,autumn,False,,0.0,,0.7901,0.8676
H004,premium,2025-11-04,1,False,autumn,False,,0.0,,0.7901,0.8449
H004,suite,2025-11-04,1,False,autumn,False,,0.0,,0.7901,0.8042
H004,standard,2025-11-05,2,False,autumn,True,Guru Nanak Jayanti,0.0,,0.8309,1.0
H004,deluxe,2025-11-05,2,False,autumn,True,Guru Nanak Jayanti,0.0,,0.8309,1.0
H004,premium,2025-11-05,2,False,autumn,True,Guru Nanak Jayanti,0.0,,0.8309,1.0
H004,suite,2025-11-05,2,False,autumn,True,Guru Nanak Jayanti,0.0,,0.8309,1.0
H004,standard,2025-11-06,3,False,autumn,False,,0.0,,0.8241,1.0
H004,deluxe,2025-11-06,3,False,autumn,False,,0.0,,0.8241,1.0
H004,premium,2025-11-06,3,False,autumn,False,,0.0,,0.8241,1.0
H004,suite,2025-11-06,3,False,autumn,False,,0.0,,0.8241,1.0
H004,standard,2025-11-07,4,False,autumn,False,,0.0,,0.7252,0.6188
H004,deluxe,2025-11-07,4,False,autumn,False,,0.0,,0.7252,0.6093
H004,premium,2025-11-07,4,False,autumn,False,,0.0,,0.7252,0.5934
H004,suite,2025-11-07,4,False,autumn,False,,0.0,,0.7252,0.5648
H004,standard,2025-11-08,5,True,autumn,False,,0.0,,0.8928,0.7597
H004,deluxe,2025-11-08,5,True,autumn,False,,0.0,,0.8928,0.748
H004,premium,2025-11-08,5,True,autumn,False,,0.0,,0.8928,0.7284
H004,suite,2025-11-08,5,True,autumn,False,,0.0,,0.8928,0.6933
H004,standard,2025-11-09,6,True,autumn,False,,0.0,,0.7986,1.0
H004,deluxe,2025-11-09,6,True,autumn,False,,0.0,,0.7986,1.0
H004,premium,2025-11-09,6,True,autumn,False,,0.0,,0.7986,1.0
H004,suite,2025-11-09,6,True,autumn,False,,0.0,,0.7986,1.0
H004,standard,2025-11-10,0,False,autumn,False,,0.0,,0.8394,0.7051
H004,deluxe,2025-11-10,0,False,autumn,False,,0.0,,0.8394,0.6943
H004,premium,2025-11-10,0,False,autumn,False,,0.0,,0.8394,0.6761
H004,suite,2025-11-10,0,False,autumn,False,,0.0,,0.8394,0.6435
H004,standard,2025-11-11,1,False,autumn,False,,0.0,,0.7683,0.839
H004,deluxe,2025-11-11,1,False,autumn,False,,0.0,,0.7683,0.826
H004,premium,2025-11-11,1,False,autumn,False,,0.0,,0.7683,0.8045
H004,suite,2025-11-11,1,False,autumn,False,,0.0,,0.7683,0.7657
H004,standard,2025-11-12,2,False,autumn,False,,0.0,,0.7928,0.7594
H004,deluxe,2025-11-12,2,False,autumn,False,,0.0,,0.7928,0.7477
H004,premium,2025-11-12,2,False,autumn,False,,0.0,,0.7928,0.7282
H004,suite,2025-11-12,2,False,autumn,False,,0.0,,0.7928,0.6931
H004,standard,2025-11-13,3,False,autumn,False,,0.0,,0.8289,0.7327
H004,deluxe,2025-11-13,3,False,autumn,False,,0.0,,0.8289,0.7214
H004,premium,2025-11-13,3,False,autumn,False,,0.0,,0.8289,0.7026
H004,suite,2025-11-13,3,False,autumn,False,,0.0,,0.8289,0.6687
H004,standard,2025-11-14,4,False,autumn,False,,0.0,,0.8847,0.711
H004,deluxe,2025-11-14,4,False,autumn,False,,0.0,,0.8847,0.7
H004,premium,2025-11-14,4,False,autumn,False,,0.0,,0.8847,0.6817
H004,suite,2025-11-14,4,False,autumn,False,,0.0,,0.8847,0.6489
H004,standard,2025-11-15,5,True,autumn,False,,0.0,,0.8058,0.9502
H004,deluxe,2025-11-15,5,True,autumn,False,,0.0,,0.8058,0.9355
H004,premium,2025-11-15,5,True,autumn,False,,0.0,,0.8058,0.9111
H004,suite,2025-11-15,5,True,autumn,False,,0.0,,0.8058,0.8672
H004,standard,2025-11-16,6,True,autumn,False,,0.0,,0.9362,1.0
H004,deluxe,2025-11-16,6,True,autumn,False,,0.0,,0.9362,1.0
H004,premium,2025-11-16,6,True,autumn,False,,0.0,,0.9362,0.9752
H004,suite,2025-11-16,6,True,autumn,False,,0.0,,0.9362,0.9282
H004,standard,2025-11-17,0,False,autumn,False,,0.0,,0.841,0.3636
H004,deluxe,2025-11-17,0,False,autumn,False,,0.0,,0.841,0.358
H004,premium,2025-11-17,0,False,autumn,False,,0.0,,0.841,0.3487
H004,suite,2025-11-17,0,False,autumn,False,,0.0,,0.841,0.3318
H004,standard,2025-11-18,1,False,autumn,False,,0.0,,0.8729,0.9522
H004,deluxe,2025-11-18,1,False,autumn,False,,0.0,,0.8729,0.9375
H004,premium,2025-11-18,1,False,autumn,False,,0.0,,0.8729,0.913
H004,suite,2025-11-18,1,False,autumn,False,,0.0,,0.8729,0.869
H004,standard,2025-11-19,2,False,autumn,False,,0.0,,0.758,0.4744
H004,deluxe,2025-11-19,2,False,autumn,False,,0.0,,0.758,0.4671
H004,premium,2025-11-19,2,False,autumn,False,,0.0,,0.758,0.4549
H004,suite,2025-11-19,2,False,autumn,False,,0.0,,0.758,0.433
H004,standard,2025-11-20,3,False,autumn,False,,0.0,,0.672,0.4805
H004,deluxe,2025-11-20,3,False,autumn,False,,0.0,,0.672,0.4731
H004,premium,2025-11-20,3,False,autumn,False,,0.0,,0.672,0.4608
H004,suite,2025-11-20,3,False,autumn,False,,0.0,,0.672,0.4386
H004,standard,2025-11-21,4,False,autumn,False,,0.0,,0.8849,1.0
H004,deluxe,2025-11-21,4,False,autumn,False,,0.0,,0.8849,1.0
H004,premium,2025-11-21,4,False,autumn,False,,0.0,,0.8849,1.0
H004,suite,2025-11-21,4,False,autumn,False,,0.0,,0.8849,1.0
H004,standard,2025-11-22,5,True,autumn,False,,0.0,,0.7399,0.9179
H004,deluxe,2025-11-22,5,True,autumn,False,,0.0,,0.7399,0.9038
H004,premium,2025-11-22,5,True,autumn,False,,0.0,,0.7399,0.8802
H004,suite,2025-11-22,5,True,autumn,False,,0.0,,0.7399,0.8378
H004,standard,2025-11-23,6,True,autumn,False,,0.0,,0.7733,1.0
H004,deluxe,2025-11-23,6,True,autumn,False,,0.0,,0.7733,1.0
H004,premium,2025-11-23,6,True,autumn,False,,0.0,,0.7733,1.0
H004,suite,2025-11-23,6,True,autumn,False,,0.0,,0.7733,1.0
H004,standard,2025-11-24,0,False,autumn,False,,0.0,,0.9248,0.8648
H004,deluxe,2025-11-24,0,False,autumn,False,,0.0,,0.9248,0.8515
H004,premium,2025-11-24,0,False,autumn,False,,0.0,,0.9248,0.8292
H004,suite,2025-11-24,0,False,autumn,False,,0.0,,0.9248,0.7893
H004,standard,2025-11-25,1,False,autumn,False,,0.0,,0.8966,0.3976
H004,deluxe,2025-11-25,1,False,autumn,False,,0.0,,0.8966,0.3915
H004,premium,2025-11-25,1,False,autumn,False,,0.0,,0.8966,0.3812
H004,suite,2025-11-25,1,False,autumn,False,,0.0,,0.8966,0.3629
H004,standard,2025-11-26,2,False,autumn,False,,0.0,,0.8656,0.6683
H004,deluxe,2025-11-26,2,False,autumn,False,,0.0,,0.8656,0.658
H004,premium,2025-11-26,2,False,autumn,False,,0.0,,0.8656,0.6409
H004,suite,2025-11-26,2,False,autumn,False,,0.0,,0.8656,0.61
H004,standard,2025-11-27,3,False,autumn,False,,0.0,,0.7189,1.0
H004,deluxe,2025-11-27,3,False,autumn,False,,0.0,,0.7189,1.0
H004,premium,2025-11-27,3,False,autumn,False,,0.0,,0.7189,1.0
H004,suite,2025-11-27,3,False,autumn,False,,0.0,,0.7189,1.0
H004,standard,2025-11-28,4,False,autumn,False,,0.0,,0.8807,1.0
H004,deluxe,2025-11-28,4,False,autumn,False,,0.0,,0.8807,1.0
H004,premium,2025-11-28,4,False,autumn,False,,0.0,,0.8807,1.0
H004,suite,2025-11-28,4,False,autumn,False,,0.0,,0.8807,0.9903
H004,standard,2025-11-29,5,True,autumn,False,,0.0,,0.8782,1.0
H004,deluxe,2025-11-29,5,True,autumn,False,,0.0,,0.8782,1.0
H004,premium,2025-11-29,5,True,autumn,False,,0.0,,0.8782,1.0
H004,suite,2025-11-29,5,True,autumn,False,,0.0,,0.8782,1.0
H004,standard,2025-11-30,6,True,autumn,False,,0.0,,0.8147,1.0
H004,deluxe,2025-11-30,6,True,autumn,False,,0.0,,0.8147,0.9922
H004,premium,2025-11-30,6,True,autumn,False,,0.0,,0.8147,0.9663
H004,suite,2025-11-30,6,True,autumn,False,,0.0,,0.8147,0.9197
H004,standard,2025-12-01,0,False,winter,False,,0.0,,0.968,1.0
H004,deluxe,2025-12-01,0,False,winter,False,,0.0,,0.968,1.0
H004,premium,2025-12-01,0,False,winter,False,,0.0,,0.968,1.0
H004,suite,2025-12-01,0,False,winter,False,,0.0,,0.968,1.0
H004,standard,2025-12-02,1,False,winter,False,,0.0,,1.0,0.7888
H004,deluxe,2025-12-02,1,False,winter,False,,0.0,,1.0,0.7766
H004,premium,2025-12-02,1,False,winter,False,,0.0,,1.0,0.7563
H004,suite,2025-12-02,1,False,winter,False,,0.0,,1.0,0.7199
H004,standard,2025-12-03,2,False,winter,False,,0.0,,0.8706,0.8936
H004,deluxe,2025-12-03,2,False,winter,False,,0.0,,0.8706,0.8799
H004,premium,2025-12-03,2,False,winter,False,,0.0,,0.8706,0.8569
H004,suite,2025-12-03,2,False,winter,False,,0.0,,0.8706,0.8156
H004,standard,2025-12-04,3,False,winter,False,,0.0,,0.9918,1.0
H004,deluxe,2025-12-04,3,False,winter,False,,0.0,,0.9918,1.0
H004,premium,2025-12-04,3,False,winter,False,,0.0,,0.9918,1.0
H004,suite,2025-12-04,3,False,winter,False,,0.0,,0.9918,1.0
H004,standard,2025-12-05,4,False,winter,False,,0.0,,0.8692,1.0
H004,deluxe,2025-12-05,4,False,winter,False,,0.0,,0.8692,1.0
H004,premium,2025-12-05,4,False,winter,False,,0.0,,0.8692,1.0
H004,suite,2025-12-05,4,False,winter,False,,0.0,,0.8692,1.0
H004,standard,2025-12-06,5,True,winter,False,,0.0,,0.9805,1.0
H004,deluxe,2025-12-06,5,True,winter,False,,0.0,,0.9805,1.0
H004,premium,2025-12-06,5,True,winter,False,,0.0,,0.9805,1.0
H004,suite,2025-12-06,5,True,winter,False,,0.0,,0.9805,1.0
H004,standard,2025-12-07,6,True,winter,False,,0.0,,0.9565,1.0
H004,deluxe,2025-12-07,6,True,winter,False,,0.0,,0.9565,1.0
H004,premium,2025-12-07,6,True,winter,False,,0.0,,0.9565,1.0
H004,suite,2025-12-07,6,True,winter,False,,0.0,,0.9565,0.9524
H004,standard,2025-12-08,0,False,winter,False,,0.0,,1.0,1.0
H004,deluxe,2025-12-08,0,False,winter,False,,0.0,,1.0,1.0
H004,premium,2025-12-08,0,False,winter,False,,0.0,,1.0,1.0
H004,suite,2025-12-08,0,False,winter,False,,0.0,,1.0,1.0
H004,standard,2025-12-09,1,False,winter,False,,0.0,,0.9697,1.0
H004,deluxe,2025-12-09,1,False,winter,False,,0.0,,0.9697,1.0
H004,premium,2025-12-09,1,False,winter,False,,0.0,,0.9697,1.0
H004,suite,2025-12-09,1,False,winter,False,,0.0,,0.9697,1.0
H004,standard,2025-12-10,2,False,winter,False,,0.0,,0.9246,0.9875
H004,deluxe,2025-12-10,2,False,winter,False,,0.0,,0.9246,0.9723
H004,premium,2025-12-10,2,False,winter,False,,0.0,,0.9246,0.947
H004,suite,2025-12-10,2,False,winter,False,,0.0,,0.9246,0.9013
H004,standard,2025-12-11,3,False,winter,False,,0.0,,1.0,0.9348
H004,deluxe,2025-12-11,3,False,winter,False,,0.0,,1.0,0.9203
H004,premium,2025-12-11,3,False,winter,False,,0.0,,1.0,0.8963
H004,suite,2025-12-11,3,False,winter,False,,0.0,,1.0,0.8531
H004,standard,2025-12-12,4,False,winter,False,,0.0,,0.831,1.0
H004,deluxe,2025-12-12,4,False,winter,False,,0.0,,0.831,1.0
H004,premium,2025-12-12,4,False,winter,False,,0.0,,0.831,1.0
H004,suite,2025-12-12,4,False,winter,False,,0.0,,0.831,1.0
H004,standard,2025-12-13,5,True,winter,False,,0.0,,0.889,1.0
H004,deluxe,2025-12-13,5,True,winter,False,,0.0,,0.889,1.0
H004,premium,2025-12-13,5,True,winter,False,,0.0,,0.889,0.9937
H004,suite,2025-12-13,5,True,winter,False,,0.0,,0.889,0.9458
H004,standard,2025-12-14,6,True,winter,False,,0.0,,0.8308,1.0
H004,deluxe,2025-12-14,6,True,winter,False,,0.0,,0.8308,1.0
H004,premium,2025-12-14,6,True,winter,False,,0.0,,0.8308,1.0
H004,suite,2025-12-14,6,True,winter,False,,0.0,,0.8308,1.0
H004,standard,2025-12-15,0,False,winter,False,,0.0,,0.9411,1.0
H004,deluxe,2025-12-15,0,False,winter,False,,0.0,,0.9411,1.0
H004,premium,2025-12-15,0,False,winter,False,,0.0,,0.9411,1.0
H004,suite,2025-12-15,0,False,winter,False,,0.0,,0.9411,1.0
H004,standard,2025-12-16,1,False,winter,False,,0.0,,1.0,0.9305
H004,deluxe,2025-12-16,1,False,winter,False,,0.0,,1.0,0.9162
H004,premium,2025-12-16,1,False,winter,False,,0.0,,1.0,0.8923
H004,suite,2025-12-16,1,False,winter,False,,0.0,,1.0,0.8493
H004,standard,2025-12-17,2,False,winter,False,,0.0,,0.8906,0.777
H004,deluxe,2025-12-17,2,False,winter,False,,0.0,,0.8906,0.765
H004,premium,2025-12-17,2,False,winter,False,,0.0,,0.8906,0.745
H004,suite,2025-12-17,2,False,winter,False,,0.0,,0.8906,0.7091
H004,standard,2025-12-18,3,False,winter,False,,0.0,,0.9905,0.7138
H004,deluxe,2025-12-18,3,False,winter,False,,0.0,,0.9905,0.7028
H004,premium,2025-12-18,3,False,winter,False,,0.0,,0.9905,0.6844
H004,suite,2025-12-18,3,False,winter,False,,0.0,,0.9905,0.6514
H004,standard,2025-12-19,4,False,winter,False,,0.0,,0.9634,1.0
H004,deluxe,2025-12-19,4,False,winter,False,,0.0,,0.9634,1.0
H004,premium,2025-12-19,4,False,winter,False,,0.0,,0.9634,1.0
H004,suite,2025-12-19,4,False,winter,False,,0.0,,0.9634,1.0
H004,standard,2025-12-20,5,True,winter,False,,0.0,,0.8895,1.0
H004,deluxe,2025-12-20,5,True,winter,False,,0.0,,0.8895,1.0
H004,premium,2025-12-20,5,True,winter,False,,0.0,,0.8895,1.0
H004,suite,2025-12-20,5,True,winter,False,,0.0,,0.8895,1.0
H004,standard,2025-12-21,6,True,winter,False,,0.0,,0.9098,1.0
H004,deluxe,2025-12-21,6,True,winter,False,,0.0,,0.9098,1.0
H004,premium,2025-12-21,6,True,winter,False,,0.0,,0.9098,1.0
H004,suite,2025-12-21,6,True,winter,False,,0.0,,0.9098,0.9836
H004,standard,2025-12-22,0,False,winter,False,,0.0,,1.0,0.8732
H004,deluxe,2025-12-22,0,False,winter,False,,0.0,,1.0,0.8597
H004,premium,2025-12-22,0,False,winter,False,,0.0,,1.0,0.8373
H004,suite,2025-12-22,0,False,winter,False,,0.0,,1.0,0.7969
H004,standard,2025-12-23,1,False,winter,False,,0.0,,1.0,0.766
H004,deluxe,2025-12-23,1,False,winter,False,,0.0,,1.0,0.7542
H004,premium,2025-12-23,1,False,winter,False,,0.0,,1.0,0.7345
H004,suite,2025-12-23,1,False,winter,False,,0.0,,1.0,0.6991
H004,standard,2025-12-24,2,False,winter,False,,0.0,,1.0,0.9328
H004,deluxe,2025-12-24,2,False,winter,False,,0.0,,1.0,0.9184
H004,premium,2025-12-24,2,False,winter,False,,0.0,,1.0,0.8944
H004,suite,2025-12-24,2,False,winter,False,,0.0,,1.0,0.8513
H004,standard,2025-12-25,3,False,winter,True,Christmas,0.0,,1.0,1.0
H004,deluxe,2025-12-25,3,False,winter,True,Christmas,0.0,,1.0,1.0
H004,premium,2025-12-25,3,False,winter,True,Christmas,0.0,,1.0,1.0
H004,suite,2025-12-25,3,False,winter,True,Christmas,0.0,,1.0,1.0
H004,standard,2025-12-26,4,False,winter,False,,1.0,New Year Week,0.7989,1.0
H004,deluxe,2025-12-26,4,False,winter,False,,1.0,New Year Week,0.7989,1.0
H004,premium,2025-12-26,4,False,winter,False,,1.0,New Year Week,0.7989,1.0
H004,suite,2025-12-26,4,False,winter,False,,1.0,New Year Week,0.7989,1.0
H004,standard,2025-12-27,5,True,winter,False,,1.0,New Year Week; Sunburn Festival,0.9629,1.0
H004,deluxe,2025-12-27,5,True,winter,False,,1.0,New Year Week; Sunburn Festival,0.9629,1.0
H004,premium,2025-12-27,5,True,winter,False,,1.0,New Year Week; Sunburn Festival,0.9629,1.0
H004,suite,2025-12-27,5,True,winter,False,,1.0,New Year Week; Sunburn Festival,0.9629,1.0
H004,standard,2025-12-28,6,True,winter,False,,1.0,New Year Week; Sunburn Festival,0.9777,1.0
H004,deluxe,2025-12-28,6,True,winter,False,,1.0,New Year Week; Sunburn Festival,0.9777,1.0
H004,premium,2025-12-28,6,True,winter,False,,1.0,New Year Week; Sunburn Festival,0.9777,1.0
H004,suite,2025-12-28,6,True,winter,False,,1.0,New Year Week; Sunburn Festival,0.9777,1.0
H004,standard,2025-12-29,0,False,winter,False,,1.0,New Year Week; Sunburn Festival,1.0,1.0
H004,deluxe,2025-12-29,0,False,winter,False,,1.0,New Year Week; Sunburn Festival,1.0,1.0
H004,premium,2025-12-29,0,False,winter,False,,1.0,New Year Week; Sunburn Festival,1.0,1.0
H004,suite,2025-12-29,0,False,winter,False,,1.0,New Year Week; Sunburn Festival,1.0,1.0
H004,standard,2025-12-30,1,False,winter,False,,1.0,New Year Week; Sunburn Festival,0.9571,1.0
H004,deluxe,2025-12-30,1,False,winter,False,,1.0,New Year Week; Sunburn Festival,0.9571,1.0
H004,premium,2025-12-30,1,False,winter,False,,1.0,New Year Week; Sunburn Festival,0.9571,1.0
H004,suite,2025-12-30,1,False,winter,False,,1.0,New Year Week; Sunburn Festival,0.9571,1.0
H004,standard,2025-12-31,2,False,winter,True,New Year's Eve,1.0,New Year Week,0.9687,1.0
H004,deluxe,2025-12-31,2,False,winter,True,New Year's Eve,1.0,New Year Week,0.9687,1.0
H004,premium,2025-12-31,2,False,winter,True,New Year's Eve,1.0,New Year Week,0.9687,1.0
H004,suite,2025-12-31,2,False,winter,True,New Year's Eve,1.0,New Year Week,0.9687,1.0
H004,standard,2026-01-01,3,False,winter,True,New Year's Day,1.0,New Year Week,0.9056,1.0
H004,deluxe,2026-01-01,3,False,winter,True,New Year's Day,1.0,New Year Week,0.9056,1.0
H004,premium,2026-01-01,3,False,winter,True,New Year's Day,1.0,New Year Week,0.9056,1.0
H004,suite,2026-01-01,3,False,winter,True,New Year's Day,1.0,New Year Week,0.9056,1.0
H004,standard,2026-01-02,4,False,winter,False,,1.0,New Year Week,1.0,1.0
H004,deluxe,2026-01-02,4,False,winter,False,,1.0,New Year Week,1.0,1.0
H004,premium,2026-01-02,4,False,winter,False,,1.0,New Year Week,1.0,1.0
H004,suite,2026-01-02,4,False,winter,False,,1.0,New Year Week,1.0,0.9866
H004,standard,2026-01-03,5,True,winter,False,,0.0,,1.0,0.9505
H004,deluxe,2026-01-03,5,True,winter,False,,0.0,,1.0,0.9359
H004,premium,2026-01-03,5,True,winter,False,,0.0,,1.0,0.9115
H004,suite,2026-01-03,5,True,winter,False,,0.0,,1.0,0.8675
H004,standard,2026-01-04,6,True,winter,False,,0.0,,0.9803,1.0
H004,deluxe,2026-01-04,6,True,winter,False,,0.0,,0.9803,1.0
H004,premium,2026-01-04,6,True,winter,False,,0.0,,0.9803,1.0
H004,suite,2026-01-04,6,True,winter,False,,0.0,,0.9803,1.0
H004,standard,2026-01-05,0,False,winter,False,,0.0,,1.0,0.921
H004,deluxe,2026-01-05,0,False,winter,False,,0.0,,1.0,0.9068
H004,premium,2026-01-05,0,False,winter,False,,0.0,,1.0,0.8831
H004,suite,2026-01-05,0,False,winter,False,,0.0,,1.0,0.8405
H004,standard,2026-01-06,1,False,winter,False,,0.0,,0.984,0.8248
H004,deluxe,2026-01-06,1,False,winter,False,,0.0,,0.984,0.8121
H004,premium,2026-01-06,1,False,winter,False,,0.0,,0.984,0.7909
H004,suite,2026-01-06,1,False,winter,False,,0.0,,0.984,0.7528
H004,standard,2026-01-07,2,False,winter,False,,0.0,,1.0,1.0
H004,deluxe,2026-01-07,2,False,winter,False,,0.0,,1.0,1.0
H004,premium,2026-01-07,2,False,winter,False,,0.0,,1.0,1.0
H004,suite,2026-01-07,2,False,winter,False,,0.0,,1.0,1.0
H004,standard,2026-01-08,3,False,winter,False,,0.0,,0.7714,0.8572
H004,deluxe,2026-01-08,3,False,winter,False,,0.0,,0.7714,0.844
H004,premium,2026-01-08,3,False,winter,False,,0.0,,0.7714,0.822
H004,suite,2026-01-08,3,False,winter,False,,0.0,,0.7714,0.7823
H004,standard,2026-01-09,4,False,winter,False,,0.0,,0.8996,1.0
H004,deluxe,2026-01-09,4,False,winter,False,,0.0,,0.8996,1.0
H004,premium,2026-01-09,4,False,winter,False,,0.0,,0.8996,1.0
H004,suite,2026-01-09,4,False,winter,False,,0.0,,0.8996,1.0
H004,standard,2026-01-10,5,True,winter,False,,0.0,,0.949,1.0
H004,deluxe,2026-01-10,5,True,winter,False,,0.0,,0.949,1.0
H004,premium,2026-01-10,5,True,winter,False,,0.0,,0.949,1.0
H004,suite,2026-01-10,5,True,winter,False,,0.0,,0.949,1.0
H004,standard,2026-01-11,6,True,winter,False,,0.0,,0.8566,0.9768
H004,deluxe,2026-01-11,6,True,winter,False,,0.0,,0.8566,0.9617
H004,premium,2026-01-11,6,True,winter,False,,0.0,,0.8566,0.9367
H004,suite,2026-01-11,6,True,winter,False,,0.0,,0.8566,0.8915
H004,standard,2026-01-12,0,False,winter,False,,0.0,,0.9681,0.8237
H004,deluxe,2026-01-12,0,False,winter,False,,0.0,,0.9681,0.811
H004,premium,2026-01-12,0,False,winter,False,,0.0,,0.9681,0.7898
H004,suite,2026-01-12,0,False,winter,False,,0.0,,0.9681,0.7517
H004,standard,2026-01-13,1,False,winter,False,,0.0,,0.8623,0.5973
H004,deluxe,2026-01-13,1,False,winter,False,,0.0,,0.8623,0.5881
H004,premium,2026-01-13,1,False,winter,False,,0.0,,0.8623,0.5728
H004,suite,2026-01-13,1,False,winter,False,,0.0,,0.8623,0.5452
H004,standard,2026-01-14,2,False,winter,True,Makar Sankranti / Pongal,0.0,,1.0,1.0
H004,deluxe,2026-01-14,2,False,winter,True,Makar Sankranti / Pongal,0.0,,1.0,1.0
H004,premium,2026-01-14,2,False,winter,True,Makar Sankranti / Pongal,0.0,,1.0,1.0
H004,suite,2026-01-14,2,False,winter,True,Makar Sankranti / Pongal,0.0,,1.0,1.0
H004,standard,2026-01-15,3,False,winter,False,,0.0,,0.963,1.0
H004,deluxe,2026-01-15,3,False,winter,False,,0.0,,0.963,1.0
H004,premium,2026-01-15,3,False,winter,False,,0.0,,0.963,1.0
H004,suite,2026-01-15,3,False,winter,False,,0.0,,0.963,0.9905
H004,standard,2026-01-16,4,False,winter,False,,0.0,,1.0,1.0
H004,deluxe,2026-01-16,4,False,winter,False,,0.0,,1.0,1.0
H004,premium,2026-01-16,4,False,winter,False,,0.0,,1.0,1.0
H004,suite,2026-01-16,4,False,winter,False,,0.0,,1.0,1.0
H004,standard,2026-01-17,5,True,winter,False,,0.0,,0.9504,1.0
H004,deluxe,2026-01-17,5,True,winter,False,,0.0,,0.9504,1.0
H004,premium,2026-01-17,5,True,winter,False,,0.0,,0.9504,1.0
H004,suite,2026-01-17,5,True,winter,False,,0.0,,0.9504,1.0
H004,standard,2026-01-18,6,True,winter,False,,0.0,,1.0,1.0
H004,deluxe,2026-01-18,6,True,winter,False,,0.0,,1.0,1.0
H004,premium,2026-01-18,6,True,winter,False,,0.0,,1.0,1.0
H004,suite,2026-01-18,6,True,winter,False,,0.0,,1.0,1.0
H004,standard,2026-01-19,0,False,winter,False,,0.0,,0.8822,1.0
H004,deluxe,2026-01-19,0,False,winter,False,,0.0,,0.8822,1.0
H004,premium,2026-01-19,0,False,winter,False,,0.0,,0.8822,1.0
H004,suite,2026-01-19,0,False,winter,False,,0.0,,0.8822,1.0
H004,standard,2026-01-20,1,False,winter,False,,0.0,,0.8498,1.0
H004,deluxe,2026-01-20,1,False,winter,False,,0.0,,0.8498,1.0
H004,premium,2026-01-20,1,False,winter,False,,0.0,,0.8498,1.0
H004,suite,2026-01-20,1,False,winter,False,,0.0,,0.8498,1.0
H004,standard,2026-01-21,2,False,winter,False,,0.0,,1.0,1.0
H004,deluxe,2026-01-21,2,False,winter,False,,0.0,,1.0,1.0
H004,premium,2026-01-21,2,False,winter,False,,0.0,,1.0,1.0
H004,suite,2026-01-21,2,False,winter,False,,0.0,,1.0,1.0
H004,standard,2026-01-22,3,False,winter,False,,0.0,,0.8833,0.9409
H004,deluxe,2026-01-22,3,False,winter,False,,0.0,,0.8833,0.9264
H004,premium,2026-01-22,3,False,winter,False,,0.0,,0.8833,0.9023
H004,suite,2026-01-22,3,False,winter,False,,0.0,,0.8833,0.8588
H004,standard,2026-01-23,4,False,winter,False,,0.0,,0.8364,0.969
H004,deluxe,2026-01-23,4,False,winter,False,,0.0,,0.8364,0.954
H004,premium,2026-01-23,4,False,winter,False,,0.0,,0.8364,0.9292
H004,suite,2026-01-23,4,False,winter,False,,0.0,,0.8364,0.8844
H004,standard,2026-01-24,5,True,winter,False,,0.0,,0.8971,1.0
H004,deluxe,2026-01-24,5,True,winter,False,,0.0,,0.8971,1.0
H004,premium,2026-01-24,5,True,winter,False,,0.0,,0.8971,1.0
H004,suite,2026-01-24,5,True,winter,False,,0.0,,0.8971,1.0
H004,standard,2026-01-25,6,True,winter,False,,0.0,,0.9529,1.0
H004,deluxe,2026-01-25,6,True,winter,False,,0.0,,0.9529,1.0
H004,premium,2026-01-25,6,True,winter,False,,0.0,,0.9529,1.0
H004,suite,2026-01-25,6,True,winter,False,,0.0,,0.9529,1.0
H004,standard,2026-01-26,0,False,winter,True,Republic Day,0.0,,1.0,1.0
H004,deluxe,2026-01-26,0,False,winter,True,Republic Day,0.0,,1.0,1.0
H004,premium,2026-01-26,0,False,winter,True,Republic Day,0.0,,1.0,1.0
H004,suite,2026-01-26,0,False,winter,True,Republic Day,0.0,,1.0,1.0
H004,standard,2026-01-27,1,False,winter,False,,0.0,,0.999,0.7343
H004,deluxe,2026-01-27,1,False,winter,False,,0.0,,0.999,0.723
H004,premium,2026-01-27,1,False,winter,False,,0.0,,0.999,0.7041
H004,suite,2026-01-27,1,False,winter,False,,0.0,,0.999,0.6702
H004,standard,2026-01-28,2,False,winter,False,,0.0,,1.0,0.7531
H004,deluxe,2026-01-28,2,False,winter,False,,0.0,,1.0,0.7415
H004,premium,2026-01-28,2,False,winter,False,,0.0,,1.0,0.7222
H004,suite,2026-01-28,2,False,winter,False,,0.0,,1.0,0.6874
H004,standard,2026-01-29,3,False,winter,False,,0.0,,1.0,0.6091
H004,deluxe,2026-01-29,3,False,winter,False,,0.0,,1.0,0.5997
H004,premium,2026-01-29,3,False,winter,False,,0.0,,1.0,0.5841
H004,suite,2026-01-29,3,False,winter,False,,0.0,,1.0,0.5559
H004,standard,2026-01-30,4,False,winter,False,,0.0,,0.9972,1.0
H004,deluxe,2026-01-30,4,False,winter,False,,0.0,,0.9972,1.0
H004,premium,2026-01-30,4,False,winter,False,,0.0,,0.9972,0.9957
H004,suite,2026-01-30,4,False,winter,False,,0.0,,0.9972,0.9477
H004,standard,2026-01-31,5,True,winter,False,,0.0,,0.9095,0.8846
H004,deluxe,2026-01-31,5,True,winter,False,,0.0,,0.9095,0.871
H004,premium,2026-01-31,5,True,winter,False,,0.0,,0.9095,0.8483
H004,suite,2026-01-31,5,True,winter,False,,0.0,,0.9095,0.8074
H004,standard,2026-02-01,6,True,winter,False,,0.0,,1.0,0.9516
H004,deluxe,2026-02-01,6,True,winter,False,,0.0,,1.0,0.9369
H004,premium,2026-02-01,6,True,winter,False,,0.0,,1.0,0.9125
H004,suite,2026-02-01,6,True,winter,False,,0.0,,1.0,0.8685
H004,standard,2026-02-02,0,False,winter,False,,0.0,,1.0,1.0
H004,deluxe,2026-02-02,0,False,winter,False,,0.0,,1.0,1.0
H004,premium,2026-02-02,0,False,winter,False,,0.0,,1.0,1.0
H004,suite,2026-02-02,0,False,winter,False,,0.0,,1.0,1.0
H004,standard,2026-02-03,1,False,winter,False,,0.0,,1.0,1.0
H004,deluxe,2026-02-03,1,False,winter,False,,0.0,,1.0,1.0
H004,premium,2026-02-03,1,False,winter,False,,0.0,,1.0,1.0
H004,suite,2026-02-03,1,False,winter,False,,0.0,,1.0,0.992
H004,standard,2026-02-04,2,False,winter,False,,0.0,,1.0,1.0
H004,deluxe,2026-02-04,2,False,winter,False,,0.0,,1.0,1.0
H004,premium,2026-02-04,2,False,winter,False,,0.0,,1.0,1.0
H004,suite,2026-02-04,2,False,winter,False,,0.0,,1.0,0.9704
H004,standard,2026-02-05,3,False,winter,False,,0.0,,0.9394,0.9253
H004,deluxe,2026-02-05,3,False,winter,False,,0.0,,0.9394,0.911
H004,premium,2026-02-05,3,False,winter,False,,0.0,,0.9394,0.8873
H004,suite,2026-02-05,3,False,winter,False,,0.0,,0.9394,0.8445
H004,standard,2026-02-06,4,False,winter,False,,0.0,,0.8195,1.0
H004,deluxe,2026-02-06,4,False,winter,False,,0.0,,0.8195,1.0
H004,premium,2026-02-06,4,False,winter,False,,0.0,,0.8195,1.0
H004,suite,2026-02-06,4,False,winter,False,,0.0,,0.8195,1.0
H004,standard,2026-02-07,5,True,winter,False,,0.0,,0.9359,1.0
H004,deluxe,2026-02-07,5,True,winter,False,,0.0,,0.9359,1.0
H004,premium,2026-02-07,5,True,winter,False,,0.0,,0.9359,1.0
H004,suite,2026-02-07,5,True,winter,False,,0.0,,0.9359,1.0
H004,standard,2026-02-08,6,True,winter,False,,0.0,,0.9274,1.0
H004,deluxe,2026-02-08,6,True,winter,False,,0.0,,0.9274,1.0
H004,premium,2026-02-08,6,True,winter,False,,0.0,,0.9274,1.0
H004,suite,2026-02-08,6,True,winter,False,,0.0,,0.9274,1.0
H004,standard,2026-02-09,0,False,winter,False,,0.0,,0.8644,0.598
H004,deluxe,2026-02-09,0,False,winter,False,,0.0,,0.8644,0.5888
H004,premium,2026-02-09,0,False,winter,False,,0.0,,0.8644,0.5734
H004,suite,2026-02-09,0,False,winter,False,,0.0,,0.8644,0.5458
H004,standard,2026-02-10,1,False,winter,False,,0.0,,0.9715,0.4511
H004,deluxe,2026-02-10,1,False,winter,False,,0.0,,0.9715,0.4441
H004,premium,2026-02-10,1,False,winter,False,,0.0,,0.9715,0.4325
H004,suite,2026-02-10,1,False,winter,False,,0.0,,0.9715,0.4117
H004,standard,2026-02-11,2,False,winter,False,,0.0,,0.9279,0.9978
H004,deluxe,2026-02-11,2,False,winter,False,,0.0,,0.9279,0.9824
H004,premium,2026-02-11,2,False,winter,False,,0.0,,0.9279,0.9568
H004,suite,2026-02-11,2,False,winter,False,,0.0,,0.9279,0.9107
H004,standard,2026-02-12,3,False,winter,False,,0.0,,0.8628,1.0
H004,deluxe,2026-02-12,3,False,winter,False,,0.0,,0.8628,1.0
H004,premium,2026-02-12,3,False,winter,False,,0.0,,0.8628,1.0
H004,suite,2026-02-12,3,False,winter,False,,0.0,,0.8628,0.992
H004,standard,2026-02-13,4,False,winter,False,,0.0,,0.906,1.0
H004,deluxe,2026-02-13,4,False,winter,False,,0.0,,0.906,1.0
H004,premium,2026-02-13,4,False,winter,False,,0.0,,0.906,1.0
H004,suite,2026-02-13,4,False,winter,False,,0.0,,0.906,1.0
H004,standard,2026-02-14,5,True,winter,False,,0.6,Goa Carnival,0.9609,1.0
H004,deluxe,2026-02-14,5,True,winter,False,,0.6,Goa Carnival,0.9609,1.0
H004,premium,2026-02-14,5,True,winter,False,,0.6,Goa Carnival,0.9609,1.0
H004,suite,2026-02-14,5,True,winter,False,,0.6,Goa Carnival,0.9609,1.0
H004,standard,2026-02-15,6,True,winter,True,Maha Shivaratri,0.6,Goa Carnival,1.0,1.0
H004,deluxe,2026-02-15,6,True,winter,True,Maha Shivaratri,0.6,Goa Carnival,1.0,1.0
H004,premium,2026-02-15,6,True,winter,True,Maha Shivaratri,0.6,Goa Carnival,1.0,1.0
H004,suite,2026-02-15,6,True,winter,True,Maha Shivaratri,0.6,Goa Carnival,1.0,1.0
H004,standard,2026-02-16,0,False,winter,False,,0.6,Goa Carnival,0.8329,1.0
H004,deluxe,2026-02-16,0,False,winter,False,,0.6,Goa Carnival,0.8329,1.0
H004,premium,2026-02-16,0,False,winter,False,,0.6,Goa Carnival,0.8329,1.0
H004,suite,2026-02-16,0,False,winter,False,,0.6,Goa Carnival,0.8329,1.0
H004,standard,2026-02-17,1,False,winter,False,,0.6,Goa Carnival,1.0,1.0
H004,deluxe,2026-02-17,1,False,winter,False,,0.6,Goa Carnival,1.0,1.0
H004,premium,2026-02-17,1,False,winter,False,,0.6,Goa Carnival,1.0,1.0
H004,suite,2026-02-17,1,False,winter,False,,0.6,Goa Carnival,1.0,1.0
H004,standard,2026-02-18,2,False,winter,False,,0.6,Goa Carnival,0.8683,1.0
H004,deluxe,2026-02-18,2,False,winter,False,,0.6,Goa Carnival,0.8683,1.0
H004,premium,2026-02-18,2,False,winter,False,,0.6,Goa Carnival,0.8683,1.0
H004,suite,2026-02-18,2,False,winter,False,,0.6,Goa Carnival,0.8683,1.0
H004,standard,2026-02-19,3,False,winter,False,,0.0,,0.8674,0.8241
H004,deluxe,2026-02-19,3,False,winter,False,,0.0,,0.8674,0.8114
H004,premium,2026-02-19,3,False,winter,False,,0.0,,0.8674,0.7903
H004,suite,2026-02-19,3,False,winter,False,,0.0,,0.8674,0.7522
H004,standard,2026-02-20,4,False,winter,False,,0.0,,1.0,1.0
H004,deluxe,2026-02-20,4,False,winter,False,,0.0,,1.0,1.0
H004,premium,2026-02-20,4,False,winter,False,,0.0,,1.0,1.0
H004,suite,2026-02-20,4,False,winter,False,,0.0,,1.0,1.0
H004,standard,2026-02-21,5,True,winter,False,,0.0,,0.8576,0.9726
H004,deluxe,2026-02-21,5,True,winter,False,,0.0,,0.8576,0.9576
H004,premium,2026-02-21,5,True,winter,False,,0.0,,0.8576,0.9326
H004,suite,2026-02-21,5,True,winter,False,,0.0,,0.8576,0.8877
H004,standard,2026-02-22,6,True,winter,False,,0.0,,0.9211,1.0
H004,deluxe,2026-02-22,6,True,winter,False,,0.0,,0.9211,1.0
H004,premium,2026-02-22,6,True,winter,False,,0.0,,0.9211,1.0
H004,suite,2026-02-22,6,True,winter,False,,0.0,,0.9211,0.9802
H004,standard,2026-02-23,0,False,winter,False,,0.0,,1.0,1.0
H004,deluxe,2026-02-23,0,False,winter,False,,0.0,,1.0,1.0
H004,premium,2026-02-23,0,False,winter,False,,0.0,,1.0,0.9948
H004,suite,2026-02-23,0,False,winter,False,,0.0,,1.0,0.9468
H004,standard,2026-02-24,1,False,winter,False,,0.0,,0.9971,0.89
H004,deluxe,2026-02-24,1,False,winter,False,,0.0,,0.9971,0.8763
H004,premium,2026-02-24,1,False,winter,False,,0.0,,0.9971,0.8534
H004,suite,2026-02-24,1,False,winter,False,,0.0,,0.9971,0.8123
H004,standard,2026-02-25,2,False,winter,False,,0.0,,0.9426,0.8637
H004,deluxe,2026-02-25,2,False,winter,False,,0.0,,0.9426,0.8504
H004,premium,2026-02-25,2,False,winter,False,,0.0,,0.9426,0.8282
H004,suite,2026-02-25,2,False,winter,False,,0.0,,0.9426,0.7883
H004,standard,2026-02-26,3,False,winter,False,,0.0,,0.938,0.7947
H004,deluxe,2026-02-26,3,False,winter,False,,0.0,,0.938,0.7825
H004,premium,2026-02-26,3,False,winter,False,,0.0,,0.938,0.762
H004,suite,2026-02-26,3,False,winter,False,,0.0,,0.938,0.7253
H004,standard,2026-02-27,4,False,winter,False,,0.0,,0.9322,1.0
H004,deluxe,2026-02-27,4,False,winter,False,,0.0,,0.9322,1.0
H004,premium,2026-02-27,4,False,winter,False,,0.0,,0.9322,1.0
H004,suite,2026-02-27,4,False,winter,False,,0.0,,0.9322,1.0
H004,standard,2026-02-28,5,True,winter,False,,0.0,,0.8646,0.9907
H004,deluxe,2026-02-28,5,True,winter,False,,0.0,,0.8646,0.9754
H004,premium,2026-02-28,5,True,winter,False,,0.0,,0.8646,0.95
H004,suite,2026-02-28,5,True,winter,False,,0.0,,0.8646,0.9042
H004,standard,2026-03-01,6,True,summer,False,,0.0,,0.6051,0.8107
H004,deluxe,2026-03-01,6,True,summer,False,,0.0,,0.6051,0.7982
H004,premium,2026-03-01,6,True,summer,False,,0.0,,0.6051,0.7774
H004,suite,2026-03-01,6,True,summer,False,,0.0,,0.6051,0.7399
H004,standard,2026-03-02,0,False,summer,False,,0.0,,0.6756,0.9704
H004,deluxe,2026-03-02,0,False,summer,False,,0.0,,0.6756,0.9554
H004,premium,2026-03-02,0,False,summer,False,,0.0,,0.6756,0.9305
H004,suite,2026-03-02,0,False,summer,False,,0.0,,0.6756,0.8856
H004,standard,2026-03-03,1,False,summer,False,,0.0,,0.5515,0.7268
H004,deluxe,2026-03-03,1,False,summer,False,,0.0,,0.5515,0.7156
H004,premium,2026-03-03,1,False,summer,False,,0.0,,0.5515,0.697
H004,suite,2026-03-03,1,False,summer,False,,0.0,,0.5515,0.6634
H004,standard,2026-03-04,2,False,summer,True,Holi,0.0,,0.6612,0.6947
H004,deluxe,2026-03-04,2,False,summer,True,Holi,0.0,,0.6612,0.684
H004,premium,2026-03-04,2,False,summer,True,Holi,0.0,,0.6612,0.6662
H004,suite,2026-03-04,2,False,summer,True,Holi,0.0,,0.6612,0.6341
H004,standard,2026-03-05,3,False,summer,False,,0.0,,0.5411,0.9128
H004,deluxe,2026-03-05,3,False,summer,False,,0.0,,0.5411,0.8987
H004,premium,2026-03-05,3,False,summer,False,,0.0,,0.5411,0.8753
H004,suite,2026-03-05,3,False,summer,False,,0.0,,0.5411,0.8331
H004,standard,2026-03-06,4,False,summer,False,,0.0,,0.62,1.0
H004,deluxe,2026-03-06,4,False,summer,False,,0.0,,0.62,1.0
H004,premium,2026-03-06,4,False,summer,False,,0.0,,0.62,1.0
H004,suite,2026-03-06,4,False,summer,False,,0.0,,0.62,1.0
H004,standard,2026-03-07,5,True,summer,False,,0.0,,0.5432,0.7545
H004,deluxe,2026-03-07,5,True,summer,False,,0.0,,0.5432,0.7429
H004,premium,2026-03-07,5,True,summer,False,,0.0,,0.5432,0.7235
H004,suite,2026-03-07,5,True,summer,False,,0.0,,0.5432,0.6886
H004,standard,2026-03-08,6,True,summer,False,,0.0,,0.6422,0.6049
H004,deluxe,2026-03-08,6,True,summer,False,,0.0,,0.6422,0.5956
H004,premium,2026-03-08,6,True,summer,False,,0.0,,0.6422,0.58
H004,suite,2026-03-08,6,True,summer,False,,0.0,,0.6422,0.5521
H004,standard,2026-03-09,0,False,summer,False,,0.0,,0.4686,0.6202
H004,deluxe,2026-03-09,0,False,summer,False,,0.0,,0.4686,0.6107
H004,premium,2026-03-09,0,False,summer,False,,0.0,,0.4686,0.5947
H004,suite,2026-03-09,0,False,summer,False,,0.0,,0.4686,0.566
H004,standard,2026-03-10,1,False,summer,False,,0.0,,0.6838,0.5233
H004,deluxe,2026-03-10,1,False,summer,False,,0.0,,0.6838,0.5152
H004,premium,2026-03-10,1,False,summer,False,,0.0,,0.6838,0.5018
H004,suite,2026-03-10,1,False,summer,False,,0.0,,0.6838,0.4776
H004,standard,2026-03-11,2,False,summer,False,,0.0,,0.4767,0.7124
H004,deluxe,2026-03-11,2,False,summer,False,,0.0,,0.4767,0.7014
H004,premium,2026-03-11,2,False,summer,False,,0.0,,0.4767,0.6831
H004,suite,2026-03-11,2,False,summer,False,,0.0,,0.4767,0.6502
H004,standard,2026-03-12,3,False,summer,False,,0.0,,0.661,1.0
H004,deluxe,2026-03-12,3,False,summer,False,,0.0,,0.661,1.0
H004,premium,2026-03-12,3,False,summer,False,,0.0,,0.661,0.9927
H004,suite,2026-03-12,3,False,summer,False,,0.0,,0.661,0.9448
H004,standard,2026-03-13,4,False,summer,False,,0.0,,0.5263,1.0
H004,deluxe,2026-03-13,4,False,summer,False,,0.0,,0.5263,1.0
H004,premium,2026-03-13,4,False,summer,False,,0.0,,0.5263,1.0
H004,suite,2026-03-13,4,False,summer,False,,0.0,,0.5263,1.0
H004,standard,2026-03-14,5,True,summer,False,,0.0,,0.6321,0.9985
H004,deluxe,2026-03-14,5,True,summer,False,,0.0,,0.6321,0.9831
H004,premium,2026-03-14,5,True,summer,False,,0.0,,0.6321,0.9575
H004,suite,2026-03-14,5,True,summer,False,,0.0,,0.6321,0.9113
H004,standard,2026-03-15,6,True,summer,False,,0.0,,0.6686,0.6417
H004,deluxe,2026-03-15,6,True,summer,False,,0.0,,0.6686,0.6318
H004,premium,2026-03-15,6,True,summer,False,,0.0,,0.6686,0.6153
H004,suite,2026-03-15,6,True,summer,False,,0.0,,0.6686,0.5857
H004,standard,2026-03-16,0,False,summer,False,,0.0,,0.5457,0.5796
H004,deluxe,2026-03-16,0,False,summer,False,,0.0,,0.5457,0.5706
H004,premium,2026-03-16,0,False,summer,False,,0.0,,0.5457,0.5557
H004,suite,2026-03-16,0,False,summer,False,,0.0,,0.5457,0.5289
H004,standard,2026-03-17,1,False,summer,False,,0.0,,0.5882,0.6554
H004,deluxe,2026-03-17,1,False,summer,False,,0.0,,0.5882,0.6453
H004,premium,2026-03-17,1,False,summer,False,,0.0,,0.5882,0.6284
H004,suite,2026-03-17,1,False,summer,False,,0.0,,0.5882,0.5981
H004,standard,2026-03-18,2,False,summer,False,,0.0,,0.5922,0.4962
H004,deluxe,2026-03-18,2,False,summer,False,,0.0,,0.5922,0.4885
H004,premium,2026-03-18,2,False,summer,False,,0.0,,0.5922,0.4758
H004,suite,2026-03-18,2,False,summer,False,,0.0,,0.5922,0.4528
H004,standard,2026-03-19,3,False,summer,False,,0.0,,0.5252,0.7795
H004,deluxe,2026-03-19,3,False,summer,False,,0.0,,0.5252,0.7675
H004,premium,2026-03-19,3,False,summer,False,,0.0,,0.5252,0.7475
H004,suite,2026-03-19,3,False,summer,False,,0.0,,0.5252,0.7114
H004,standard,2026-03-20,4,False,summer,False,,0.0,,0.5158,0.9064
H004,deluxe,2026-03-20,4,False,summer,False,,0.0,,0.5158,0.8924
H004,premium,2026-03-20,4,False,summer,False,,0.0,,0.5158,0.8691
H004,suite,2026-03-20,4,False,summer,False,,0.0,,0.5158,0.8272
H004,standard,2026-03-21,5,True,summer,True,Eid al-Fitr,0.0,,0.6653,1.0
H004,deluxe,2026-03-21,5,True,summer,True,Eid al-Fitr,0.0,,0.6653,1.0
H004,premium,2026-03-21,5,True,summer,True,Eid al-Fitr,0.0,,0.6653,1.0
H004,suite,2026-03-21,5,True,summer,True,Eid al-Fitr,0.0,,0.6653,1.0
H004,standard,2026-03-22,6,True,summer,False,,0.0,,0.7005,0.5249
H004,deluxe,2026-03-22,6,True,summer,False,,0.0,,0.7005,0.5168
H004,premium,2026-03-22,6,True,summer,False,,0.0,,0.7005,0.5033
H004,suite,2026-03-22,6,True,summer,False,,0.0,,0.7005,0.4791
H004,standard,2026-03-23,0,False,summer,False,,0.0,,0.6424,0.5986
H004,deluxe,2026-03-23,0,False,summer,False,,0.0,,0.6424,0.5894
H004,premium,2026-03-23,0,False,summer,False,,0.0,,0.6424,0.574
H004,suite,2026-03-23,0,False,summer,False,,0.0,,0.6424,0.5463
H004,standard,2026-03-24,1,False,summer,False,,0.0,,0.5822,0.467
H004,deluxe,2026-03-24,1,False,summer,False,,0.0,,0.5822,0.4598
H004,premium,2026-03-24,1,False,summer,False,,0.0,,0.5822,0.4478
H004,suite,2026-03-24,1,False,summer,False,,0.0,,0.5822,0.4262
H004,standard,2026-03-25,2,False,summer,False,,0.0,,0.6344,0.6166
H004,deluxe,2026-03-25,2,False,summer,False,,0.0,,0.6344,0.6071
H004,premium,2026-03-25,2,False,summer,False,,0.0,,0.6344,0.5912
H004,suite,2026-03-25,2,False,summer,False,,0.0,,0.6344,0.5627
H004,standard,2026-03-26,3,False,summer,True,Ram Navami,0.0,,0.5447,1.0
H004,deluxe,2026-03-26,3,False,summer,True,Ram Navami,0.0,,0.5447,1.0
H004,premium,2026-03-26,3,False,summer,True,Ram Navami,0.0,,0.5447,0.9998
H004,suite,2026-03-26,3,False,summer,True,Ram Navami,0.0,,0.5447,0.9516
H004,standard,2026-03-27,4,False,summer,False,,0.0,,0.5618,1.0
H004,deluxe,2026-03-27,4,False,summer,False,,0.0,,0.5618,1.0
H004,premium,2026-03-27,4,False,summer,False,,0.0,,0.5618,1.0
H004,suite,2026-03-27,4,False,summer,False,,0.0,,0.5618,1.0
H004,standard,2026-03-28,5,True,summer,False,,0.0,,0.5149,0.8205
H004,deluxe,2026-03-28,5,True,summer,False,,0.0,,0.5149,0.8079
H004,premium,2026-03-28,5,True,summer,False,,0.0,,0.5149,0.7868
H004,suite,2026-03-28,5,True,summer,False,,0.0,,0.5149,0.7489
H004,standard,2026-03-29,6,True,summer,False,,0.0,,0.6239,0.6305
H004,deluxe,2026-03-29,6,True,summer,False,,0.0,,0.6239,0.6208
H004,premium,2026-03-29,6,True,summer,False,,0.0,,0.6239,0.6046
H004,suite,2026-03-29,6,True,summer,False,,0.0,,0.6239,0.5754
H004,standard,2026-03-30,0,False,summer,False,,0.0,,0.6037,1.0
H004,deluxe,2026-03-30,0,False,summer,False,,0.0,,0.6037,1.0
H004,premium,2026-03-30,0,False,summer,False,,0.0,,0.6037,1.0
H004,suite,2026-03-30,0,False,summer,False,,0.0,,0.6037,1.0
H004,standard,2026-03-31,1,False,summer,False,,0.0,,0.572,0.4701
H004,deluxe,2026-03-31,1,False,summer,False,,0.0,,0.572,0.4629
H004,premium,2026-03-31,1,False,summer,False,,0.0,,0.572,0.4508
H004,suite,2026-03-31,1,False,summer,False,,0.0,,0.572,0.4291
H004,standard,2026-04-01,2,False,summer,False,,0.0,,0.3947,0.5201
H004,deluxe,2026-04-01,2,False,summer,False,,0.0,,0.3947,0.5121
H004,premium,2026-04-01,2,False,summer,False,,0.0,,0.3947,0.4987
H004,suite,2026-04-01,2,False,summer,False,,0.0,,0.3947,0.4747
H004,standard,2026-04-02,3,False,summer,False,,0.0,,0.6002,0.5533
H004,deluxe,2026-04-02,3,False,summer,False,,0.0,,0.6002,0.5448
H004,premium,2026-04-02,3,False,summer,False,,0.0,,0.6002,0.5305
H004,suite,2026-04-02,3,False,summer,False,,0.0,,0.6002,0.505
H004,standard,2026-04-03,4,False,summer,True,Good Friday,0.0,,0.5761,1.0
H004,deluxe,2026-04-03,4,False,summer,True,Good Friday,0.0,,0.5761,1.0
H004,premium,2026-04-03,4,False,summer,True,Good Friday,0.0,,0.5761,1.0
H004,suite,2026-04-03,4,False,summer,True,Good Friday,0.0,,0.5761,1.0
H004,standard,2026-04-04,5,True,summer,False,,0.0,,0.6668,1.0
H004,deluxe,2026-04-04,5,True,summer,False,,0.0,,0.6668,0.9919
H004,premium,2026-04-04,5,True,summer,False,,0.0,,0.6668,0.966
H004,suite,2026-04-04,5,True,summer,False,,0.0,,0.6668,0.9194
H004,standard,2026-04-05,6,True,summer,False,,0.0,,0.6477,1.0
H004,deluxe,2026-04-05,6,True,summer,False,,0.0,,0.6477,1.0
H004,premium,2026-04-05,6,True,summer,False,,0.0,,0.6477,1.0
H004,suite,2026-04-05,6,True,summer,False,,0.0,,0.6477,1.0
H004,standard,2026-04-06,0,False,summer,False,,0.0,,0.5414,0.7501
H004,deluxe,2026-04-06,0,False,summer,False,,0.0,,0.5414,0.7385
H004,premium,2026-04-06,0,False,summer,False,,0.0,,0.5414,0.7193
H004,suite,2026-04-06,0,False,summer,False,,0.0,,0.5414,0.6846
H004,standard,2026-04-07,1,False,summer,False,,0.0,,0.6268,0.3404
H004,deluxe,2026-04-07,1,False,summer,False,,0.0,,0.6268,0.3351
H004,premium,2026-04-07,1,False,summer,False,,0.0,,0.6268,0.3264
H004,suite,2026-04-07,1,False,summer,False,,0.0,,0.6268,0.3106
H004,standard,2026-04-08,2,False,summer,False,,0.0,,0.4915,1.0
H004,deluxe,2026-04-08,2,False,summer,False,,0.0,,0.4915,1.0
H004,premium,2026-04-08,2,False,summer,False,,0.0,,0.4915,0.993
H004,suite,2026-04-08,2,False,summer,False,,0.0,,0.4915,0.9451
H004,standard,2026-04-09,3,False,summer,False,,0.0,,0.5838,0.5337
H004,deluxe,2026-04-09,3,False,summer,False,,0.0,,0.5838,0.5254
H004,premium,2026-04-09,3,False,summer,False,,0.0,,0.5838,0.5117
H004,suite,2026-04-09,3,False,summer,False,,0.0,,0.5838,0.4871
H004,standard,2026-04-10,4,False,summer,False,,0.0,,0.6404,0.9058
H004,deluxe,2026-04-10,4,False,summer,False,,0.0,,0.6404,0.8918
H004,premium,2026-04-10,4,False,summer,False,,0.0,,0.6404,0.8686
H004,suite,2026-04-10,4,False,summer,False,,0.0,,0.6404,0.8267
H004,standard,2026-04-11,5,True,summer,False,,0.0,,0.5084,0.9214
H004,deluxe,2026-04-11,5,True,summer,False,,0.0,,0.5084,0.9072
H004,premium,2026-04-11,5,True,summer,False,,0.0,,0.5084,0.8836
H004,suite,2026-04-11,5,True,summer,False,,0.0,,0.5084,0.841
H004,standard,2026-04-12,6,True,summer,False,,0.0,,0.5535,1.0
H004,deluxe,2026-04-12,6,True,summer,False,,0.0,,0.5535,0.9938
H004,premium,2026-04-12,6,True,summer,False,,0.0,,0.5535,0.9679
H004,suite,2026-04-12,6,True,summer,False,,0.0,,0.5535,0.9212
H004,standard,2026-04-13,0,False,summer,False,,0.0,,0.6053,0.83
H004,deluxe,2026-04-13,0,False,summer,False,,0.0,,0.6053,0.8172
H004,premium,2026-04-13,0,False,summer,False,,0.0,,0.6053,0.7959
H004,suite,2026-04-13,0,False,summer,False,,0.0,,0.6053,0.7575
H004,standard,2026-04-14,1,False,summer,True,Ambedkar Jayanti,0.0,,0.6067,0.5782
H004,deluxe,2026-04-14,1,False,summer,True,Ambedkar Jayanti,0.0,,0.6067,0.5692
H004,premium,2026-04-14,1,False,summer,True,Ambedkar Jayanti,0.0,,0.6067,0.5544
H004,suite,2026-04-14,1,False,summer,True,Ambedkar Jayanti,0.0,,0.6067,0.5277
H004,standard,2026-04-15,2,False,summer,False,,0.0,,0.6012,0.9221
H004,deluxe,2026-04-15,2,False,summer,False,,0.0,,0.6012,0.9079
H004,premium,2026-04-15,2,False,summer,False,,0.0,,0.6012,0.8842
H004,suite,2026-04-15,2,False,summer,False,,0.0,,0.6012,0.8416
H004,standard,2026-04-16,3,False,summer,False,,0.0,,0.6085,0.856
H004,deluxe,2026-04-16,3,False,summer,False,,0.0,,0.6085,0.8428
H004,premium,2026-04-16,3,False,summer,False,,0.0,,0.6085,0.8208
H004,suite,2026-04-16,3,False,summer,False,,0.0,,0.6085,0.7813
H004,standard,2026-04-17,4,False,summer,False,,0.0,,0.5101,0.8734
H004,deluxe,2026-04-17,4,False,summer,False,,0.0,,0.5101,0.86
H004,premium,2026-04-17,4,False,summer,False,,0.0,,0.5101,0.8375
H004,suite,2026-04-17,4,False,summer,False,,0.0,,0.5101,0.7972
H004,standard,2026-04-18,5,True,summer,False,,0.0,,0.6744,1.0
H004,deluxe,2026-04-18,5,True,summer,False,,0.0,,0.6744,1.0
H004,premium,2026-04-18,5,True,summer,False,,0.0,,0.6744,1.0
H004,suite,2026-04-18,5,True,summer,False,,0.0,,0.6744,0.972
H004,standard,2026-04-19,6,True,summer,False,,0.0,,0.6008,0.8218
H004,deluxe,2026-04-19,6,True,summer,False,,0.0,,0.6008,0.8091
H004,premium,2026-04-19,6,True,summer,False,,0.0,,0.6008,0.788
H004,suite,2026-04-19,6,True,summer,False,,0.0,,0.6008,0.75
H004,standard,2026-04-20,0,False,summer,False,,0.0,,0.5928,0.4677
H004,deluxe,2026-04-20,0,False,summer,False,,0.0,,0.5928,0.4605
H004,premium,2026-04-20,0,False,summer,False,,0.0,,0.5928,0.4484
H004,suite,2026-04-20,0,False,summer,False,,0.0,,0.5928,0.4268
H004,standard,2026-04-21,1,False,summer,False,,0.0,,0.5732,0.6218
H004,deluxe,2026-04-21,1,False,summer,False,,0.0,,0.5732,0.6123
H004,premium,2026-04-21,1,False,summer,False,,0.0,,0.5732,0.5963
H004,suite,2026-04-21,1,False,summer,False,,0.0,,0.5732,0.5675
H004,standard,2026-04-22,2,False,summer,False,,0.0,,0.5642,0.4344
H004,deluxe,2026-04-22,2,False,summer,False,,0.0,,0.5642,0.4277
H004,premium,2026-04-22,2,False,summer,False,,0.0,,0.5642,0.4165
H004,suite,2026-04-22,2,False,summer,False,,0.0,,0.5642,0.3964
H004,standard,2026-04-23,3,False,summer,False,,0.0,,0.6279,1.0
H004,deluxe,2026-04-23,3,False,summer,False,,0.0,,0.6279,1.0
H004,premium,2026-04-23,3,False,summer,False,,0.0,,0.6279,1.0
H004,suite,2026-04-23,3,False,summer,False,,0.0,,0.6279,1.0
H004,standard,2026-04-24,4,False,summer,False,,0.0,,0.6802,0.7087
H004,deluxe,2026-04-24,4,False,summer,False,,0.0,,0.6802,0.6978
H004,premium,2026-04-24,4,False,summer,False,,0.0,,0.6802,0.6796
H004,suite,2026-04-24,4,False,summer,False,,0.0,,0.6802,0.6468
H004,standard,2026-04-25,5,True,summer,False,,0.0,,0.6655,1.0
H004,deluxe,2026-04-25,5,True,summer,False,,0.0,,0.6655,1.0
H004,premium,2026-04-25,5,True,summer,False,,0.0,,0.6655,1.0
H004,suite,2026-04-25,5,True,summer,False,,0.0,,0.6655,0.9598
H004,standard,2026-04-26,6,True,summer,False,,0.0,,0.6837,1.0
H004,deluxe,2026-04-26,6,True,summer,False,,0.0,,0.6837,1.0
H004,premium,2026-04-26,6,True,summer,False,,0.0,,0.6837,1.0
H004,suite,2026-04-26,6,True,summer,False,,0.0,,0.6837,1.0
H004,standard,2026-04-27,0,False,summer,False,,0.0,,0.5694,0.5889
H004,deluxe,2026-04-27,0,False,summer,False,,0.0,,0.5694,0.5798
H004,premium,2026-04-27,0,False,summer,False,,0.0,,0.5694,0.5647
H004,suite,2026-04-27,0,False,summer,False,,0.0,,0.5694,0.5375
H004,standard,2026-04-28,1,False,summer,False,,0.0,,0.6781,0.9635
H004,deluxe,2026-04-28,1,False,summer,False,,0.0,,0.6781,0.9486
H004,premium,2026-04-28,1,False,summer,False,,0.0,,0.6781,0.9239
H004,suite,2026-04-28,1,False,summer,False,,0.0,,0.6781,0.8793
H004,standard,2026-04-29,2,False,summer,False,,0.0,,0.6498,0.472
H004,deluxe,2026-04-29,2,False,summer,False,,0.0,,0.6498,0.4647
H004,premium,2026-04-29,2,False,summer,False,,0.0,,0.6498,0.4526
H004,suite,2026-04-29,2,False,summer,False,,0.0,,0.6498,0.4308
H004,standard,2026-04-30,3,False,summer,False,,0.0,,0.6403,1.0
H004,deluxe,2026-04-30,3,False,summer,False,,0.0,,0.6403,1.0
H004,premium,2026-04-30,3,False,summer,False,,0.0,,0.6403,1.0
H004,suite,2026-04-30,3,False,summer,False,,0.0,,0.6403,1.0
H004,standard,2026-05-01,4,False,summer,True,Buddha Purnima,0.0,,0.6464,1.0
H004,deluxe,2026-05-01,4,False,summer,True,Buddha Purnima,0.0,,0.6464,0.9913
H004,premium,2026-05-01,4,False,summer,True,Buddha Purnima,0.0,,0.6464,0.9654
H004,suite,2026-05-01,4,False,summer,True,Buddha Purnima,0.0,,0.6464,0.9189
H004,standard,2026-05-02,5,True,summer,False,,0.0,,0.5653,1.0
H004,deluxe,2026-05-02,5,True,summer,False,,0.0,,0.5653,1.0
H004,premium,2026-05-02,5,True,summer,False,,0.0,,0.5653,1.0
H004,suite,2026-05-02,5,True,summer,False,,0.0,,0.5653,0.9918
H004,standard,2026-05-03,6,True,summer,False,,0.0,,0.5486,0.7793
H004,deluxe,2026-05-03,6,True,summer,False,,0.0,,0.5486,0.7673
H004,premium,2026-05-03,6,True,summer,False,,0.0,,0.5486,0.7473
H004,suite,2026-05-03,6,True,summer,False,,0.0,,0.5486,0.7112
H004,standard,2026-05-04,0,False,summer,False,,0.0,,0.5846,0.5171
H004,deluxe,2026-05-04,0,False,summer,False,,0.0,,0.5846,0.5091
H004,premium,2026-05-04,0,False,summer,False,,0.0,,0.5846,0.4958
H004,suite,2026-05-04,0,False,summer,False,,0.0,,0.5846,0.4719
H004,standard,2026-05-05,1,False,summer,False,,0.0,,0.5774,0.5036
H004,deluxe,2026-05-05,1,False,summer,False,,0.0,,0.5774,0.4959
H004,premium,2026-05-05,1,False,summer,False,,0.0,,0.5774,0.4829
H004,suite,2026-05-05,1,False,summer,False,,0.0,,0.5774,0.4597
H004,standard,2026-05-06,2,False,summer,False,,0.0,,0.4775,0.4111
H004,deluxe,2026-05-06,2,False,summer,False,,0.0,,0.4775,0.4048
H004,premium,2026-05-06,2,False,summer,False,,0.0,,0.4775,0.3942
H004,suite,2026-05-06,2,False,summer,False,,0.0,,0.4775,0.3752
H004,standard,2026-05-07,3,False,summer,False,,0.0,,0.5733,0.9372
H004,deluxe,2026-05-07,3,False,summer,False,,0.0,,0.5733,0.9228
H004,premium,2026-05-07,3,False,summer,False,,0.0,,0.5733,0.8987
H004,suite,2026-05-07,3,False,summer,False,,0.0,,0.5733,0.8554
H004,standard,2026-05-08,4,False,summer,False,,0.0,,0.626,0.7514
H004,deluxe,2026-05-08,4,False,summer,False,,0.0,,0.626,0.7398
H004,premium,2026-05-08,4,False,summer,False,,0.0,,0.626,0.7205
H004,suite,2026-05-08,4,False,summer,False,,0.0,,0.626,0.6858
H004,standard,2026-05-09,5,True,summer,False,,0.0,,0.6052,1.0
H004,deluxe,2026-05-09,5,True,summer,False,,0.0,,0.6052,1.0
H004,premium,2026-05-09,5,True,summer,False,,0.0,,0.6052,1.0
H004,suite,2026-05-09,5,True,summer,False,,0.0,,0.6052,1.0
H004,standard,2026-05-10,6,True,summer,False,,0.0,,0.6591,1.0
H004,deluxe,2026-05-10,6,True,summer,False,,0.0,,0.6591,0.9892
H004,premium,2026-05-10,6,True,summer,False,,0.0,,0.6591,0.9634
H004,suite,2026-05-10,6,True,summer,False,,0.0,,0.6591,0.917
H004,standard,2026-05-11,0,False,summer,False,,0.0,,0.5919,0.816
H004,deluxe,2026-05-11,0,False,summer,False,,0.0,,0.5919,0.8034
H004,premium,2026-05-11,0,False,summer,False,,0.0,,0.5919,0.7824
H004,suite,2026-05-11,0,False,summer,False,,0.0,,0.5919,0.7447
H004,standard,2026-05-12,1,False,summer,False,,0.0,,0.6448,0.5487
H004,deluxe,2026-05-12,1,False,summer,False,,0.0,,0.6448,0.5403
H004,premium,2026-05-12,1,False,summer,False,,0.0,,0.6448,0.5262
H004,suite,2026-05-12,1,False,summer,False,,0.0,,0.6448,0.5008
H004,standard,2026-05-13,2,False,summer,False,,0.0,,0.5365,0.4241
H004,deluxe,2026-05-13,2,False,summer,False,,0.0,,0.5365,0.4176
H004,premium,2026-05-13,2,False,summer,False,,0.0,,0.5365,0.4067
H004,suite,2026-05-13,2,False,summer,False,,0.0,,0.5365,0.3871
H004,standard,2026-05-14,3,False,summer,False,,0.0,,0.4418,1.0
H004,deluxe,2026-05-14,3,False,summer,False,,0.0,,0.4418,1.0
H004,premium,2026-05-14,3,False,summer,False,,0.0,,0.4418,1.0
H004,suite,2026-05-14,3,False,summer,False,,0.0,,0.4418,0.9808
H004,standard,2026-05-15,4,False,summer,False,,0.0,,0.6352,1.0
H004,deluxe,2026-05-15,4,False,summer,False,,0.0,,0.6352,1.0
H004,premium,2026-05-15,4,False,summer,False,,0.0,,0.6352,1.0
H004,suite,2026-05-15,4,False,summer,False,,0.0,,0.6352,1.0
H004,standard,2026-05-16,5,True,summer,False,,0.0,,0.4302,1.0
H004,deluxe,2026-05-16,5,True,summer,False,,0.0,,0.4302,1.0
H004,premium,2026-05-16,5,True,summer,False,,0.0,,0.4302,1.0
H004,suite,2026-05-16,5,True,summer,False,,0.0,,0.4302,0.9953
H004,standard,2026-05-17,6,True,summer,False,,0.0,,0.6161,0.6266
H004,deluxe,2026-05-17,6,True,summer,False,,0.0,,0.6161,0.617
H004,premium,2026-05-17,6,True,summer,False,,0.0,,0.6161,0.6009
H004,suite,2026-05-17,6,True,summer,False,,0.0,,0.6161,0.5719
H004,standard,2026-05-18,0,False,summer,False,,0.0,,0.6611,0.7688
H004,deluxe,2026-05-18,0,False,summer,False,,0.0,,0.6611,0.7569
H004,premium,2026-05-18,0,False,summer,False,,0.0,,0.6611,0.7372
H004,suite,2026-05-18,0,False,summer,False,,0.0,,0.6611,0.7016
H004,standard,2026-05-19,1,False,summer,False,,0.0,,0.6689,1.0
H004,deluxe,2026-05-19,1,False,summer,False,,0.0,,0.6689,0.9908
H004,premium,2026-05-19,1,False,summer,False,,0.0,,0.6689,0.965
H004,suite,2026-05-19,1,False,summer,False,,0.0,,0.6689,0.9185
H004,standard,2026-05-20,2,False,summer,False,,0.0,,0.5697,0.8454
H004,deluxe,2026-05-20,2,False,summer,False,,0.0,,0.5697,0.8324
H004,premium,2026-05-20,2,False,summer,False,,0.0,,0.5697,0.8107
H004,suite,2026-05-20,2,False,summer,False,,0.0,,0.5697,0.7716
H004,standard,2026-05-21,3,False,summer,False,,0.0,,0.6124,0.4681
H004,deluxe,2026-05-21,3,False,summer,False,,0.0,,0.6124,0.4609
H004,premium,2026-05-21,3,False,summer,False,,0.0,,0.6124,0.4489
H004,suite,2026-05-21,3,False,summer,False,,0.0,,0.6124,0.4273
H004,standard,2026-05-22,4,False,summer,False,,0.0,,0.618,0.5459
H004,deluxe,2026-05-22,4,False,summer,False,,0.0,,0.618,0.5375
H004,premium,2026-05-22,4,False,summer,False,,0.0,,0.618,0.5235
H004,suite,2026-05-22,4,False,summer,False,,0.0,,0.618,0.4982
H004,standard,2026-05-23,5,True,summer,False,,0.0,,0.6439,0.8635
H004,deluxe,2026-05-23,5,True,summer,False,,0.0,,0.6439,0.8502
H004,premium,2026-05-23,5,True,summer,False,,0.0,,0.6439,0.828
H004,suite,2026-05-23,5,True,summer,False,,0.0,,0.6439,0.7881
H004,standard,2026-05-24,6,True,summer,False,,0.0,,0.5662,0.8853
H004,deluxe,2026-05-24,6,True,summer,False,,0.0,,0.5662,0.8717
H004,premium,2026-05-24,6,True,summer,False,,0.0,,0.5662,0.849
H004,suite,2026-05-24,6,True,summer,False,,0.0,,0.5662,0.808
H004,standard,2026-05-25,0,False,summer,False,,0.0,,0.5609,0.4586
H004,deluxe,2026-05-25,0,False,summer,False,,0.0,,0.5609,0.4515
H004,premium,2026-05-25,0,False,summer,False,,0.0,,0.5609,0.4397
H004,suite,2026-05-25,0,False,summer,False,,0.0,,0.5609,0.4185
H004,standard,2026-05-26,1,False,summer,False,,0.0,,0.6053,0.5069
H004,deluxe,2026-05-26,1,False,summer,False,,0.0,,0.6053,0.4991
H004,premium,2026-05-26,1,False,summer,False,,0.0,,0.6053,0.4861
H004,suite,2026-05-26,1,False,summer,False,,0.0,,0.6053,0.4626
H004,standard,2026-05-27,2,False,summer,True,Bakrid,0.0,,0.5469,0.7083
H004,deluxe,2026-05-27,2,False,summer,True,Bakrid,0.0,,0.5469,0.6974
H004,premium,2026-05-27,2,False,summer,True,Bakrid,0.0,,0.5469,0.6792
H004,suite,2026-05-27,2,False,summer,True,Bakrid,0.0,,0.5469,0.6464
H004,standard,2026-05-28,3,False,summer,False,,0.0,,0.4526,0.7428
H004,deluxe,2026-05-28,3,False,summer,False,,0.0,,0.4526,0.7314
H004,premium,2026-05-28,3,False,summer,False,,0.0,,0.4526,0.7123
H004,suite,2026-05-28,3,False,summer,False,,0.0,,0.4526,0.678
H004,standard,2026-05-29,4,False,summer,False,,0.0,,0.5995,0.9169
H004,deluxe,2026-05-29,4,False,summer,False,,0.0,,0.5995,0.9027
H004,premium,2026-05-29,4,False,summer,False,,0.0,,0.5995,0.8792
H004,suite,2026-05-29,4,False,summer,False,,0.0,,0.5995,0.8368
H004,standard,2026-05-30,5,True,summer,False,,0.0,,0.4476,1.0
H004,deluxe,2026-05-30,5,True,summer,False,,0.0,,0.4476,0.99
H004,premium,2026-05-30,5,True,summer,False,,0.0,,0.4476,0.9642
H004,suite,2026-05-30,5,True,summer,False,,0.0,,0.4476,0.9177
H004,standard,2026-05-31,6,True,summer,False,,0.0,,0.624,0.7205
H004,deluxe,2026-05-31,6,True,summer,False,,0.0,,0.624,0.7094
H004,premium,2026-05-31,6,True,summer,False,,0.0,,0.624,0.6909
H004,suite,2026-05-31,6,True,summer,False,,0.0,,0.624,0.6576
H004,standard,2026-06-01,0,False,monsoon,False,,0.0,,0.2982,0.1696
H004,deluxe,2026-06-01,0,False,monsoon,False,,0.0,,0.2982,0.167
H004,premium,2026-06-01,0,False,monsoon,False,,0.0,,0.2982,0.1626
H004,suite,2026-06-01,0,False,monsoon,False,,0.0,,0.2982,0.1548
H004,standard,2026-06-02,1,False,monsoon,False,,0.0,,0.3173,0.2512
H004,deluxe,2026-06-02,1,False,monsoon,False,,0.0,,0.3173,0.2474
H004,premium,2026-06-02,1,False,monsoon,False,,0.0,,0.3173,0.2409
H004,suite,2026-06-02,1,False,monsoon,False,,0.0,,0.3173,0.2293
H004,standard,2026-06-03,2,False,monsoon,False,,0.0,,0.2687,0.215
H004,deluxe,2026-06-03,2,False,monsoon,False,,0.0,,0.2687,0.2117
H004,premium,2026-06-03,2,False,monsoon,False,,0.0,,0.2687,0.2062
H004,suite,2026-06-03,2,False,monsoon,False,,0.0,,0.2687,0.1963
H004,standard,2026-06-04,3,False,monsoon,False,,0.0,,0.3083,0.7273
H004,deluxe,2026-06-04,3,False,monsoon,False,,0.0,,0.3083,0.7161
H004,premium,2026-06-04,3,False,monsoon,False,,0.0,,0.3083,0.6974
H004,suite,2026-06-04,3,False,monsoon,False,,0.0,,0.3083,0.6638
H004,standard,2026-06-05,4,False,monsoon,False,,0.0,,0.2994,0.8999
H004,deluxe,2026-06-05,4,False,monsoon,False,,0.0,,0.2994,0.8861
H004,premium,2026-06-05,4,False,monsoon,False,,0.0,,0.2994,0.863
H004,suite,2026-06-05,4,False,monsoon,False,,0.0,,0.2994,0.8214
H004,standard,2026-06-06,5,True,monsoon,False,,0.0,,0.3021,0.5375
H004,deluxe,2026-06-06,5,True,monsoon,False,,0.0,,0.3021,0.5292
H004,premium,2026-06-06,5,True,monsoon,False,,0.0,,0.3021,0.5154
H004,suite,2026-06-06,5,True,monsoon,False,,0.0,,0.3021,0.4906
H004,standard,2026-06-07,6,True,monsoon,False,,0.0,,0.4766,0.7278
H004,deluxe,2026-06-07,6,True,monsoon,False,,0.0,,0.4766,0.7166
H004,premium,2026-06-07,6,True,monsoon,False,,0.0,,0.4766,0.6979
H004,suite,2026-06-07,6,True,monsoon,False,,0.0,,0.4766,0.6642
H004,standard,2026-06-08,0,False,monsoon,False,,0.0,,0.4105,0.5508
H004,deluxe,2026-06-08,0,False,monsoon,False,,0.0,,0.4105,0.5423
H004,premium,2026-06-08,0,False,monsoon,False,,0.0,,0.4105,0.5282
H004,suite,2026-06-08,0,False,monsoon,False,,0.0,,0.4105,0.5027
H004,standard,2026-06-09,1,False,monsoon,False,,0.0,,0.2314,0.7659
H004,deluxe,2026-06-09,1,False,monsoon,False,,0.0,,0.2314,0.7541
H004,premium,2026-06-09,1,False,monsoon,False,,0.0,,0.2314,0.7344
H004,suite,2026-06-09,1,False,monsoon,False,,0.0,,0.2314,0.699
H004,standard,2026-06-10,2,False,monsoon,False,,0.0,,0.3305,0.7055
H004,deluxe,2026-06-10,2,False,monsoon,False,,0.0,,0.3305,0.6946
H004,premium,2026-06-10,2,False,monsoon,False,,0.0,,0.3305,0.6765
H004,suite,2026-06-10,2,False,monsoon,False,,0.0,,0.3305,0.6439
H004,standard,2026-06-11,3,False,monsoon,False,,0.0,,0.3961,0.5664
H004,deluxe,2026-06-11,3,False,monsoon,False,,0.0,,0.3961,0.5576
H004,premium,2026-06-11,3,False,monsoon,False,,0.0,,0.3961,0.5431
H004,suite,2026-06-11,3,False,monsoon,False,,0.0,,0.3961,0.5169
H004,standard,2026-06-12,4,False,monsoon,False,,0.0,,0.2871,0.8327
H004,deluxe,2026-06-12,4,False,monsoon,False,,0.0,,0.2871,0.8198
H004,premium,2026-06-12,4,False,monsoon,False,,0.0,,0.2871,0.7984
H004,suite,2026-06-12,4,False,monsoon,False,,0.0,,0.2871,0.76
H004,standard,2026-06-13,5,True,monsoon,False,,0.0,,0.301,1.0
H004,deluxe,2026-06-13,5,True,monsoon,False,,0.0,,0.301,1.0
H004,premium,2026-06-13,5,True,monsoon,False,,0.0,,0.301,1.0
H004,suite,2026-06-13,5,True,monsoon,False,,0.0,,0.301,1.0
H004,standard,2026-06-14,6,True,monsoon,False,,0.0,,0.2479,0.8153
H004,deluxe,2026-06-14,6,True,monsoon,False,,0.0,,0.2479,0.8027
H004,premium,2026-06-14,6,True,monsoon,False,,0.0,,0.2479,0.7818
H004,suite,2026-06-14,6,True,monsoon,False,,0.0,,0.2479,0.7441
H004,standard,2026-06-15,0,False,monsoon,False,,0.0,,0.3545,0.5536
H004,deluxe,2026-06-15,0,False,monsoon,False,,0.0,,0.3545,0.5451
H004,premium,2026-06-15,0,False,monsoon,False,,0.0,,0.3545,0.5309
H004,suite,2026-06-15,0,False,monsoon,False,,0.0,,0.3545,0.5053
H004,standard,2026-06-16,1,False,monsoon,False,,0.0,,0.3461,0.2427
H004,deluxe,2026-06-16,1,False,monsoon,False,,0.0,,0.3461,0.239
H004,premium,2026-06-16,1,False,monsoon,False,,0.0,,0.3461,0.2327
H004,suite,2026-06-16,1,False,monsoon,False,,0.0,,0.3461,0.2215
H004,standard,2026-06-17,2,False,monsoon,False,,0.0,,0.2882,0.537
H004,deluxe,2026-06-17,2,False,monsoon,False,,0.0,,0.2882,0.5288
H004,premium,2026-06-17,2,False,monsoon,False,,0.0,,0.2882,0.515
H004,suite,2026-06-17,2,False,monsoon,False,,0.0,,0.2882,0.4901
H004,standard,2026-06-18,3,False,monsoon,False,,0.0,,0.3431,0.3948
H004,deluxe,2026-06-18,3,False,monsoon,False,,0.0,,0.3431,0.3887
H004,premium,2026-06-18,3,False,monsoon,False,,0.0,,0.3431,0.3786
H004,suite,2026-06-18,3,False,monsoon,False,,0.0,,0.3431,0.3603
H004,standard,2026-06-19,4,False,monsoon,False,,0.0,,0.3384,0.2674
H004,deluxe,2026-06-19,4,False,monsoon,False,,0.0,,0.3384,0.2632
H004,premium,2026-06-19,4,False,monsoon,False,,0.0,,0.3384,0.2564
H004,suite,2026-06-19,4,False,monsoon,False,,0.0,,0.3384,0.244
H004,standard,2026-06-20,5,True,monsoon,False,,0.0,,0.362,0.6548
H004,deluxe,2026-06-20,5,True,monsoon,False,,0.0,,0.362,0.6447
H004,premium,2026-06-20,5,True,monsoon,False,,0.0,,0.362,0.6279
H004,suite,2026-06-20,5,True,monsoon,False,,0.0,,0.362,0.5976
H004,standard,2026-06-21,6,True,monsoon,False,,0.0,,0.4825,0.6999
H004,deluxe,2026-06-21,6,True,monsoon,False,,0.0,,0.4825,0.6891
H004,premium,2026-06-21,6,True,monsoon,False,,0.0,,0.4825,0.6711
H004,suite,2026-06-21,6,True,monsoon,False,,0.0,,0.4825,0.6387
H004,standard,2026-06-22,0,False,monsoon,False,,0.0,,0.2973,0.4646
H004,deluxe,2026-06-22,0,False,monsoon,False,,0.0,,0.2973,0.4575
H004,premium,2026-06-22,0,False,monsoon,False,,0.0,,0.2973,0.4455
H004,suite,2026-06-22,0,False,monsoon,False,,0.0,,0.2973,0.4241
H004,standard,2026-06-23,1,False,monsoon,False,,0.0,,0.3505,0.3226
H004,deluxe,2026-06-23,1,False,monsoon,False,,0.0,,0.3505,0.3176
H004,premium,2026-06-23,1,False,monsoon,False,,0.0,,0.3505,0.3093
H004,suite,2026-06-23,1,False,monsoon,False,,0.0,,0.3505,0.2944
H004,standard,2026-06-24,2,False,monsoon,False,,0.0,,0.3509,0.4375
H004,deluxe,2026-06-24,2,False,monsoon,False,,0.0,,0.3509,0.4308
H004,premium,2026-06-24,2,False,monsoon,False,,0.0,,0.3509,0.4196
H004,suite,2026-06-24,2,False,monsoon,False,,0.0,,0.3509,0.3993
H004,standard,2026-06-25,3,False,monsoon,False,,0.0,,0.1693,0.3415
H004,deluxe,2026-06-25,3,False,monsoon,False,,0.0,,0.1693,0.3363
H004,premium,2026-06-25,3,False,monsoon,False,,0.0,,0.1693,0.3275
H004,suite,2026-06-25,3,False,monsoon,False,,0.0,,0.1693,0.3117
H004,standard,2026-06-26,4,False,monsoon,False,,0.0,,0.2975,0.5792
H004,deluxe,2026-06-26,4,False,monsoon,False,,0.0,,0.2975,0.5703
H004,premium,2026-06-26,4,False,monsoon,False,,0.0,,0.2975,0.5554
H004,suite,2026-06-26,4,False,monsoon,False,,0.0,,0.2975,0.5286
H004,standard,2026-06-27,5,True,monsoon,False,,0.0,,0.2866,0.5327
H004,deluxe,2026-06-27,5,True,monsoon,False,,0.0,,0.2866,0.5245
H004,premium,2026-06-27,5,True,monsoon,False,,0.0,,0.2866,0.5108
H004,suite,2026-06-27,5,True,monsoon,False,,0.0,,0.2866,0.4862
H004,standard,2026-06-28,6,True,monsoon,False,,0.0,,0.2736,0.6248
H004,deluxe,2026-06-28,6,True,monsoon,False,,0.0,,0.2736,0.6151
H004,premium,2026-06-28,6,True,monsoon,False,,0.0,,0.2736,0.5991
H004,suite,2026-06-28,6,True,monsoon,False,,0.0,,0.2736,0.5702
H004,standard,2026-06-29,0,False,monsoon,False,,0.0,,0.3602,0.2677
H004,deluxe,2026-06-29,0,False,monsoon,False,,0.0,,0.3602,0.2636
H004,premium,2026-06-29,0,False,monsoon,False,,0.0,,0.3602,0.2567
H004,suite,2026-06-29,0,False,monsoon,False,,0.0,,0.3602,0.2443
H004,standard,2026-06-30,1,False,monsoon,False,,0.0,,0.3794,0.3649
H004,deluxe,2026-06-30,1,False,monsoon,False,,0.0,,0.3794,0.3593
H004,premium,2026-06-30,1,False,monsoon,False,,0.0,,0.3794,0.3499
H004,suite,2026-06-30,1,False,monsoon,False,,0.0,,0.3794,0.333
H004,standard,2026-07-01,2,False,monsoon,False,,0.0,,0.2587,0.6746
H004,deluxe,2026-07-01,2,False,monsoon,False,,0.0,,0.2587,0.6642
H004,premium,2026-07-01,2,False,monsoon,False,,0.0,,0.2587,0.6469
H004,suite,2026-07-01,2,False,monsoon,False,,0.0,,0.2587,0.6157
H004,standard,2026-07-02,3,False,monsoon,False,,0.0,,0.2466,0.647
H004,deluxe,2026-07-02,3,False,monsoon,False,,0.0,,0.2466,0.637
H004,premium,2026-07-02,3,False,monsoon,False,,0.0,,0.2466,0.6204
H004,suite,2026-07-02,3,False,monsoon,False,,0.0,,0.2466,0.5905
H004,standard,2026-07-03,4,False,monsoon,False,,0.0,,0.2879,0.6999
H004,deluxe,2026-07-03,4,False,monsoon,False,,0.0,,0.2879,0.6891
H004,premium,2026-07-03,4,False,monsoon,False,,0.0,,0.2879,0.6711
H004,suite,2026-07-03,4,False,monsoon,False,,0.0,,0.2879,0.6387
H004,standard,2026-07-04,5,True,monsoon,False,,0.0,,0.3904,0.6514
H004,deluxe,2026-07-04,5,True,monsoon,False,,0.0,,0.3904,0.6414
H004,premium,2026-07-04,5,True,monsoon,False,,0.0,,0.3904,0.6246
H004,suite,2026-07-04,5,True,monsoon,False,,0.0,,0.3904,0.5945
H004,standard,2026-07-05,6,True,monsoon,False,,0.0,,0.3122,0.2146
H004,deluxe,2026-07-05,6,True,monsoon,False,,0.0,,0.3122,0.2113
H004,premium,2026-07-05,6,True,monsoon,False,,0.0,,0.3122,0.2057
H004,suite,2026-07-05,6,True,monsoon,False,,0.0,,0.3122,0.1958
H004,standard,2026-07-06,0,False,monsoon,False,,0.0,,0.2926,0.5251
H004,deluxe,2026-07-06,0,False,monsoon,False,,0.0,,0.2926,0.517
H004,premium,2026-07-06,0,False,monsoon,False,,0.0,,0.2926,0.5036
H004,suite,2026-07-06,0,False,monsoon,False,,0.0,,0.2926,0.4793
H004,standard,2026-07-07,1,False,monsoon,False,,0.0,,0.3465,0.4593
H004,deluxe,2026-07-07,1,False,monsoon,False,,0.0,,0.3465,0.4522
H004,premium,2026-07-07,1,False,monsoon,False,,0.0,,0.3465,0.4404
H004,suite,2026-07-07,1,False,monsoon,False,,0.0,,0.3465,0.4192
H004,standard,2026-07-08,2,False,monsoon,False,,0.0,,0.2954,0.3254
H004,deluxe,2026-07-08,2,False,monsoon,False,,0.0,,0.2954,0.3204
H004,premium,2026-07-08,2,False,monsoon,False,,0.0,,0.2954,0.312
H004,suite,2026-07-08,2,False,monsoon,False,,0.0,,0.2954,0.297
H004,standard,2026-07-09,3,False,monsoon,False,,0.0,,0.4164,0.9343
H004,deluxe,2026-07-09,3,False,monsoon,False,,0.0,,0.4164,0.9199
H004,premium,2026-07-09,3,False,monsoon,False,,0.0,,0.4164,0.8959
H004,suite,2026-07-09,3,False,monsoon,False,,0.0,,0.4164,0.8527
H004,standard,2026-07-10,4,False,monsoon,False,,0.0,,0.1839,0.8969
H004,deluxe,2026-07-10,4,False,monsoon,False,,0.0,,0.1839,0.8831
H004,premium,2026-07-10,4,False,monsoon,False,,0.0,,0.1839,0.86
H004,suite,2026-07-10,4,False,monsoon,False,,0.0,,0.1839,0.8186
H004,standard,2026-07-11,5,True,monsoon,False,,0.0,,0.2465,0.6816
H004,deluxe,2026-07-11,5,True,monsoon,False,,0.0,,0.2465,0.6711
H004,premium,2026-07-11,5,True,monsoon,False,,0.0,,0.2465,0.6536
H004,suite,2026-07-11,5,True,monsoon,False,,0.0,,0.2465,0.6221
H004,standard,2026-07-12,6,True,monsoon,False,,0.0,,0.3197,0.4861
H004,deluxe,2026-07-12,6,True,monsoon,False,,0.0,,0.3197,0.4786
H004,premium,2026-07-12,6,True,monsoon,False,,0.0,,0.3197,0.4661
H004,suite,2026-07-12,6,True,monsoon,False,,0.0,,0.3197,0.4437
H004,standard,2026-07-13,0,False,monsoon,False,,0.0,,0.3775,0.4607
H004,deluxe,2026-07-13,0,False,monsoon,False,,0.0,,0.3775,0.4536
H004,premium,2026-07-13,0,False,monsoon,False,,0.0,,0.3775,0.4417
H004,suite,2026-07-13,0,False,monsoon,False,,0.0,,0.3775,0.4204
H004,standard,2026-07-14,1,False,monsoon,False,,0.0,,0.2837,0.4751
H004,deluxe,2026-07-14,1,False,monsoon,False,,0.0,,0.2837,0.4678
H004,premium,2026-07-14,1,False,monsoon,False,,0.0,,0.2837,0.4556
H004,suite,2026-07-14,1,False,monsoon,False,,0.0,,0.2837,0.4336
H004,standard,2026-07-15,2,False,monsoon,False,,0.0,,0.2487,0.1795
H004,deluxe,2026-07-15,2,False,monsoon,False,,0.0,,0.2487,0.1768
H004,premium,2026-07-15,2,False,monsoon,False,,0.0,,0.2487,0.1721
H004,suite,2026-07-15,2,False,monsoon,False,,0.0,,0.2487,0.1638
H004,standard,2026-07-16,3,False,monsoon,False,,0.0,,0.3313,0.6104
H004,deluxe,2026-07-16,3,False,monsoon,False,,0.0,,0.3313,0.601
H004,premium,2026-07-16,3,False,monsoon,False,,0.0,,0.3313,0.5853
H004,suite,2026-07-16,3,False,monsoon,False,,0.0,,0.3313,0.5571
H004,standard,2026-07-17,4,False,monsoon,False,,0.0,,0.1855,0.6091
H004,deluxe,2026-07-17,4,False,monsoon,False,,0.0,,0.1855,0.5997
H004,premium,2026-07-17,4,False,monsoon,False,,0.0,,0.1855,0.5841
H004,suite,2026-07-17,4,False,monsoon,False,,0.0,,0.1855,0.5559
H004,standard,2026-07-18,5,True,monsoon,False,,0.0,,0.3627,0.6631
H004,deluxe,2026-07-18,5,True,monsoon,False,,0.0,,0.3627,0.6529
H004,premium,2026-07-18,5,True,monsoon,False,,0.0,,0.3627,0.6358
H004,suite,2026-07-18,5,True,monsoon,False,,0.0,,0.3627,0.6052
H004,standard,2026-07-19,6,True,monsoon,False,,0.0,,0.3094,0.4498
H004,deluxe,2026-07-19,6,True,monsoon,False,,0.0,,0.3094,0.4429
H004,premium,2026-07-19,6,True,monsoon,False,,0.0,,0.3094,0.4313
H004,suite,2026-07-19,6,True,monsoon,False,,0.0,,0.3094,0.4105
H004,standard,2026-07-20,0,False,monsoon,False,,0.0,,0.1739,0.4873
H004,deluxe,2026-07-20,0,False,monsoon,False,,0.0,,0.1739,0.4798
H004,premium,2026-07-20,0,False,monsoon,False,,0.0,,0.1739,0.4673
H004,suite,2026-07-20,0,False,monsoon,False,,0.0,,0.1739,0.4447
H004,standard,2026-07-21,1,False,monsoon,False,,0.0,,0.3809,0.5085
H004,deluxe,2026-07-21,1,False,monsoon,False,,0.0,,0.3809,0.5007
H004,premium,2026-07-21,1,False,monsoon,False,,0.0,,0.3809,0.4876
H004,suite,2026-07-21,1,False,monsoon,False,,0.0,,0.3809,0.4641
H004,standard,2026-07-22,2,False,monsoon,False,,0.0,,0.2546,0.4756
H004,deluxe,2026-07-22,2,False,monsoon,False,,0.0,,0.2546,0.4683
H004,premium,2026-07-22,2,False,monsoon,False,,0.0,,0.2546,0.4561
H004,suite,2026-07-22,2,False,monsoon,False,,0.0,,0.2546,0.4341
H004,standard,2026-07-23,3,False,monsoon,False,,0.0,,0.3232,0.3746
H004,deluxe,2026-07-23,3,False,monsoon,False,,0.0,,0.3232,0.3688
H004,premium,2026-07-23,3,False,monsoon,False,,0.0,,0.3232,0.3592
H004,suite,2026-07-23,3,False,monsoon,False,,0.0,,0.3232,0.3419
H004,standard,2026-07-24,4,False,monsoon,False,,0.0,,0.3115,0.7695
H004,deluxe,2026-07-24,4,False,monsoon,False,,0.0,,0.3115,0.7576
H004,premium,2026-07-24,4,False,monsoon,False,,0.0,,0.3115,0.7379
H004,suite,2026-07-24,4,False,monsoon,False,,0.0,,0.3115,0.7023
H004,standard,2026-07-25,5,True,monsoon,False,,0.0,,0.3396,0.7148
H004,deluxe,2026-07-25,5,True,monsoon,False,,0.0,,0.3396,0.7038
H004,premium,2026-07-25,5,True,monsoon,False,,0.0,,0.3396,0.6854
H004,suite,2026-07-25,5,True,monsoon,False,,0.0,,0.3396,0.6524
H004,standard,2026-07-26,6,True,monsoon,False,,0.0,,0.2988,0.5465
H004,deluxe,2026-07-26,6,True,monsoon,False,,0.0,,0.2988,0.5381
H004,premium,2026-07-26,6,True,monsoon,False,,0.0,,0.2988,0.524
H004,suite,2026-07-26,6,True,monsoon,False,,0.0,,0.2988,0.4988
H004,standard,2026-07-27,0,False,monsoon,False,,0.0,,0.3439,0.6055
H004,deluxe,2026-07-27,0,False,monsoon,False,,0.0,,0.3439,0.5962
H004,premium,2026-07-27,0,False,monsoon,False,,0.0,,0.3439,0.5806
H004,suite,2026-07-27,0,False,monsoon,False,,0.0,,0.3439,0.5526
H004,standard,2026-07-28,1,False,monsoon,False,,0.0,,0.2793,0.6374
H004,deluxe,2026-07-28,1,False,monsoon,False,,0.0,,0.2793,0.6276
H004,premium,2026-07-28,1,False,monsoon,False,,0.0,,0.2793,0.6112
H004,suite,2026-07-28,1,False,monsoon,False,,0.0,,0.2793,0.5817
H004,standard,2026-07-29,2,False,monsoon,False,,0.0,,0.1643,0.2968
H004,deluxe,2026-07-29,2,False,monsoon,False,,0.0,,0.1643,0.2922
H004,premium,2026-07-29,2,False,monsoon,False,,0.0,,0.1643,0.2846
H004,suite,2026-07-29,2,False,monsoon,False,,0.0,,0.1643,0.2709
H004,standard,2026-07-30,3,False,monsoon,False,,0.0,,0.2465,0.7205
H004,deluxe,2026-07-30,3,False,monsoon,False,,0.0,,0.2465,0.7094
H004,premium,2026-07-30,3,False,monsoon,False,,0.0,,0.2465,0.6909
H004,suite,2026-07-30,3,False,monsoon,False,,0.0,,0.2465,0.6576
H004,standard,2026-07-31,4,False,monsoon,False,,0.0,,0.4148,0.6701
H004,deluxe,2026-07-31,4,False,monsoon,False,,0.0,,0.4148,0.6598
H004,premium,2026-07-31,4,False,monsoon,False,,0.0,,0.4148,0.6425
H004,suite,2026-07-31,4,False,monsoon,False,,0.0,,0.4148,0.6116
H004,standard,2026-08-01,5,True,monsoon,False,,0.0,,0.2223,0.5669
H004,deluxe,2026-08-01,5,True,monsoon,False,,0.0,,0.2223,0.5582
H004,premium,2026-08-01,5,True,monsoon,False,,0.0,,0.2223,0.5436
H004,suite,2026-08-01,5,True,monsoon,False,,0.0,,0.2223,0.5174
H004,standard,2026-08-02,6,True,monsoon,False,,0.0,,0.3598,0.5073
H004,deluxe,2026-08-02,6,True,monsoon,False,,0.0,,0.3598,0.4994
H004,premium,2026-08-02,6,True,monsoon,False,,0.0,,0.3598,0.4864
H004,suite,2026-08-02,6,True,monsoon,False,,0.0,,0.3598,0.463
H004,standard,2026-08-03,0,False,monsoon,False,,0.0,,0.3003,0.5128
H004,deluxe,2026-08-03,0,False,monsoon,False,,0.0,,0.3003,0.5048
H004,premium,2026-08-03,0,False,monsoon,False,,0.0,,0.3003,0.4917
H004,suite,2026-08-03,0,False,monsoon,False,,0.0,,0.3003,0.468
H004,standard,2026-08-04,1,False,monsoon,False,,0.0,,0.4727,0.2573
H004,deluxe,2026-08-04,1,False,monsoon,False,,0.0,,0.4727,0.2533
H004,premium,2026-08-04,1,False,monsoon,False,,0.0,,0.4727,0.2467
H004,suite,2026-08-04,1,False,monsoon,False,,0.0,,0.4727,0.2348
H004,standard,2026-08-05,2,False,monsoon,False,,0.0,,0.368,0.5667
H004,deluxe,2026-08-05,2,False,monsoon,False,,0.0,,0.368,0.558
H004,premium,2026-08-05,2,False,monsoon,False,,0.0,,0.368,0.5434
H004,suite,2026-08-05,2,False,monsoon,False,,0.0,,0.368,0.5172
H004,standard,2026-08-06,3,False,monsoon,False,,0.0,,0.2303,0.4087
H004,deluxe,2026-08-06,3,False,monsoon,False,,0.0,,0.2303,0.4024
H004,premium,2026-08-06,3,False,monsoon,False,,0.0,,0.2303,0.3919
H004,suite,2026-08-06,3,False,monsoon,False,,0.0,,0.2303,0.373
H004,standard,2026-08-07,4,False,monsoon,False,,0.0,,0.4571,0.5303
H004,deluxe,2026-08-07,4,False,monsoon,False,,0.0,,0.4571,0.5221
H004,premium,2026-08-07,4,False,monsoon,False,,0.0,,0.4571,0.5085
H004,suite,2026-08-07,4,False,monsoon,False,,0.0,,0.4571,0.484
H004,standard,2026-08-08,5,True,monsoon,False,,0.0,,0.2097,0.6164
H004,deluxe,2026-08-08,5,True,monsoon,False,,0.0,,0.2097,0.6069
H004,premium,2026-08-08,5,True,monsoon,False,,0.0,,0.2097,0.591
H004,suite,2026-08-08,5,True,monsoon,False,,0.0,,0.2097,0.5625
H004,standard,2026-08-09,6,True,monsoon,False,,0.0,,0.2491,0.5165
H004,deluxe,2026-08-09,6,True,monsoon,False,,0.0,,0.2491,0.5085
H004,premium,2026-08-09,6,True,monsoon,False,,0.0,,0.2491,0.4953
H004,suite,2026-08-09,6,True,monsoon,False,,0.0,,0.2491,0.4714
H004,standard,2026-08-10,0,False,monsoon,False,,0.0,,0.3573,0.4813
H004,deluxe,2026-08-10,0,False,monsoon,False,,0.0,,0.3573,0.4739
H004,premium,2026-08-10,0,False,monsoon,False,,0.0,,0.3573,0.4616
H004,suite,2026-08-10,0,False,monsoon,False,,0.0,,0.3573,0.4393
H004,standard,2026-08-11,1,False,monsoon,False,,0.0,,0.2883,0.7465
H004,deluxe,2026-08-11,1,False,monsoon,False,,0.0,,0.2883,0.735
H004,premium,2026-08-11,1,False,monsoon,False,,0.0,,0.2883,0.7158
H004,suite,2026-08-11,1,False,monsoon,False,,0.0,,0.2883,0.6813
H004,standard,2026-08-12,2,False,monsoon,False,,0.0,,0.3371,0.5161
H004,deluxe,2026-08-12,2,False,monsoon,False,,0.0,,0.3371,0.5082
H004,premium,2026-08-12,2,False,monsoon,False,,0.0,,0.3371,0.4949
H004,suite,2026-08-12,2,False,monsoon,False,,0.0,,0.3371,0.4711
H004,standard,2026-08-13,3,False,monsoon,False,,0.0,,0.4654,0.7617
H004,deluxe,2026-08-13,3,False,monsoon,False,,0.0,,0.4654,0.7499
H004,premium,2026-08-13,3,False,monsoon,False,,0.0,,0.4654,0.7304
H004,suite,2026-08-13,3,False,monsoon,False,,0.0,,0.4654,0.6951
H004,standard,2026-08-14,4,False,monsoon,False,,0.0,,0.2738,0.5248
H004,deluxe,2026-08-14,4,False,monsoon,False,,0.0,,0.2738,0.5167
H004,premium,2026-08-14,4,False,monsoon,False,,0.0,,0.2738,0.5032
H004,suite,2026-08-14,4,False,monsoon,False,,0.0,,0.2738,0.479
H004,standard,2026-08-15,5,True,monsoon,True,Independence Day,0.0,,0.2157,0.8544
H004,deluxe,2026-08-15,5,True,monsoon,True,Independence Day,0.0,,0.2157,0.8412
H004,premium,2026-08-15,5,True,monsoon,True,Independence Day,0.0,,0.2157,0.8193
H004,suite,2026-08-15,5,True,monsoon,True,Independence Day,0.0,,0.2157,0.7798
H004,standard,2026-08-16,6,True,monsoon,False,,0.0,,0.3768,0.6676
H004,deluxe,2026-08-16,6,True,monsoon,False,,0.0,,0.3768,0.6573
H004,premium,2026-08-16,6,True,monsoon,False,,0.0,,0.3768,0.6402
H004,suite,2026-08-16,6,True,monsoon,False,,0.0,,0.3768,0.6093
H004,standard,2026-08-17,0,False,monsoon,False,,0.0,,0.4292,0.2547
H004,deluxe,2026-08-17,0,False,monsoon,False,,0.0,,0.4292,0.2508
H004,premium,2026-08-17,0,False,monsoon,False,,0.0,,0.4292,0.2443
H004,suite,2026-08-17,0,False,monsoon,False,,0.0,,0.4292,0.2325
H004,standard,2026-08-18,1,False,monsoon,False,,0.0,,0.2913,0.5818
H004,deluxe,2026-08-18,1,False,monsoon,False,,0.0,,0.2913,0.5728
H004,premium,2026-08-18,1,False,monsoon,False,,0.0,,0.2913,0.5579
H004,suite,2026-08-18,1,False,monsoon,False,,0.0,,0.2913,0.531
H004,standard,2026-08-19,2,False,monsoon,False,,0.0,,0.2765,0.5318
H004,deluxe,2026-08-19,2,False,monsoon,False,,0.0,,0.2765,0.5236
H004,premium,2026-08-19,2,False,monsoon,False,,0.0,,0.2765,0.5099
H004,suite,2026-08-19,2,False,monsoon,False,,0.0,,0.2765,0.4853
H004,standard,2026-08-20,3,False,monsoon,False,,0.0,,0.2707,0.7911
H004,deluxe,2026-08-20,3,False,monsoon,False,,0.0,,0.2707,0.7789
H004,premium,2026-08-20,3,False,monsoon,False,,0.0,,0.2707,0.7586
H004,suite,2026-08-20,3,False,monsoon,False,,0.0,,0.2707,0.722
H004,standard,2026-08-21,4,False,monsoon,False,,0.0,,0.3043,0.7654
H004,deluxe,2026-08-21,4,False,monsoon,False,,0.0,,0.3043,0.7536
H004,premium,2026-08-21,4,False,monsoon,False,,0.0,,0.3043,0.7339
H004,suite,2026-08-21,4,False,monsoon,False,,0.0,,0.3043,0.6985
H004,standard,2026-08-22,5,True,monsoon,False,,0.0,,0.3774,0.7833
H004,deluxe,2026-08-22,5,True,monsoon,False,,0.0,,0.3774,0.7712
H004,premium,2026-08-22,5,True,monsoon,False,,0.0,,0.3774,0.7511
H004,suite,2026-08-22,5,True,monsoon,False,,0.0,,0.3774,0.7149
H004,standard,2026-08-23,6,True,monsoon,False,,0.0,,0.2578,0.6555
H004,deluxe,2026-08-23,6,True,monsoon,False,,0.0,,0.2578,0.6454
H004,premium,2026-08-23,6,True,monsoon,False,,0.0,,0.2578,0.6285
H004,suite,2026-08-23,6,True,monsoon,False,,0.0,,0.2578,0.5982
H004,standard,2026-08-24,0,False,monsoon,False,,0.0,,0.2845,0.425
H004,deluxe,2026-08-24,0,False,monsoon,False,,0.0,,0.2845,0.4185
H004,premium,2026-08-24,0,False,monsoon,False,,0.0,,0.2845,0.4076
H004,suite,2026-08-24,0,False,monsoon,False,,0.0,,0.2845,0.3879
H005,standard,2025-08-25,0,False,monsoon,False,,0.0,,0.6785,0.5601
H005,deluxe,2025-08-25,0,False,monsoon,False,,0.0,,0.6785,0.5514
H005,premium,2025-08-25,0,False,monsoon,False,,0.0,,0.6785,0.537
H005,suite,2025-08-25,0,False,monsoon,False,,0.0,,0.6785,0.5111
H005,standard,2025-08-26,1,False,monsoon,False,,0.0,,0.6061,0.6973
H005,deluxe,2025-08-26,1,False,monsoon,False,,0.0,,0.6061,0.6865
H005,premium,2025-08-26,1,False,monsoon,False,,0.0,,0.6061,0.6686
H005,suite,2025-08-26,1,False,monsoon,False,,0.0,,0.6061,0.6364
H005,standard,2025-08-27,2,False,monsoon,True,Ganesh Chaturthi,0.0,,0.4735,0.7709
H005,deluxe,2025-08-27,2,False,monsoon,True,Ganesh Chaturthi,0.0,,0.4735,0.759
H005,premium,2025-08-27,2,False,monsoon,True,Ganesh Chaturthi,0.0,,0.4735,0.7392
H005,suite,2025-08-27,2,False,monsoon,True,Ganesh Chaturthi,0.0,,0.4735,0.7036
H005,standard,2025-08-28,3,False,monsoon,False,,0.0,,0.6557,0.5063
H005,deluxe,2025-08-28,3,False,monsoon,False,,0.0,,0.6557,0.4985
H005,premium,2025-08-28,3,False,monsoon,False,,0.0,,0.6557,0.4855
H005,suite,2025-08-28,3,False,monsoon,False,,0.0,,0.6557,0.4621
H005,standard,2025-08-29,4,False,monsoon,False,,0.0,,0.5537,1.0
H005,deluxe,2025-08-29,4,False,monsoon,False,,0.0,,0.5537,1.0
H005,premium,2025-08-29,4,False,monsoon,False,,0.0,,0.5537,1.0
H005,suite,2025-08-29,4,False,monsoon,False,,0.0,,0.5537,1.0
H005,standard,2025-08-30,5,True,monsoon,False,,0.0,,0.5645,1.0
H005,deluxe,2025-08-30,5,True,monsoon,False,,0.0,,0.5645,1.0
H005,premium,2025-08-30,5,True,monsoon,False,,0.0,,0.5645,1.0
H005,suite,2025-08-30,5,True,monsoon,False,,0.0,,0.5645,1.0
H005,standard,2025-08-31,6,True,monsoon,False,,0.0,,0.5582,0.6816
H005,deluxe,2025-08-31,6,True,monsoon,False,,0.0,,0.5582,0.6711
H005,premium,2025-08-31,6,True,monsoon,False,,0.0,,0.5582,0.6536
H005,suite,2025-08-31,6,True,monsoon,False,,0.0,,0.5582,0.6221
H005,standard,2025-09-01,0,False,monsoon,False,,0.0,,0.5914,0.7586
H005,deluxe,2025-09-01,0,False,monsoon,False,,0.0,,0.5914,0.7469
H005,premium,2025-09-01,0,False,monsoon,False,,0.0,,0.5914,0.7274
H005,suite,2025-09-01,0,False,monsoon,False,,0.0,,0.5914,0.6924
H005,standard,2025-09-02,1,False,monsoon,False,,0.0,,0.5784,0.4925
H005,deluxe,2025-09-02,1,False,monsoon,False,,0.0,,0.5784,0.485
H005,premium,2025-09-02,1,False,monsoon,False,,0.0,,0.5784,0.4723
H005,suite,2025-09-02,1,False,monsoon,False,,0.0,,0.5784,0.4495
H005,standard,2025-09-03,2,False,monsoon,False,,0.0,,0.5468,0.5049
H005,deluxe,2025-09-03,2,False,monsoon,False,,0.0,,0.5468,0.4971
H005,premium,2025-09-03,2,False,monsoon,False,,0.0,,0.5468,0.4842
H005,suite,2025-09-03,2,False,monsoon,False,,0.0,,0.5468,0.4608
H005,standard,2025-09-04,3,False,monsoon,False,,0.0,,0.669,0.4708
H005,deluxe,2025-09-04,3,False,monsoon,False,,0.0,,0.669,0.4636
H005,premium,2025-09-04,3,False,monsoon,False,,0.0,,0.669,0.4515
H005,suite,2025-09-04,3,False,monsoon,False,,0.0,,0.669,0.4297
H005,standard,2025-09-05,4,False,monsoon,False,,0.0,,0.5876,0.6646
H005,deluxe,2025-09-05,4,False,monsoon,False,,0.0,,0.5876,0.6543
H005,premium,2025-09-05,4,False,monsoon,False,,0.0,,0.5876,0.6373
H005,suite,2025-09-05,4,False,monsoon,False,,0.0,,0.5876,0.6066
H005,standard,2025-09-06,5,True,monsoon,False,,0.0,,0.5624,0.7002
H005,deluxe,2025-09-06,5,True,monsoon,False,,0.0,,0.5624,0.6894
H005,premium,2025-09-06,5,True,monsoon,False,,0.0,,0.5624,0.6714
H005,suite,2025-09-06,5,True,monsoon,False,,0.0,,0.5624,0.6391
H005,standard,2025-09-07,6,True,monsoon,False,,0.0,,0.7699,0.7646
H005,deluxe,2025-09-07,6,True,monsoon,False,,0.0,,0.7699,0.7528
H005,premium,2025-09-07,6,True,monsoon,False,,0.0,,0.7699,0.7332
H005,suite,2025-09-07,6,True,monsoon,False,,0.0,,0.7699,0.6978
H005,standard,2025-09-08,0,False,monsoon,False,,0.0,,0.6345,0.569
H005,deluxe,2025-09-08,0,False,monsoon,False,,0.0,,0.6345,0.5603
H005,premium,2025-09-08,0,False,monsoon,False,,0.0,,0.6345,0.5457
H005,suite,2025-09-08,0,False,monsoon,False,,0.0,,0.6345,0.5194
H005,standard,2025-09-09,1,False,monsoon,False,,0.0,,0.6321,0.7816
H005,deluxe,2025-09-09,1,False,monsoon,False,,0.0,,0.6321,0.7696
H005,premium,2025-09-09,1,False,monsoon,False,,0.0,,0.6321,0.7495
H005,suite,2025-09-09,1,False,monsoon,False,,0.0,,0.6321,0.7134
H005,standard,2025-09-10,2,False,monsoon,False,,0.0,,0.5862,0.4188
H005,deluxe,2025-09-10,2,False,monsoon,False,,0.0,,0.5862,0.4124
H005,premium,2025-09-10,2,False,monsoon,False,,0.0,,0.5862,0.4016
H005,suite,2025-09-10,2,False,monsoon,False,,0.0,,0.5862,0.3823
H005,standard,2025-09-11,3,False,monsoon,False,,0.0,,0.6636,0.5014
H005,deluxe,2025-09-11,3,False,monsoon,False,,0.0,,0.6636,0.4937
H005,premium,2025-09-11,3,False,monsoon,False,,0.0,,0.6636,0.4808
H005,suite,2025-09-11,3,False,monsoon,False,,0.0,,0.6636,0.4576
H005,standard,2025-09-12,4,False,monsoon,False,,0.0,,0.6391,0.9572
H005,deluxe,2025-09-12,4,False,monsoon,False,,0.0,,0.6391,0.9424
H005,premium,2025-09-12,4,False,monsoon,False,,0.0,,0.6391,0.9178
H005,suite,2025-09-12,4,False,monsoon,False,,0.0,,0.6391,0.8736
H005,standard,2025-09-13,5,True,monsoon,False,,0.0,,0.7199,0.7913
H005,deluxe,2025-09-13,5,True,monsoon,False,,0.0,,0.7199,0.7791
H005,premium,2025-09-13,5,True,monsoon,False,,0.0,,0.7199,0.7588
H005,suite,2025-09-13,5,True,monsoon,False,,0.0,,0.7199,0.7222
H005,standard,2025-09-14,6,True,monsoon,False,,0.0,,0.5296,0.9019
H005,deluxe,2025-09-14,6,True,monsoon,False,,0.0,,0.5296,0.888
H005,premium,2025-09-14,6,True,monsoon,False,,0.0,,0.5296,0.8649
H005,suite,2025-09-14,6,True,monsoon,False,,0.0,,0.5296,0.8232
H005,standard,2025-09-15,0,False,monsoon,False,,0.0,,0.6876,0.3012
H005,deluxe,2025-09-15,0,False,monsoon,False,,0.0,,0.6876,0.2966
H005,premium,2025-09-15,0,False,monsoon,False,,0.0,,0.6876,0.2888
H005,suite,2025-09-15,0,False,monsoon,False,,0.0,,0.6876,0.2749
H005,standard,2025-09-16,1,False,monsoon,False,,0.0,,0.5377,0.8461
H005,deluxe,2025-09-16,1,False,monsoon,False,,0.0,,0.5377,0.8331
H005,premium,2025-09-16,1,False,monsoon,False,,0.0,,0.5377,0.8113
H005,suite,2025-09-16,1,False,monsoon,False,,0.0,,0.5377,0.7722
H005,standard,2025-09-17,2,False,monsoon,False,,0.0,,0.7326,0.547
H005,deluxe,2025-09-17,2,False,monsoon,False,,0.0,,0.7326,0.5385
H005,premium,2025-09-17,2,False,monsoon,False,,0.0,,0.7326,0.5245
H005,suite,2025-09-17,2,False,monsoon,False,,0.0,,0.7326,0.4992
H005,standard,2025-09-18,3,False,monsoon,False,,0.0,,0.6141,0.7007
H005,deluxe,2025-09-18,3,False,monsoon,False,,0.0,,0.6141,0.6899
H005,premium,2025-09-18,3,False,monsoon,False,,0.0,,0.6141,0.6719
H005,suite,2025-09-18,3,False,monsoon,False,,0.0,,0.6141,0.6395
H005,standard,2025-09-19,4,False,monsoon,False,,0.0,,0.5885,0.9971
H005,deluxe,2025-09-19,4,False,monsoon,False,,0.0,,0.5885,0.9818
H005,premium,2025-09-19,4,False,monsoon,False,,0.0,,0.5885,0.9561
H005,suite,2025-09-19,4,False,monsoon,False,,0.0,,0.5885,0.91
H005,standard,2025-09-20,5,True,monsoon,False,,0.0,,0.636,0.7288
H005,deluxe,2025-09-20,5,True,monsoon,False,,0.0,,0.636,0.7176
H005,premium,2025-09-20,5,True,monsoon,False,,0.0,,0.636,0.6989
H005,suite,2025-09-20,5,True,monsoon,False,,0.0,,0.636,0.6652
H005,standard,2025-09-21,6,True,monsoon,False,,0.0,,0.6033,0.6821
H005,deluxe,2025-09-21,6,True,monsoon,False,,0.0,,0.6033,0.6716
H005,premium,2025-09-21,6,True,monsoon,False,,0.0,,0.6033,0.6541
H005,suite,2025-09-21,6,True,monsoon,False,,0.0,,0.6033,0.6225
H005,standard,2025-09-22,0,False,monsoon,False,,0.0,,0.6867,0.6769
H005,deluxe,2025-09-22,0,False,monsoon,False,,0.0,,0.6867,0.6664
H005,premium,2025-09-22,0,False,monsoon,False,,0.0,,0.6867,0.649
H005,suite,2025-09-22,0,False,monsoon,False,,0.0,,0.6867,0.6177
H005,standard,2025-09-23,1,False,monsoon,False,,0.0,,0.6121,0.2129
H005,deluxe,2025-09-23,1,False,monsoon,False,,0.0,,0.6121,0.2096
H005,premium,2025-09-23,1,False,monsoon,False,,0.0,,0.6121,0.2042
H005,suite,2025-09-23,1,False,monsoon,False,,0.0,,0.6121,0.1943
H005,standard,2025-09-24,2,False,monsoon,False,,0.0,,0.5746,0.6535
H005,deluxe,2025-09-24,2,False,monsoon,False,,0.0,,0.5746,0.6434
H005,premium,2025-09-24,2,False,monsoon,False,,0.0,,0.5746,0.6266
H005,suite,2025-09-24,2,False,monsoon,False,,0.0,,0.5746,0.5964
H005,standard,2025-09-25,3,False,monsoon,False,,0.0,,0.6157,0.456
H005,deluxe,2025-09-25,3,False,monsoon,False,,0.0,,0.6157,0.449
H005,premium,2025-09-25,3,False,monsoon,False,,0.0,,0.6157,0.4372
H005,suite,2025-09-25,3,False,monsoon,False,,0.0,,0.6157,0.4162
H005,standard,2025-09-26,4,False,monsoon,False,,0.0,,0.4931,0.832
H005,deluxe,2025-09-26,4,False,monsoon,False,,0.0,,0.4931,0.8191
H005,premium,2025-09-26,4,False,monsoon,False,,0.0,,0.4931,0.7978
H005,suite,2025-09-26,4,False,monsoon,False,,0.0,,0.4931,0.7593
H005,standard,2025-09-27,5,True,monsoon,False,,0.0,,0.6488,1.0
H005,deluxe,2025-09-27,5,True,monsoon,False,,0.0,,0.6488,1.0
H005,premium,2025-09-27,5,True,monsoon,False,,0.0,,0.6488,1.0
H005,suite,2025-09-27,5,True,monsoon,False,,0.0,,0.6488,0.9756
H005,standard,2025-09-28,6,True,monsoon,False,,0.0,,0.6592,0.9789
H005,deluxe,2025-09-28,6,True,monsoon,False,,0.0,,0.6592,0.9638
H005,premium,2025-09-28,6,True,monsoon,False,,0.0,,0.6592,0.9387
H005,suite,2025-09-28,6,True,monsoon,False,,0.0,,0.6592,0.8934
H005,standard,2025-09-29,0,False,monsoon,False,,0.0,,0.6467,0.4287
H005,deluxe,2025-09-29,0,False,monsoon,False,,0.0,,0.6467,0.422
H005,premium,2025-09-29,0,False,monsoon,False,,0.0,,0.6467,0.411
H005,suite,2025-09-29,0,False,monsoon,False,,0.0,,0.6467,0.3912
H005,standard,2025-09-30,1,False,monsoon,False,,0.0,,0.486,0.5868
H005,deluxe,2025-09-30,1,False,monsoon,False,,0.0,,0.486,0.5778
H005,premium,2025-09-30,1,False,monsoon,False,,0.0,,0.486,0.5627
H005,suite,2025-09-30,1,False,monsoon,False,,0.0,,0.486,0.5356
H005,standard,2025-10-01,2,False,autumn,False,,0.0,,0.9022,0.7905
H005,deluxe,2025-10-01,2,False,autumn,False,,0.0,,0.9022,0.7783
H005,premium,2025-10-01,2,False,autumn,False,,0.0,,0.9022,0.758
H005,suite,2025-10-01,2,False,autumn,False,,0.0,,0.9022,0.7215
H005,standard,2025-10-02,3,False,autumn,True,Dussehra,0.0,,0.8389,0.873
H005,deluxe,2025-10-02,3,False,autumn,True,Dussehra,0.0,,0.8389,0.8595
H005,premium,2025-10-02,3,False,autumn,True,Dussehra,0.0,,0.8389,0.8371
H005,suite,2025-10-02,3,False,autumn,True,Dussehra,0.0,,0.8389,0.7967
H005,standard,2025-10-03,4,False,autumn,False,,0.0,,0.8132,1.0
H005,deluxe,2025-10-03,4,False,autumn,False,,0.0,,0.8132,1.0
H005,premium,2025-10-03,4,False,autumn,False,,0.0,,0.8132,0.9924
H005,suite,2025-10-03,4,False,autumn,False,,0.0,,0.8132,0.9446
H005,standard,2025-10-04,5,True,autumn,False,,0.0,,0.8089,1.0
H005,deluxe,2025-10-04,5,True,autumn,False,,0.0,,0.8089,1.0
H005,premium,2025-10-04,5,True,autumn,False,,0.0,,0.8089,1.0
H005,suite,2025-10-04,5,True,autumn,False,,0.0,,0.8089,1.0
H005,standard,2025-10-05,6,True,autumn,False,,0.0,,0.8554,1.0
H005,deluxe,2025-10-05,6,True,autumn,False,,0.0,,0.8554,1.0
H005,premium,2025-10-05,6,True,autumn,False,,0.0,,0.8554,0.989
H005,suite,2025-10-05,6,True,autumn,False,,0.0,,0.8554,0.9413
H005,standard,2025-10-06,0,False,autumn,False,,0.0,,0.8189,1.0
H005,deluxe,2025-10-06,0,False,autumn,False,,0.0,,0.8189,1.0
H005,premium,2025-10-06,0,False,autumn,False,,0.0,,0.8189,1.0
H005,suite,2025-10-06,0,False,autumn,False,,0.0,,0.8189,1.0
H005,standard,2025-10-07,1,False,autumn,False,,0.0,,0.8675,0.8816
H005,deluxe,2025-10-07,1,False,autumn,False,,0.0,,0.8675,0.868
H005,premium,2025-10-07,1,False,autumn,False,,0.0,,0.8675,0.8454
H005,suite,2025-10-07,1,False,autumn,False,,0.0,,0.8675,0.8046
H005,standard,2025-10-08,2,False,autumn,False,,0.0,,0.9183,0.8376
H005,deluxe,2025-10-08,2,False,autumn,False,,0.0,,0.9183,0.8247
H005,premium,2025-10-08,2,False,autumn,False,,0.0,,0.9183,0.8032
H005,suite,2025-10-08,2,False,autumn,False,,0.0,,0.9183,0.7644
H005,standard,2025-10-09,3,False,autumn,False,,0.0,,0.9263,1.0
H005,deluxe,2025-10-09,3,False,autumn,False,,0.0,,0.9263,1.0
H005,premium,2025-10-09,3,False,autumn,False,,0.0,,0.9263,1.0
H005,suite,2025-10-09,3,False,autumn,False,,0.0,,0.9263,1.0
H005,standard,2025-10-10,4,False,autumn,False,,0.0,,0.9232,0.7567
H005,deluxe,2025-10-10,4,False,autumn,False,,0.0,,0.9232,0.7451
H005,premium,2025-10-10,4,False,autumn,False,,0.0,,0.9232,0.7256
H005,suite,2025-10-10,4,False,autumn,False,,0.0,,0.9232,0.6907
H005,standard,2025-10-11,5,True,autumn,False,,0.0,,0.8827,1.0
H005,deluxe,2025-10-11,5,True,autumn,False,,0.0,,0.8827,1.0
H005,premium,2025-10-11,5,True,autumn,False,,0.0,,0.8827,1.0
H005,suite,2025-10-11,5,True,autumn,False,,0.0,,0.8827,1.0
H005,standard,2025-10-12,6,True,autumn,False,,0.0,,0.8546,0.8711
H005,deluxe,2025-10-12,6,True,autumn,False,,0.0,,0.8546,0.8577
H005,premium,2025-10-12,6,True,autumn,False,,0.0,,0.8546,0.8353
H005,suite,2025-10-12,6,True,autumn,False,,0.0,,0.8546,0.795
H005,standard,2025-10-13,0,False,autumn,False,,0.0,,0.9514,0.5886
H005,deluxe,2025-10-13,0,False,autumn,False,,0.0,,0.9514,0.5795
H005,premium,2025-10-13,0,False,autumn,False,,0.0,,0.9514,0.5644
H005,suite,2025-10-13,0,False,autumn,False,,0.0,,0.9514,0.5372
H005,standard,2025-10-14,1,False,autumn,False,,0.0,,0.6783,0.7147
H005,deluxe,2025-10-14,1,False,autumn,False,,0.0,,0.6783,0.7037
H005,premium,2025-10-14,1,False,autumn,False,,0.0,,0.6783,0.6853
H005,suite,2025-10-14,1,False,autumn,False,,0.0,,0.6783,0.6523
H005,standard,2025-10-15,2,False,autumn,False,,0.0,,0.8272,0.8101
H005,deluxe,2025-10-15,2,False,autumn,False,,0.0,,0.8272,0.7976
H005,premium,2025-10-15,2,False,autumn,False,,0.0,,0.8272,0.7768
H005,suite,2025-10-15,2,False,autumn,False,,0.0,,0.8272,0.7394
H005,standard,2025-10-16,3,False,autumn,False,,0.0,,0.8529,1.0
H005,deluxe,2025-10-16,3,False,autumn,False,,0.0,,0.8529,1.0
H005,premium,2025-10-16,3,False,autumn,False,,0.0,,0.8529,1.0
H005,suite,2025-10-16,3,False,autumn,False,,0.0,,0.8529,1.0
H005,standard,2025-10-17,4,False,autumn,False,,0.0,,1.0,0.8438
H005,deluxe,2025-10-17,4,False,autumn,False,,0.0,,1.0,0.8308
H005,premium,2025-10-17,4,False,autumn,False,,0.0,,1.0,0.8091
H005,suite,2025-10-17,4,False,autumn,False,,0.0,,1.0,0.7701
H005,standard,2025-10-18,5,True,autumn,False,,0.0,,0.8197,0.725
H005,deluxe,2025-10-18,5,True,autumn,False,,0.0,,0.8197,0.7138
H005,premium,2025-10-18,5,True,autumn,False,,0.0,,0.8197,0.6952
H005,suite,2025-10-18,5,True,autumn,False,,0.0,,0.8197,0.6617
H005,standard,2025-10-19,6,True,autumn,False,,0.0,,0.9005,1.0
H005,deluxe,2025-10-19,6,True,autumn,False,,0.0,,0.9005,1.0
H005,premium,2025-10-19,6,True,autumn,False,,0.0,,0.9005,1.0
H005,suite,2025-10-19,6,True,autumn,False,,0.0,,0.9005,1.0
H005,standard,2025-10-20,0,False,autumn,True,Diwali,0.0,,0.7428,0.8287
H005,deluxe,2025-10-20,0,False,autumn,True,Diwali,0.0,,0.7428,0.8159
H005,premium,2025-10-20,0,False,autumn,True,Diwali,0.0,,0.7428,0.7946
H005,suite,2025-10-20,0,False,autumn,True,Diwali,0.0,,0.7428,0.7563
H005,standard,2025-10-21,1,False,autumn,False,,0.0,,0.8386,0.5771
H005,deluxe,2025-10-21,1,False,autumn,False,,0.0,,0.8386,0.5682
H005,premium,2025-10-21,1,False,autumn,False,,0.0,,0.8386,0.5534
H005,suite,2025-10-21,1,False,autumn,False,,0.0,,0.8386,0.5267
H005,standard,2025-10-22,2,False,autumn,False,,0.0,,0.7855,0.8473
H005,deluxe,2025-10-22,2,False,autumn,False,,0.0,,0.7855,0.8342
H005,premium,2025-10-22,2,False,autumn,False,,0.0,,0.7855,0.8124
H005,suite,2025-10-22,2,False,autumn,False,,0.0,,0.7855,0.7733
H005,standard,2025-10-23,3,False,autumn,False,,0.0,,0.9433,1.0
H005,deluxe,2025-10-23,3,False,autumn,False,,0.0,,0.9433,1.0
H005,premium,2025-10-23,3,False,autumn,False,,0.0,,0.9433,1.0
H005,suite,2025-10-23,3,False,autumn,False,,0.0,,0.9433,0.9965
H005,standard,2025-10-24,4,False,autumn,False,,0.0,,0.959,0.9262
H005,deluxe,2025-10-24,4,False,autumn,False,,0.0,,0.959,0.9119
H005,premium,2025-10-24,4,False,autumn,False,,0.0,,0.959,0.8882
H005,suite,2025-10-24,4,False,autumn,False,,0.0,,0.959,0.8453
H005,standard,2025-10-25,5,True,autumn,False,,0.0,,0.8015,1.0
H005,deluxe,2025-10-25,5,True,autumn,False,,0.0,,0.8015,1.0
H005,premium,2025-10-25,5,True,autumn,False,,0.0,,0.8015,1.0
H005,suite,2025-10-25,5,True,autumn,False,,0.0,,0.8015,1.0
H005,standard,2025-10-26,6,True,autumn,False,,0.0,,0.768,0.7955
H005,deluxe,2025-10-26,6,True,autumn,False,,0.0,,0.768,0.7833
H005,premium,2025-10-26,6,True,autumn,False,,0.0,,0.768,0.7628
H005,suite,2025-10-26,6,True,autumn,False,,0.0,,0.768,0.7261
H005,standard,2025-10-27,0,False,autumn,False,,0.0,,0.8977,1.0
H005,deluxe,2025-10-27,0,False,autumn,False,,0.0,,0.8977,1.0
H005,premium,2025-10-27,0,False,autumn,False,,0.0,,0.8977,1.0
H005,suite,2025-10-27,0,False,autumn,False,,0.0,,0.8977,0.9971
H005,standard,2025-10-28,1,False,autumn,False,,0.0,,0.9398,0.3353
H005,deluxe,2025-10-28,1,False,autumn,False,,0.0,,0.9398,0.3302
H005,premium,2025-10-28,1,False,autumn,False,,0.0,,0.9398,0.3216
H005,suite,2025-10-28,1,False,autumn,False,,0.0,,0.9398,0.306
H005,standard,2025-10-29,2,False,autumn,False,,0.0,,0.8804,0.5844
H005,deluxe,2025-10-29,2,False,autumn,False,,0.0,,0.8804,0.5753
H005,premium,2025-10-29,2,False,autumn,False,,0.0,,0.8804,0.5603
H005,suite,2025-10-29,2,False,autumn,False,,0.0,,0.8804,0.5333
H005,standard,2025-10-30,3,False,autumn,False,,0.0,,0.8207,0.7655
H005,deluxe,2025-10-30,3,False,autumn,False,,0.0,,0.8207,0.7537
H005,premium,2025-10-30,3,False,autumn,False,,0.0,,0.8207,0.734
H005,suite,2025-10-30,3,False,autumn,False,,0.0,,0.8207,0.6987
H005,standard,2025-10-31,4,False,autumn,False,,0.0,,0.8164,0.977
H005,deluxe,2025-10-31,4,False,autumn,False,,0.0,,0.8164,0.962
H005,premium,2025-10-31,4,False,autumn,False,,0.0,,0.8164,0.9369
H005,suite,2025-10-31,4,False,autumn,False,,0.0,,0.8164,0.8917
H005,standard,2025-11-01,5,True,autumn,False,,0.0,,0.8146,1.0
H005,deluxe,2025-11-01,5,True,autumn,False,,0.0,,0.8146,1.0
H005,premium,2025-11-01,5,True,autumn,False,,0.0,,0.8146,0.9848
H005,suite,2025-11-01,5,True,autumn,False,,0.0,,0.8146,0.9373
H005,standard,2025-11-02,6,True,autumn,False,,0.0,,0.8933,0.8246
H005,deluxe,2025-11-02,6,True,autumn,False,,0.0,,0.8933,0.8119
H005,premium,2025-11-02,6,True,autumn,False,,0.0,,0.8933,0.7907
H005,suite,2025-11-02,6,True,autumn,False,,0.0,,0.8933,0.7526
H005,standard,2025-11-03,0,False,autumn,False,,0.0,,0.7875,0.8731
H005,deluxe,2025-11-03,0,False,autumn,False,,0.0,,0.7875,0.8596
H005,premium,2025-11-03,0,False,autumn,False,,0.0,,0.7875,0.8372
H005,suite,2025-11-03,0,False,autumn,False,,0.0,,0.7875,0.7968
H005,standard,2025-11-04,1,False,autumn,False,,0.0,,0.8148,1.0
H005,deluxe,2025-11-04,1,False,autumn,False,,0.0,,0.8148,1.0
H005,premium,2025-11-04,1,False,autumn,False,,0.0,,0.8148,0.9919
H005,suite,2025-11-04,1,False,autumn,False,,0.0,,0.8148,0.944
H005,standard,2025-11-05,2,False,autumn,True,Guru Nanak Jayanti,0.0,,0.8097,0.8667
H005,deluxe,2025-11-05,2,False,autumn,True,Guru Nanak Jayanti,0.0,,0.8097,0.8533
H005,premium,2025-11-05,2,False,autumn,True,Guru Nanak Jayanti,0.0,,0.8097,0.831
H005,suite,2025-11-05,2,False,autumn,True,Guru Nanak Jayanti,0.0,,0.8097,0.791
H005,standard,2025-11-06,3,False,autumn,False,,0.0,,0.9267,0.3755
H005,deluxe,2025-11-06,3,False,autumn,False,,0.0,,0.9267,0.3697
H005,premium,2025-11-06,3,False,autumn,False,,0.0,,0.9267,0.3601
H005,suite,2025-11-06,3,False,autumn,False,,0.0,,0.9267,0.3427
H005,standard,2025-11-07,4,False,autumn,False,,0.0,,0.8478,1.0
H005,deluxe,2025-11-07,4,False,autumn,False,,0.0,,0.8478,1.0
H005,premium,2025-11-07,4,False,autumn,False,,0.0,,0.8478,1.0
H005,suite,2025-11-07,4,False,autumn,False,,0.0,,0.8478,1.0
H005,standard,2025-11-08,5,True,autumn,False,,0.0,,1.0,0.7179
H005,deluxe,2025-11-08,5,True,autumn,False,,0.0,,1.0,0.7068
H005,premium,2025-11-08,5,True,autumn,False,,0.0,,1.0,0.6884
H005,suite,2025-11-08,5,True,autumn,False,,0.0,,1.0,0.6552
H005,standard,2025-11-09,6,True,autumn,False,,0.0,,0.8381,1.0
H005,deluxe,2025-11-09,6,True,autumn,False,,0.0,,0.8381,1.0
H005,premium,2025-11-09,6,True,autumn,False,,0.0,,0.8381,1.0
H005,suite,2025-11-09,6,True,autumn,False,,0.0,,0.8381,1.0
H005,standard,2025-11-10,0,False,autumn,False,,0.0,,0.8903,0.5856
H005,deluxe,2025-11-10,0,False,autumn,False,,0.0,,0.8903,0.5766
H005,premium,2025-11-10,0,False,autumn,False,,0.0,,0.8903,0.5616
H005,suite,2025-11-10,0,False,autumn,False,,0.0,,0.8903,0.5345
H005,standard,2025-11-11,1,False,autumn,False,,0.0,,0.9252,0.442
H005,deluxe,2025-11-11,1,False,autumn,False,,0.0,,0.9252,0.4352
H005,premium,2025-11-11,1,False,autumn,False,,0.0,,0.9252,0.4238
H005,suite,2025-11-11,1,False,autumn,False,,0.0,,0.9252,0.4034
H005,standard,2025-11-12,2,False,autumn,False,,0.0,,0.9907,0.6468
H005,deluxe,2025-11-12,2,False,autumn,False,,0.0,,0.9907,0.6369
H005,premium,2025-11-12,2,False,autumn,False,,0.0,,0.9907,0.6203
H005,suite,2025-11-12,2,False,autumn,False,,0.0,,0.9907,0.5904
H005,standard,2025-11-13,3,False,autumn,False,,0.0,,0.872,0.8421
H005,deluxe,2025-11-13,3,False,autumn,False,,0.0,,0.872,0.8291
H005,premium,2025-11-13,3,False,autumn,False,,0.0,,0.872,0.8075
H005,suite,2025-11-13,3,False,autumn,False,,0.0,,0.872,0.7686
H005,standard,2025-11-14,4,False,autumn,False,,0.0,,0.9509,0.5596
H005,deluxe,2025-11-14,4,False,autumn,False,,0.0,,0.9509,0.551
H005,premium,2025-11-14,4,False,autumn,False,,0.0,,0.9509,0.5366
H005,suite,2025-11-14,4,False,autumn,False,,0.0,,0.9509,0.5107
H005,standard,2025-11-15,5,True,autumn,False,,0.65,Wedding Season (winter),0.8966,1.0
H005,deluxe,2025-11-15,5,True,autumn,False,,0.65,Wedding Season (winter),0.8966,1.0
H005,premium,2025-11-15,5,True,autumn,False,,0.65,Wedding Season (winter),0.8966,1.0
H005,suite,2025-11-15,5,True,autumn,False,,0.65,Wedding Season (winter),0.8966,1.0
H005,standard,2025-11-16,6,True,autumn,False,,0.65,Wedding Season (winter),0.845,1.0
H005,deluxe,2025-11-16,6,True,autumn,False,,0.65,Wedding Season (winter),0.845,1.0
H005,premium,2025-11-16,6,True,autumn,False,,0.65,Wedding Season (winter),0.845,1.0
H005,suite,2025-11-16,6,True,autumn,False,,0.65,Wedding Season (winter),0.845,1.0
H005,standard,2025-11-17,0,False,autumn,False,,0.65,Wedding Season (winter),1.0,0.5347
H005,deluxe,2025-11-17,0,False,autumn,False,,0.65,Wedding Season (winter),1.0,0.5265
H005,premium,2025-11-17,0,False,autumn,False,,0.65,Wedding Season (winter),1.0,0.5127
H005,suite,2025-11-17,0,False,autumn,False,,0.65,Wedding Season (winter),1.0,0.488
H005,standard,2025-11-18,1,False,autumn,False,,0.65,Wedding Season (winter),0.8178,0.7564
H005,deluxe,2025-11-18,1,False,autumn,False,,0.65,Wedding Season (winter),0.8178,0.7447
H005,premium,2025-11-18,1,False,autumn,False,,0.65,Wedding Season (winter),0.8178,0.7253
H005,suite,2025-11-18,1,False,autumn,False,,0.65,Wedding Season (winter),0.8178,0.6903
H005,standard,2025-11-19,2,False,autumn,False,,0.65,Wedding Season (winter),1.0,1.0
H005,deluxe,2025-11-19,2,False,autumn,False,,0.65,Wedding Season (winter),1.0,1.0
H005,premium,2025-11-19,2,False,autumn,False,,0.65,Wedding Season (winter),1.0,1.0
H005,suite,2025-11-19,2,False,autumn,False,,0.65,Wedding Season (winter),1.0,1.0
H005,standard,2025-11-20,3,False,autumn,False,,0.65,Wedding Season (winter),0.7702,1.0
H005,deluxe,2025-11-20,3,False,autumn,False,,0.65,Wedding Season (winter),0.7702,1.0
H005,premium,2025-11-20,3,False,autumn,False,,0.65,Wedding Season (winter),0.7702,1.0
H005,suite,2025-11-20,3,False,autumn,False,,0.65,Wedding Season (winter),0.7702,1.0
H005,standard,2025-11-21,4,False,autumn,False,,0.65,Wedding Season (winter),0.8543,1.0
H005,deluxe,2025-11-21,4,False,autumn,False,,0.65,Wedding Season (winter),0.8543,1.0
H005,premium,2025-11-21,4,False,autumn,False,,0.65,Wedding Season (winter),0.8543,1.0
H005,suite,2025-11-21,4,False,autumn,False,,0.65,Wedding Season (winter),0.8543,1.0
H005,standard,2025-11-22,5,True,autumn,False,,0.65,Wedding Season (winter),0.8479,1.0
H005,deluxe,2025-11-22,5,True,autumn,False,,0.65,Wedding Season (winter),0.8479,1.0
H005,premium,2025-11-22,5,True,autumn,False,,0.65,Wedding Season (winter),0.8479,1.0
H005,suite,2025-11-22,5,True,autumn,False,,0.65,Wedding Season (winter),0.8479,1.0
H005,standard,2025-11-23,6,True,autumn,False,,0.65,Wedding Season (winter),0.915,1.0
H005,deluxe,2025-11-23,6,True,autumn,False,,0.65,Wedding Season (winter),0.915,1.0
H005,premium,2025-11-23,6,True,autumn,False,,0.65,Wedding Season (winter),0.915,1.0
H005,suite,2025-11-23,6,True,autumn,False,,0.65,Wedding Season (winter),0.915,1.0
H005,standard,2025-11-24,0,False,autumn,False,,0.65,Wedding Season (winter),0.8546,1.0
H005,deluxe,2025-11-24,0,False,autumn,False,,0.65,Wedding Season (winter),0.8546,1.0
H005,premium,2025-11-24,0,False,autumn,False,,0.65,Wedding Season (winter),0.8546,0.9886
H005,suite,2025-11-24,0,False,autumn,False,,0.65,Wedding Season (winter),0.8546,0.941
H005,standard,2025-11-25,1,False,autumn,False,,0.65,Wedding Season (winter),0.8663,0.6945
H005,deluxe,2025-11-25,1,False,autumn,False,,0.65,Wedding Season (winter),0.8663,0.6838
H005,premium,2025-11-25,1,False,autumn,False,,0.65,Wedding Season (winter),0.8663,0.666
H005,suite,2025-11-25,1,False,autumn,False,,0.65,Wedding Season (winter),0.8663,0.6338
H005,standard,2025-11-26,2,False,autumn,False,,0.65,Wedding Season (winter),0.8502,1.0
H005,deluxe,2025-11-26,2,False,autumn,False,,0.65,Wedding Season (winter),0.8502,1.0
H005,premium,2025-11-26,2,False,autumn,False,,0.65,Wedding Season (winter),0.8502,1.0
H005,suite,2025-11-26,2,False,autumn,False,,0.65,Wedding Season (winter),0.8502,0.9867
H005,standard,2025-11-27,3,False,autumn,False,,0.65,Wedding Season (winter),0.8001,1.0
H005,deluxe,2025-11-27,3,False,autumn,False,,0.65,Wedding Season (winter),0.8001,1.0
H005,premium,2025-11-27,3,False,autumn,False,,0.65,Wedding Season (winter),0.8001,1.0
H005,suite,2025-11-27,3,False,autumn,False,,0.65,Wedding Season (winter),0.8001,1.0
H005,standard,2025-11-28,4,False,autumn,False,,0.65,Wedding Season (winter),0.7217,1.0
H005,deluxe,2025-11-28,4,False,autumn,False,,0.65,Wedding Season (winter),0.7217,1.0
H005,premium,2025-11-28,4,False,autumn,False,,0.65,Wedding Season (winter),0.7217,1.0
H005,suite,2025-11-28,4,False,autumn,False,,0.65,Wedding Season (winter),0.7217,1.0
H005,standard,2025-11-29,5,True,autumn,False,,0.65,Wedding Season (winter),0.9035,1.0
H005,deluxe,2025-11-29,5,True,autumn,False,,0.65,Wedding Season (winter),0.9035,1.0
H005,premium,2025-11-29,5,True,autumn,False,,0.65,Wedding Season (winter),0.9035,1.0
H005,suite,2025-11-29,5,True,autumn,False,,0.65,Wedding Season (winter),0.9035,1.0
H005,standard,2025-11-30,6,True,autumn,False,,0.65,Wedding Season (winter),0.7571,1.0
H005,deluxe,2025-11-30,6,True,autumn,False,,0.65,Wedding Season (winter),0.7571,1.0
H005,premium,2025-11-30,6,True,autumn,False,,0.65,Wedding Season (winter),0.7571,1.0
H005,suite,2025-11-30,6,True,autumn,False,,0.65,Wedding Season (winter),0.7571,1.0
H005,standard,2025-12-01,0,False,winter,False,,0.65,Wedding Season (winter),0.8178,1.0
H005,deluxe,2025-12-01,0,False,winter,False,,0.65,Wedding Season (winter),0.8178,1.0
H005,premium,2025-12-01,0,False,winter,False,,0.65,Wedding Season (winter),0.8178,1.0
H005,suite,2025-12-01,0,False,winter,False,,0.65,Wedding Season (winter),0.8178,1.0
H005,standard,2025-12-02,1,False,winter,False,,0.65,Wedding Season (winter),0.8483,1.0
H005,deluxe,2025-12-02,1,False,winter,False,,0.65,Wedding Season (winter),0.8483,1.0
H005,premium,2025-12-02,1,False,winter,False,,0.65,Wedding Season (winter),0.8483,1.0
H005,suite,2025-12-02,1,False,winter,False,,0.65,Wedding Season (winter),0.8483,1.0
H005,standard,2025-12-03,2,False,winter,False,,0.65,Wedding Season (winter),0.9183,1.0
H005,deluxe,2025-12-03,2,False,winter,False,,0.65,Wedding Season (winter),0.9183,1.0
H005,premium,2025-12-03,2,False,winter,False,,0.65,Wedding Season (winter),0.9183,1.0
H005,suite,2025-12-03,2,False,winter,False,,0.65,Wedding Season (winter),0.9183,1.0
H005,standard,2025-12-04,3,False,winter,False,,0.65,Wedding Season (winter),0.8227,1.0
H005,deluxe,2025-12-04,3,False,winter,False,,0.65,Wedding Season (winter),0.8227,1.0
H005,premium,2025-12-04,3,False,winter,False,,0.65,Wedding Season (winter),0.8227,1.0
H005,suite,2025-12-04,3,False,winter,False,,0.65,Wedding Season (winter),0.8227,1.0
H005,standard,2025-12-05,4,False,winter,False,,0.65,Wedding Season (winter),0.9411,0.9151
H005,deluxe,2025-12-05,4,False,winter,False,,0.65,Wedding Season (winter),0.9411,0.901
H005,premium,2025-12-05,4,False,winter,False,,0.65,Wedding Season (winter),0.9411,0.8775
H005,suite,2025-12-05,4,False,winter,False,,0.65,Wedding Season (winter),0.9411,0.8352
H005,standard,2025-12-06,5,True,winter,False,,0.65,Wedding Season (winter),0.8911,1.0
H005,deluxe,2025-12-06,5,True,winter,False,,0.65,Wedding Season (winter),0.8911,1.0
H005,premium,2025-12-06,5,True,winter,False,,0.65,Wedding Season (winter),0.8911,1.0
H005,suite,2025-12-06,5,True,winter,False,,0.65,Wedding Season (winter),0.8911,1.0
H005,standard,2025-12-07,6,True,winter,False,,0.65,Wedding Season (winter),0.953,1.0
H005,deluxe,2025-12-07,6,True,winter,False,,0.65,Wedding Season (winter),0.953,1.0
H005,premium,2025-12-07,6,True,winter,False,,0.65,Wedding Season (winter),0.953,1.0
H005,suite,2025-12-07,6,True,winter,False,,0.65,Wedding Season (winter),0.953,1.0
H005,standard,2025-12-08,0,False,winter,False,,0.65,Wedding Season (winter),0.9302,1.0
H005,deluxe,2025-12-08,0,False,winter,False,,0.65,Wedding Season (winter),0.9302,1.0
H005,premium,2025-12-08,0,False,winter,False,,0.65,Wedding Season (winter),0.9302,1.0
H005,suite,2025-12-08,0,False,winter,False,,0.65,Wedding Season (winter),0.9302,1.0
H005,standard,2025-12-09,1,False,winter,False,,0.65,Wedding Season (winter),0.8536,1.0
H005,deluxe,2025-12-09,1,False,winter,False,,0.65,Wedding Season (winter),0.8536,1.0
H005,premium,2025-12-09,1,False,winter,False,,0.65,Wedding Season (winter),0.8536,1.0
H005,suite,2025-12-09,1,False,winter,False,,0.65,Wedding Season (winter),0.8536,1.0
H005,standard,2025-12-10,2,False,winter,False,,0.65,Wedding Season (winter),0.9297,1.0
H005,deluxe,2025-12-10,2,False,winter,False,,0.65,Wedding Season (winter),0.9297,1.0
H005,premium,2025-12-10,2,False,winter,False,,0.65,Wedding Season (winter),0.9297,1.0
H005,suite,2025-12-10,2,False,winter,False,,0.65,Wedding Season (winter),0.9297,1.0
H005,standard,2025-12-11,3,False,winter,False,,0.65,Wedding Season (winter),0.935,1.0
H005,deluxe,2025-12-11,3,False,winter,False,,0.65,Wedding Season (winter),0.935,1.0
H005,premium,2025-12-11,3,False,winter,False,,0.65,Wedding Season (winter),0.935,1.0
H005,suite,2025-12-11,3,False,winter,False,,0.65,Wedding Season (winter),0.935,1.0
H005,standard,2025-12-12,4,False,winter,False,,0.65,Wedding Season (winter),0.8679,1.0
H005,deluxe,2025-12-12,4,False,winter,False,,0.65,Wedding Season (winter),0.8679,1.0
H005,premium,2025-12-12,4,False,winter,False,,0.65,Wedding Season (winter),0.8679,1.0
H005,suite,2025-12-12,4,False,winter,False,,0.65,Wedding Season (winter),0.8679,1.0
H005,standard,2025-12-13,5,True,winter,False,,0.65,Wedding Season (winter),0.826,1.0
H005,deluxe,2025-12-13,5,True,winter,False,,0.65,Wedding Season (winter),0.826,1.0
H005,premium,2025-12-13,5,True,winter,False,,0.65,Wedding Season (winter),0.826,1.0
H005,suite,2025-12-13,5,True,winter,False,,0.65,Wedding Season (winter),0.826,1.0
H005,standard,2025-12-14,6,True,winter,False,,0.65,Wedding Season (winter),0.8926,1.0
H005,deluxe,2025-12-14,6,True,winter,False,,0.65,Wedding Season (winter),0.8926,1.0
H005,premium,2025-12-14,6,True,winter,False,,0.65,Wedding Season (winter),0.8926,1.0
H005,suite,2025-12-14,6,True,winter,False,,0.65,Wedding Season (winter),0.8926,1.0
H005,standard,2025-12-15,0,False,winter,False,,0.65,Wedding Season (winter),0.9349,0.6992
H005,deluxe,2025-12-15,0,False,winter,False,,0.65,Wedding Season (winter),0.9349,0.6884
H005,premium,2025-12-15,0,False,winter,False,,0.65,Wedding Season (winter),0.9349,0.6704
H005,suite,2025-12-15,0,False,winter,False,,0.65,Wedding Season (winter),0.9349,0.6381
H005,standard,2025-12-16,1,False,winter,False,,0.0,,0.7093,0.6103
H005,deluxe,2025-12-16,1,False,winter,False,,0.0,,0.7093,0.6009
H005,premium,2025-12-16,1,False,winter,False,,0.0,,0.7093,0.5852
H005,suite,2025-12-16,1,False,winter,False,,0.0,,0.7093,0.557
H005,standard,2025-12-17,2,False,winter,False,,0.0,,0.8238,0.8656
H005,deluxe,2025-12-17,2,False,winter,False,,0.0,,0.8238,0.8523
H005,premium,2025-12-17,2,False,winter,False,,0.0,,0.8238,0.83
H005,suite,2025-12-17,2,False,winter,False,,0.0,,0.8238,0.79
H005,standard,2025-12-18,3,False,winter,False,,0.0,,0.9666,0.6861
H005,deluxe,2025-12-18,3,False,winter,False,,0.0,,0.9666,0.6755
H005,premium,2025-12-18,3,False,winter,False,,0.0,,0.9666,0.6579
H005,suite,2025-12-18,3,False,winter,False,,0.0,,0.9666,0.6262
H005,standard,2025-12-19,4,False,winter,False,,0.0,,0.8634,1.0
H005,deluxe,2025-12-19,4,False,winter,False,,0.0,,0.8634,1.0
H005,premium,2025-12-19,4,False,winter,False,,0.0,,0.8634,1.0
H005,suite,2025-12-19,4,False,winter,False,,0.0,,0.8634,1.0
H005,standard,2025-12-20,5,True,winter,False,,0.0,,0.9167,1.0
H005,deluxe,2025-12-20,5,True,winter,False,,0.0,,0.9167,1.0
H005,premium,2025-12-20,5,True,winter,False,,0.0,,0.9167,1.0
H005,suite,2025-12-20,5,True,winter,False,,0.0,,0.9167,1.0
H005,standard,2025-12-21,6,True,winter,False,,0.0,,0.9078,0.7789
H005,deluxe,2025-12-21,6,True,winter,False,,0.0,,0.9078,0.7669
H005,premium,2025-12-21,6,True,winter,False,,0.0,,0.9078,0.7469
H005,suite,2025-12-21,6,True,winter,False,,0.0,,0.9078,0.7109
H005,standard,2025-12-22,0,False,winter,False,,0.0,,0.9474,0.7416
H005,deluxe,2025-12-22,0,False,winter,False,,0.0,,0.9474,0.7301
H005,premium,2025-12-22,0,False,winter,False,,0.0,,0.9474,0.7111
H005,suite,2025-12-22,0,False,winter,False,,0.0,,0.9474,0.6768
H005,standard,2025-12-23,1,False,winter,False,,0.0,,0.8606,0.8899
H005,deluxe,2025-12-23,1,False,winter,False,,0.0,,0.8606,0.8762
H005,premium,2025-12-23,1,False,winter,False,,0.0,,0.8606,0.8533
H005,suite,2025-12-23,1,False,winter,False,,0.0,,0.8606,0.8122
H005,standard,2025-12-24,2,False,winter,False,,0.0,,0.7356,0.7926
H005,deluxe,2025-12-24,2,False,winter,False,,0.0,,0.7356,0.7804
H005,premium,2025-12-24,2,False,winter,False,,0.0,,0.7356,0.76
H005,suite,2025-12-24,2,False,winter,False,,0.0,,0.7356,0.7234
H005,standard,2025-12-25,3,False,winter,True,Christmas,0.0,,0.7517,0.8927
H005,deluxe,2025-12-25,3,False,winter,True,Christmas,0.0,,0.7517,0.8789
H005,premium,2025-12-25,3,False,winter,True,Christmas,0.0,,0.7517,0.856
H005,suite,2025-12-25,3,False,winter,True,Christmas,0.0,,0.7517,0.8147
H005,standard,2025-12-26,4,False,winter,False,,0.0,,0.8542,1.0
H005,deluxe,2025-12-26,4,False,winter,False,,0.0,,0.8542,1.0
H005,premium,2025-12-26,4,False,winter,False,,0.0,,0.8542,1.0
H005,suite,2025-12-26,4,False,winter,False,,0.0,,0.8542,1.0
H005,standard,2025-12-27,5,True,winter,False,,0.0,,0.7736,1.0
H005,deluxe,2025-12-27,5,True,winter,False,,0.0,,0.7736,1.0
H005,premium,2025-12-27,5,True,winter,False,,0.0,,0.7736,1.0
H005,suite,2025-12-27,5,True,winter,False,,0.0,,0.7736,1.0
H005,standard,2025-12-28,6,True,winter,False,,0.0,,0.8943,0.9193
H005,deluxe,2025-12-28,6,True,winter,False,,0.0,,0.8943,0.9052
H005,premium,2025-12-28,6,True,winter,False,,0.0,,0.8943,0.8816
H005,suite,2025-12-28,6,True,winter,False,,0.0,,0.8943,0.839
H005,standard,2025-12-29,0,False,winter,False,,0.0,,0.7977,0.9161
H005,deluxe,2025-12-29,0,False,winter,False,,0.0,,0.7977,0.9019
H005,premium,2025-12-29,0,False,winter,False,,0.0,,0.7977,0.8784
H005,suite,2025-12-29,0,False,winter,False,,0.0,,0.7977,0.8361
H005,standard,2025-12-30,1,False,winter,False,,0.0,,0.8057,0.8688
H005,deluxe,2025-12-30,1,False,winter,False,,0.0,,0.8057,0.8554
H005,premium,2025-12-30,1,False,winter,False,,0.0,,0.8057,0.8331
H005,suite,2025-12-30,1,False,winter,False,,0.0,,0.8057,0.7929
H005,standard,2025-12-31,2,False,winter,True,New Year's Eve,0.0,,0.9757,0.8797
H005,deluxe,2025-12-31,2,False,winter,True,New Year's Eve,0.0,,0.9757,0.8662
H005,premium,2025-12-31,2,False,winter,True,New Year's Eve,0.0,,0.9757,0.8436
H005,suite,2025-12-31,2,False,winter,True,New Year's Eve,0.0,,0.9757,0.8029
H005,standard,2026-01-01,3,False,winter,True,New Year's Day,0.0,,0.7038,1.0
H005,deluxe,2026-01-01,3,False,winter,True,New Year's Day,0.0,,0.7038,1.0
H005,premium,2026-01-01,3,False,winter,True,New Year's Day,0.0,,0.7038,1.0
H005,suite,2026-01-01,3,False,winter,True,New Year's Day,0.0,,0.7038,1.0
H005,standard,2026-01-02,4,False,winter,False,,0.0,,0.7178,0.9112
H005,deluxe,2026-01-02,4,False,winter,False,,0.0,,0.7178,0.8971
H005,premium,2026-01-02,4,False,winter,False,,0.0,,0.7178,0.8737
H005,suite,2026-01-02,4,False,winter,False,,0.0,,0.7178,0.8316
H005,standard,2026-01-03,5,True,winter,False,,0.0,,0.9101,1.0
H005,deluxe,2026-01-03,5,True,winter,False,,0.0,,0.9101,1.0
H005,premium,2026-01-03,5,True,winter,False,,0.0,,0.9101,1.0
H005,suite,2026-01-03,5,True,winter,False,,0.0,,0.9101,1.0
H005,standard,2026-01-04,6,True,winter,False,,0.0,,0.9468,0.4169
H005,deluxe,2026-01-04,6,True,winter,False,,0.0,,0.9468,0.4104
H005,premium,2026-01-04,6,True,winter,False,,0.0,,0.9468,0.3997
H005,suite,2026-01-04,6,True,winter,False,,0.0,,0.9468,0.3805
H005,standard,2026-01-05,0,False,winter,False,,0.0,,0.9661,0.5701
H005,deluxe,2026-01-05,0,False,winter,False,,0.0,,0.9661,0.5613
H005,premium,2026-01-05,0,False,winter,False,,0.0,,0.9661,0.5467
H005,suite,2026-01-05,0,False,winter,False,,0.0,,0.9661,0.5203
H005,standard,2026-01-06,1,False,winter,False,,0.0,,0.8166,0.7042
H005,deluxe,2026-01-06,1,False,winter,False,,0.0,,0.8166,0.6933
H005,premium,2026-01-06,1,False,winter,False,,0.0,,0.8166,0.6752
H005,suite,2026-01-06,1,False,winter,False,,0.0,,0.8166,0.6427
H005,standard,2026-01-07,2,False,winter,False,,0.0,,0.8483,0.8042
H005,deluxe,2026-01-07,2,False,winter,False,,0.0,,0.8483,0.7918
H005,premium,2026-01-07,2,False,winter,False,,0.0,,0.8483,0.7711
H005,suite,2026-01-07,2,False,winter,False,,0.0,,0.8483,0.7339
H005,standard,2026-01-08,3,False,winter,False,,0.0,,0.7388,0.8171
H005,deluxe,2026-01-08,3,False,winter,False,,0.0,,0.7388,0.8045
H005,premium,2026-01-08,3,False,winter,False,,0.0,,0.7388,0.7836
H005,suite,2026-01-08,3,False,winter,False,,0.0,,0.7388,0.7458
H005,standard,2026-01-09,4,False,winter,False,,0.0,,0.8676,0.6725
H005,deluxe,2026-01-09,4,False,winter,False,,0.0,,0.8676,0.6622
H005,premium,2026-01-09,4,False,winter,False,,0.0,,0.8676,0.6449
H005,suite,2026-01-09,4,False,winter,False,,0.0,,0.8676,0.6138
H005,standard,2026-01-10,5,True,winter,False,,0.0,,0.7435,0.9328
H005,deluxe,2026-01-10,5,True,winter,False,,0.0,,0.7435,0.9184
H005,premium,2026-01-10,5,True,winter,False,,0.0,,0.7435,0.8944
H005,suite,2026-01-10,5,True,winter,False,,0.0,,0.7435,0.8513
H005,standard,2026-01-11,6,True,winter,False,,0.0,,0.9222,0.9124
H005,deluxe,2026-01-11,6,True,winter,False,,0.0,,0.9222,0.8984
H005,premium,2026-01-11,6,True,winter,False,,0.0,,0.9222,0.8749
H005,suite,2026-01-11,6,True,winter,False,,0.0,,0.9222,0.8328
H005,standard,2026-01-12,0,False,winter,False,,0.0,,0.8013,1.0
H005,deluxe,2026-01-12,0,False,winter,False,,0.0,,0.8013,1.0
H005,premium,2026-01-12,0,False,winter,False,,0.0,,0.8013,0.9971
H005,suite,2026-01-12,0,False,winter,False,,0.0,,0.8013,0.9491
H005,standard,2026-01-13,1,False,winter,False,,0.0,,0.8841,1.0
H005,deluxe,2026-01-13,1,False,winter,False,,0.0,,0.8841,1.0
H005,premium,2026-01-13,1,False,winter,False,,0.0,,0.8841,1.0
H005,suite,2026-01-13,1,False,winter,False,,0.0,,0.8841,0.9743
H005,standard,2026-01-14,2,False,winter,True,Makar Sankranti / Pongal,0.0,,0.8585,0.9886
H005,deluxe,2026-01-14,2,False,winter,True,Makar Sankranti / Pongal,0.0,,0.8585,0.9734
H005,premium,2026-01-14,2,False,winter,True,Makar Sankranti / Pongal,0.0,,0.8585,0.948
H005,suite,2026-01-14,2,False,winter,True,Makar Sankranti / Pongal,0.0,,0.8585,0.9023
H005,standard,2026-01-15,3,False,winter,False,,0.0,,0.7777,1.0
H005,deluxe,2026-01-15,3,False,winter,False,,0.0,,0.7777,1.0
H005,premium,2026-01-15,3,False,winter,False,,0.0,,0.7777,1.0
H005,suite,2026-01-15,3,False,winter,False,,0.0,,0.7777,1.0
H005,standard,2026-01-16,4,False,winter,False,,0.0,,0.8077,1.0
H005,deluxe,2026-01-16,4,False,winter,False,,0.0,,0.8077,1.0
H005,premium,2026-01-16,4,False,winter,False,,0.0,,0.8077,1.0
H005,suite,2026-01-16,4,False,winter,False,,0.0,,0.8077,1.0
H005,standard,2026-01-17,5,True,winter,False,,0.0,,0.7411,0.8997
H005,deluxe,2026-01-17,5,True,winter,False,,0.0,,0.7411,0.8858
H005,premium,2026-01-17,5,True,winter,False,,0.0,,0.7411,0.8627
H005,suite,2026-01-17,5,True,winter,False,,0.0,,0.7411,0.8211
H005,standard,2026-01-18,6,True,winter,False,,0.0,,0.8429,0.9373
H005,deluxe,2026-01-18,6,True,winter,False,,0.0,,0.8429,0.9229
H005,premium,2026-01-18,6,True,winter,False,,0.0,,0.8429,0.8988
H005,suite,2026-01-18,6,True,winter,False,,0.0,,0.8429,0.8555
H005,standard,2026-01-19,0,False,winter,False,,0.0,,0.7411,0.7927
H005,deluxe,2026-01-19,0,False,winter,False,,0.0,,0.7411,0.7805
H005,premium,2026-01-19,0,False,winter,False,,0.0,,0.7411,0.7601
H005,suite,2026-01-19,0,False,winter,False,,0.0,,0.7411,0.7235
H005,standard,2026-01-20,1,False,winter,False,,0.55,Wedding Season (spring),0.86,0.9569
H005,deluxe,2026-01-20,1,False,winter,False,,0.55,Wedding Season (spring),0.86,0.9422
H005,premium,2026-01-20,1,False,winter,False,,0.55,Wedding Season (spring),0.86,0.9176
H005,suite,2026-01-20,1,False,winter,False,,0.55,Wedding Season (spring),0.86,0.8734
H005,standard,2026-01-21,2,False,winter,False,,0.55,Wedding Season (spring),0.8326,1.0
H005,deluxe,2026-01-21,2,False,winter,False,,0.55,Wedding Season (spring),0.8326,1.0
H005,premium,2026-01-21,2,False,winter,False,,0.55,Wedding Season (spring),0.8326,1.0
H005,suite,2026-01-21,2,False,winter,False,,0.55,Wedding Season (spring),0.8326,1.0
H005,standard,2026-01-22,3,False,winter,False,,0.9325,Jaipur Literature Festival; Wedding Season (spring),0.8757,1.0
H005,deluxe,2026-01-22,3,False,winter,False,,0.9325,Jaipur Literature Festival; Wedding Season (spring),0.8757,1.0
H005,premium,2026-01-22,3,False,winter,False,,0.9325,Jaipur Literature Festival; Wedding Season (spring),0.8757,1.0
H005,suite,2026-01-22,3,False,winter,False,,0.9325,Jaipur Literature Festival; Wedding Season (spring),0.8757,1.0
H005,standard,2026-01-23,4,False,winter,False,,0.9325,Jaipur Literature Festival; Wedding Season (spring),0.8306,1.0
H005,deluxe,2026-01-23,4,False,winter,False,,0.9325,Jaipur Literature Festival; Wedding Season (spring),0.8306,1.0
H005,premium,2026-01-23,4,False,winter,False,,0.9325,Jaipur Literature Festival; Wedding Season (spring),0.8306,1.0
H005,suite,2026-01-23,4,False,winter,False,,0.9325,Jaipur Literature Festival; Wedding Season (spring),0.8306,1.0
H005,standard,2026-01-24,5,True,winter,False,,0.9325,Jaipur Literature Festival; Wedding Season (spring),0.8137,1.0
H005,deluxe,2026-01-24,5,True,winter,False,,0.9325,Jaipur Literature Festival; Wedding Season (spring),0.8137,1.0
H005,premium,2026-01-24,5,True,winter,False,,0.9325,Jaipur Literature Festival; Wedding Season (spring),0.8137,1.0
H005,suite,2026-01-24,5,True,winter,False,,0.9325,Jaipur Literature Festival; Wedding Season (spring),0.8137,1.0
H005,standard,2026-01-25,6,True,winter,False,,0.9325,Jaipur Literature Festival; Wedding Season (spring),0.7746,1.0
H005,deluxe,2026-01-25,6,True,winter,False,,0.9325,Jaipur Literature Festival; Wedding Season (spring),0.7746,1.0
H005,premium,2026-01-25,6,True,winter,False,,0.9325,Jaipur Literature Festival; Wedding Season (spring),0.7746,1.0
H005,suite,2026-01-25,6,True,winter,False,,0.9325,Jaipur Literature Festival; Wedding Season (spring),0.7746,1.0
H005,standard,2026-01-26,0,False,winter,True,Republic Day,0.9325,Jaipur Literature Festival; Wedding Season (spring),0.8477,1.0
H005,deluxe,2026-01-26,0,False,winter,True,Republic Day,0.9325,Jaipur Literature Festival; Wedding Season (spring),0.8477,1.0
H005,premium,2026-01-26,0,False,winter,True,Republic Day,0.9325,Jaipur Literature Festival; Wedding Season (spring),0.8477,1.0
H005,suite,2026-01-26,0,False,winter,True,Republic Day,0.9325,Jaipur Literature Festival; Wedding Season (spring),0.8477,1.0
H005,standard,2026-01-27,1,False,winter,False,,0.55,Wedding Season (spring),0.9708,0.9736
H005,deluxe,2026-01-27,1,False,winter,False,,0.55,Wedding Season (spring),0.9708,0.9586
H005,premium,2026-01-27,1,False,winter,False,,0.55,Wedding Season (spring),0.9708,0.9336
H005,suite,2026-01-27,1,False,winter,False,,0.55,Wedding Season (spring),0.9708,0.8886
H005,standard,2026-01-28,2,False,winter,False,,0.55,Wedding Season (spring),0.9532,0.824
H005,deluxe,2026-01-28,2,False,winter,False,,0.55,Wedding Season (spring),0.9532,0.8113
H005,premium,2026-01-28,2,False,winter,False,,0.55,Wedding Season (spring),0.9532,0.7902
H005,suite,2026-01-28,2,False,winter,False,,0.55,Wedding Season (spring),0.9532,0.7521
H005,standard,2026-01-29,3,False,winter,False,,0.55,Wedding Season (spring),0.8187,1.0
H005,deluxe,2026-01-29,3,False,winter,False,,0.55,Wedding Season (spring),0.8187,1.0
H005,premium,2026-01-29,3,False,winter,False,,0.55,Wedding Season (spring),0.8187,1.0
H005,suite,2026-01-29,3,False,winter,False,,0.55,Wedding Season (spring),0.8187,1.0
H005,standard,2026-01-30,4,False,winter,False,,0.55,Wedding Season (spring),0.8696,0.7784
H005,deluxe,2026-01-30,4,False,winter,False,,0.55,Wedding Season (spring),0.8696,0.7664
H005,premium,2026-01-30,4,False,winter,False,,0.55,Wedding Season (spring),0.8696,0.7464
H005,suite,2026-01-30,4,False,winter,False,,0.55,Wedding Season (spring),0.8696,0.7104
H005,standard,2026-01-31,5,True,winter,False,,0.55,Wedding Season (spring),0.9097,1.0
H005,deluxe,2026-01-31,5,True,winter,False,,0.55,Wedding Season (spring),0.9097,1.0
H005,premium,2026-01-31,5,True,winter,False,,0.55,Wedding Season (spring),0.9097,1.0
H005,suite,2026-01-31,5,True,winter,False,,0.55,Wedding Season (spring),0.9097,1.0
H005,standard,2026-02-01,6,True,winter,False,,0.55,Wedding Season (spring),0.8252,1.0
H005,deluxe,2026-02-01,6,True,winter,False,,0.55,Wedding Season (spring),0.8252,1.0
H005,premium,2026-02-01,6,True,winter,False,,0.55,Wedding Season (spring),0.8252,1.0
H005,suite,2026-02-01,6,True,winter,False,,0.55,Wedding Season (spring),0.8252,1.0
H005,standard,2026-02-02,0,False,winter,False,,0.55,Wedding Season (spring),0.8749,1.0
H005,deluxe,2026-02-02,0,False,winter,False,,0.55,Wedding Season (spring),0.8749,0.9996
H005,premium,2026-02-02,0,False,winter,False,,0.55,Wedding Season (spring),0.8749,0.9735
H005,suite,2026-02-02,0,False,winter,False,,0.55,Wedding Season (spring),0.8749,0.9266
H005,standard,2026-02-03,1,False,winter,False,,0.55,Wedding Season (spring),0.7702,1.0
H005,deluxe,2026-02-03,1,False,winter,False,,0.55,Wedding Season (spring),0.7702,1.0
H005,premium,2026-02-03,1,False,winter,False,,0.55,Wedding Season (spring),0.7702,1.0
H005,suite,2026-02-03,1,False,winter,False,,0.55,Wedding Season (spring),0.7702,1.0
H005,standard,2026-02-04,2,False,winter,False,,0.55,Wedding Season (spring),0.8298,0.6267
H005,deluxe,2026-02-04,2,False,winter,False,,0.55,Wedding Season (spring),0.8298,0.6171
H005,premium,2026-02-04,2,False,winter,False,,0.55,Wedding Season (spring),0.8298,0.601
H005,suite,2026-02-04,2,False,winter,False,,0.55,Wedding Season (spring),0.8298,0.572
H005,standard,2026-02-05,3,False,winter,False,,0.55,Wedding Season (spring),0.8419,0.9094
H005,deluxe,2026-02-05,3,False,winter,False,,0.55,Wedding Season (spring),0.8419,0.8954
H005,premium,2026-02-05,3,False,winter,False,,0.55,Wedding Season (spring),0.8419,0.872
H005,suite,2026-02-05,3,False,winter,False,,0.55,Wedding Season (spring),0.8419,0.83
H005,standard,2026-02-06,4,False,winter,False,,0.55,Wedding Season (spring),0.9111,0.9807
H005,deluxe,2026-02-06,4,False,winter,False,,0.55,Wedding Season (spring),0.9111,0.9655
H005,premium,2026-02-06,4,False,winter,False,,0.55,Wedding Season (spring),0.9111,0.9404
H005,suite,2026-02-06,4,False,winter,False,,0.55,Wedding Season (spring),0.9111,0.895
H005,standard,2026-02-07,5,True,winter,False,,0.55,Wedding Season (spring),0.8103,1.0
H005,deluxe,2026-02-07,5,True,winter,False,,0.55,Wedding Season (spring),0.8103,1.0
H005,premium,2026-02-07,5,True,winter,False,,0.55,Wedding Season (spring),0.8103,1.0
H005,suite,2026-02-07,5,True,winter,False,,0.55,Wedding Season (spring),0.8103,1.0
H005,standard,2026-02-08,6,True,winter,False,,0.55,Wedding Season (spring),0.9046,1.0
H005,deluxe,2026-02-08,6,True,winter,False,,0.55,Wedding Season (spring),0.9046,1.0
H005,premium,2026-02-08,6,True,winter,False,,0.55,Wedding Season (spring),0.9046,1.0
H005,suite,2026-02-08,6,True,winter,False,,0.55,Wedding Season (spring),0.9046,1.0
H005,standard,2026-02-09,0,False,winter,False,,0.55,Wedding Season (spring),0.922,1.0
H005,deluxe,2026-02-09,0,False,winter,False,,0.55,Wedding Season (spring),0.922,1.0
H005,premium,2026-02-09,0,False,winter,False,,0.55,Wedding Season (spring),0.922,1.0
H005,suite,2026-02-09,0,False,winter,False,,0.55,Wedding Season (spring),0.922,1.0
H005,standard,2026-02-10,1,False,winter,False,,0.55,Wedding Season (spring),0.8337,1.0
H005,deluxe,2026-02-10,1,False,winter,False,,0.55,Wedding Season (spring),0.8337,1.0
H005,premium,2026-02-10,1,False,winter,False,,0.55,Wedding Season (spring),0.8337,1.0
H005,suite,2026-02-10,1,False,winter,False,,0.55,Wedding Season (spring),0.8337,0.9962
H005,standard,2026-02-11,2,False,winter,False,,0.55,Wedding Season (spring),0.8487,0.7427
H005,deluxe,2026-02-11,2,False,winter,False,,0.55,Wedding Season (spring),0.8487,0.7313
H005,premium,2026-02-11,2,False,winter,False,,0.55,Wedding Season (spring),0.8487,0.7122
H005,suite,2026-02-11,2,False,winter,False,,0.55,Wedding Season (spring),0.8487,0.6779
H005,standard,2026-02-12,3,False,winter,False,,0.55,Wedding Season (spring),0.7048,1.0
H005,deluxe,2026-02-12,3,False,winter,False,,0.55,Wedding Season (spring),0.7048,1.0
H005,premium,2026-02-12,3,False,winter,False,,0.55,Wedding Season (spring),0.7048,1.0
H005,suite,2026-02-12,3,False,winter,False,,0.55,Wedding Season (spring),0.7048,0.9943
H005,standard,2026-02-13,4,False,winter,False,,0.55,Wedding Season (spring),0.8201,1.0
H005,deluxe,2026-02-13,4,False,winter,False,,0.55,Wedding Season (spring),0.8201,1.0
H005,premium,2026-02-13,4,False,winter,False,,0.55,Wedding Season (spring),0.8201,1.0
H005,suite,2026-02-13,4,False,winter,False,,0.55,Wedding Season (spring),0.8201,1.0
H005,standard,2026-02-14,5,True,winter,False,,0.55,Wedding Season (spring),0.8111,1.0
H005,deluxe,2026-02-14,5,True,winter,False,,0.55,Wedding Season (spring),0.8111,1.0
H005,premium,2026-02-14,5,True,winter,False,,0.55,Wedding Season (spring),0.8111,1.0
H005,suite,2026-02-14,5,True,winter,False,,0.55,Wedding Season (spring),0.8111,1.0
H005,standard,2026-02-15,6,True,winter,True,Maha Shivaratri,0.55,Wedding Season (spring),0.9066,1.0
H005,deluxe,2026-02-15,6,True,winter,True,Maha Shivaratri,0.55,Wedding Season (spring),0.9066,1.0
H005,premium,2026-02-15,6,True,winter,True,Maha Shivaratri,0.55,Wedding Season (spring),0.9066,1.0
H005,suite,2026-02-15,6,True,winter,True,Maha Shivaratri,0.55,Wedding Season (spring),0.9066,1.0
H005,standard,2026-02-16,0,False,winter,False,,0.55,Wedding Season (spring),0.8226,0.9448
H005,deluxe,2026-02-16,0,False,winter,False,,0.55,Wedding Season (spring),0.8226,0.9302
H005,premium,2026-02-16,0,False,winter,False,,0.55,Wedding Season (spring),0.8226,0.906
H005,suite,2026-02-16,0,False,winter,False,,0.55,Wedding Season (spring),0.8226,0.8623
H005,standard,2026-02-17,1,False,winter,False,,0.55,Wedding Season (spring),0.9019,1.0
H005,deluxe,2026-02-17,1,False,winter,False,,0.55,Wedding Season (spring),0.9019,1.0
H005,premium,2026-02-17,1,False,winter,False,,0.55,Wedding Season (spring),0.9019,1.0
H005,suite,2026-02-17,1,False,winter,False,,0.55,Wedding Season (spring),0.9019,1.0
H005,standard,2026-02-18,2,False,winter,False,,0.55,Wedding Season (spring),0.802,0.9906
H005,deluxe,2026-02-18,2,False,winter,False,,0.55,Wedding Season (spring),0.802,0.9753
H005,premium,2026-02-18,2,False,winter,False,,0.55,Wedding Season (spring),0.802,0.9499
H005,suite,2026-02-18,2,False,winter,False,,0.55,Wedding Season (spring),0.802,0.9041
H005,standard,2026-02-19,3,False,winter,False,,0.55,Wedding Season (spring),1.0,1.0
H005,deluxe,2026-02-19,3,False,winter,False,,0.55,Wedding Season (spring),1.0,1.0
H005,premium,2026-02-19,3,False,winter,False,,0.55,Wedding Season (spring),1.0,1.0
H005,suite,2026-02-19,3,False,winter,False,,0.55,Wedding Season (spring),1.0,1.0
H005,standard,2026-02-20,4,False,winter,False,,0.55,Wedding Season (spring),0.8572,1.0
H005,deluxe,2026-02-20,4,False,winter,False,,0.55,Wedding Season (spring),0.8572,1.0
H005,premium,2026-02-20,4,False,winter,False,,0.55,Wedding Season (spring),0.8572,0.9881
H005,suite,2026-02-20,4,False,winter,False,,0.55,Wedding Season (spring),0.8572,0.9404
H005,standard,2026-02-21,5,True,winter,False,,0.55,Wedding Season (spring),0.8293,1.0
H005,deluxe,2026-02-21,5,True,winter,False,,0.55,Wedding Season (spring),0.8293,1.0
H005,premium,2026-02-21,5,True,winter,False,,0.55,Wedding Season (spring),0.8293,1.0
H005,suite,2026-02-21,5,True,winter,False,,0.55,Wedding Season (spring),0.8293,1.0
H005,standard,2026-02-22,6,True,winter,False,,0.55,Wedding Season (spring),0.909,0.8112
H005,deluxe,2026-02-22,6,True,winter,False,,0.55,Wedding Season (spring),0.909,0.7987
H005,premium,2026-02-22,6,True,winter,False,,0.55,Wedding Season (spring),0.909,0.7778
H005,suite,2026-02-22,6,True,winter,False,,0.55,Wedding Season (spring),0.909,0.7403
H005,standard,2026-02-23,0,False,winter,False,,0.55,Wedding Season (spring),0.8662,0.7181
H005,deluxe,2026-02-23,0,False,winter,False,,0.55,Wedding Season (spring),0.8662,0.707
H005,premium,2026-02-23,0,False,winter,False,,0.55,Wedding Season (spring),0.8662,0.6886
H005,suite,2026-02-23,0,False,winter,False,,0.55,Wedding Season (spring),0.8662,0.6554
H005,standard,2026-02-24,1,False,winter,False,,0.55,Wedding Season (spring),0.7764,0.7586
H005,deluxe,2026-02-24,1,False,winter,False,,0.55,Wedding Season (spring),0.7764,0.7469
H005,premium,2026-02-24,1,False,winter,False,,0.55,Wedding Season (spring),0.7764,0.7274
H005,suite,2026-02-24,1,False,winter,False,,0.55,Wedding Season (spring),0.7764,0.6924
H005,standard,2026-02-25,2,False,winter,False,,0.55,Wedding Season (spring),0.8484,1.0
H005,deluxe,2026-02-25,2,False,winter,False,,0.55,Wedding Season (spring),0.8484,1.0
H005,premium,2026-02-25,2,False,winter,False,,0.55,Wedding Season (spring),0.8484,1.0
H005,suite,2026-02-25,2,False,winter,False,,0.55,Wedding Season (spring),0.8484,1.0
H005,standard,2026-02-26,3,False,winter,False,,0.55,Wedding Season (spring),0.8124,1.0
H005,deluxe,2026-02-26,3,False,winter,False,,0.55,Wedding Season (spring),0.8124,1.0
H005,premium,2026-02-26,3,False,winter,False,,0.55,Wedding Season (spring),0.8124,1.0
H005,suite,2026-02-26,3,False,winter,False,,0.55,Wedding Season (spring),0.8124,0.9973
H005,standard,2026-02-27,4,False,winter,False,,0.55,Wedding Season (spring),0.8202,0.7706
H005,deluxe,2026-02-27,4,False,winter,False,,0.55,Wedding Season (spring),0.8202,0.7588
H005,premium,2026-02-27,4,False,winter,False,,0.55,Wedding Season (spring),0.8202,0.739
H005,suite,2026-02-27,4,False,winter,False,,0.55,Wedding Season (spring),0.8202,0.7033
H005,standard,2026-02-28,5,True,winter,False,,0.55,Wedding Season (spring),0.9377,1.0
H005,deluxe,2026-02-28,5,True,winter,False,,0.55,Wedding Season (spring),0.9377,1.0
H005,premium,2026-02-28,5,True,winter,False,,0.55,Wedding Season (spring),0.9377,1.0
H005,suite,2026-02-28,5,True,winter,False,,0.55,Wedding Season (spring),0.9377,1.0
H005,standard,2026-03-01,6,True,summer,False,,0.0,,0.2091,0.6559
H005,deluxe,2026-03-01,6,True,summer,False,,0.0,,0.2091,0.6458
H005,premium,2026-03-01,6,True,summer,False,,0.0,,0.2091,0.629
H005,suite,2026-03-01,6,True,summer,False,,0.0,,0.2091,0.5987
H005,standard,2026-03-02,0,False,summer,False,,0.0,,0.3648,0.2269
H005,deluxe,2026-03-02,0,False,summer,False,,0.0,,0.3648,0.2234
H005,premium,2026-03-02,0,False,summer,False,,0.0,,0.3648,0.2176
H005,suite,2026-03-02,0,False,summer,False,,0.0,,0.3648,0.2071
H005,standard,2026-03-03,1,False,summer,False,,0.0,,0.2162,0.5737
H005,deluxe,2026-03-03,1,False,summer,False,,0.0,,0.2162,0.5649
H005,premium,2026-03-03,1,False,summer,False,,0.0,,0.2162,0.5501
H005,suite,2026-03-03,1,False,summer,False,,0.0,,0.2162,0.5236
H005,standard,2026-03-04,2,False,summer,True,Holi,0.0,,0.2675,0.6463
H005,deluxe,2026-03-04,2,False,summer,True,Holi,0.0,,0.2675,0.6363
H005,premium,2026-03-04,2,False,summer,True,Holi,0.0,,0.2675,0.6197
H005,suite,2026-03-04,2,False,summer,True,Holi,0.0,,0.2675,0.5898
H005,standard,2026-03-05,3,False,summer,False,,0.0,,0.2269,0.4026
H005,deluxe,2026-03-05,3,False,summer,False,,0.0,,0.2269,0.3964
H005,premium,2026-03-05,3,False,summer,False,,0.0,,0.2269,0.3861
H005,suite,2026-03-05,3,False,summer,False,,0.0,,0.2269,0.3675
H005,standard,2026-03-06,4,False,summer,False,,0.0,,0.2917,0.8364
H005,deluxe,2026-03-06,4,False,summer,False,,0.0,,0.2917,0.8235
H005,premium,2026-03-06,4,False,summer,False,,0.0,,0.2917,0.802
H005,suite,2026-03-06,4,False,summer,False,,0.0,,0.2917,0.7634
H005,standard,2026-03-07,5,True,summer,False,,0.0,,0.2694,1.0
H005,deluxe,2026-03-07,5,True,summer,False,,0.0,,0.2694,1.0
H005,premium,2026-03-07,5,True,summer,False,,0.0,,0.2694,1.0
H005,suite,2026-03-07,5,True,summer,False,,0.0,,0.2694,0.9947
H005,standard,2026-03-08,6,True,summer,False,,0.0,,0.1844,0.5664
H005,deluxe,2026-03-08,6,True,summer,False,,0.0,,0.1844,0.5576
H005,premium,2026-03-08,6,True,summer,False,,0.0,,0.1844,0.5431
H005,suite,2026-03-08,6,True,summer,False,,0.0,,0.1844,0.5169
H005,standard,2026-03-09,0,False,summer,False,,0.0,,0.3585,0.5007
H005,deluxe,2026-03-09,0,False,summer,False,,0.0,,0.3585,0.493
H005,premium,2026-03-09,0,False,summer,False,,0.0,,0.3585,0.4801
H005,suite,2026-03-09,0,False,summer,False,,0.0,,0.3585,0.457
H005,standard,2026-03-10,1,False,summer,False,,0.0,,0.2522,0.7079
H005,deluxe,2026-03-10,1,False,summer,False,,0.0,,0.2522,0.697
H005,premium,2026-03-10,1,False,summer,False,,0.0,,0.2522,0.6788
H005,suite,2026-03-10,1,False,summer,False,,0.0,,0.2522,0.6461
H005,standard,2026-03-11,2,False,summer,False,,0.0,,0.3497,0.4833
H005,deluxe,2026-03-11,2,False,summer,False,,0.0,,0.3497,0.4759
H005,premium,2026-03-11,2,False,summer,False,,0.0,,0.3497,0.4635
H005,suite,2026-03-11,2,False,summer,False,,0.0,,0.3497,0.4411
H005,standard,2026-03-12,3,False,summer,False,,0.0,,0.3322,0.4943
H005,deluxe,2026-03-12,3,False,summer,False,,0.0,,0.3322,0.4867
H005,premium,2026-03-12,3,False,summer,False,,0.0,,0.3322,0.474
H005,suite,2026-03-12,3,False,summer,False,,0.0,,0.3322,0.4511
H005,standard,2026-03-13,4,False,summer,False,,0.0,,0.3432,1.0
H005,deluxe,2026-03-13,4,False,summer,False,,0.0,,0.3432,1.0
H005,premium,2026-03-13,4,False,summer,False,,0.0,,0.3432,0.9774
H005,suite,2026-03-13,4,False,summer,False,,0.0,,0.3432,0.9303
H005,standard,2026-03-14,5,True,summer,False,,0.0,,0.2564,1.0
H005,deluxe,2026-03-14,5,True,summer,False,,0.0,,0.2564,1.0
H005,premium,2026-03-14,5,True,summer,False,,0.0,,0.2564,1.0
H005,suite,2026-03-14,5,True,summer,False,,0.0,,0.2564,1.0
H005,standard,2026-03-15,6,True,summer,False,,0.0,,0.2288,0.6004
H005,deluxe,2026-03-15,6,True,summer,False,,0.0,,0.2288,0.5911
H005,premium,2026-03-15,6,True,summer,False,,0.0,,0.2288,0.5757
H005,suite,2026-03-15,6,True,summer,False,,0.0,,0.2288,0.5479
H005,standard,2026-03-16,0,False,summer,False,,0.0,,0.3551,0.8417
H005,deluxe,2026-03-16,0,False,summer,False,,0.0,,0.3551,0.8287
H005,premium,2026-03-16,0,False,summer,False,,0.0,,0.3551,0.8071
H005,suite,2026-03-16,0,False,summer,False,,0.0,,0.3551,0.7682
H005,standard,2026-03-17,1,False,summer,False,,0.0,,0.3014,0.5527
H005,deluxe,2026-03-17,1,False,summer,False,,0.0,,0.3014,0.5442
H005,premium,2026-03-17,1,False,summer,False,,0.0,,0.3014,0.53
H005,suite,2026-03-17,1,False,summer,False,,0.0,,0.3014,0.5044
H005,standard,2026-03-18,2,False,summer,False,,0.0,,0.3305,0.6862
H005,deluxe,2026-03-18,2,False,summer,False,,0.0,,0.3305,0.6756
H005,premium,2026-03-18,2,False,summer,False,,0.0,,0.3305,0.658
H005,suite,2026-03-18,2,False,summer,False,,0.0,,0.3305,0.6263
H005,standard,2026-03-19,3,False,summer,False,,0.0,,0.2661,0.7515
H005,deluxe,2026-03-19,3,False,summer,False,,0.0,,0.2661,0.7399
H005,premium,2026-03-19,3,False,summer,False,,0.0,,0.2661,0.7206
H005,suite,2026-03-19,3,False,summer,False,,0.0,,0.2661,0.6859
H005,standard,2026-03-20,4,False,summer,False,,0.0,,0.162,0.5789
H005,deluxe,2026-03-20,4,False,summer,False,,0.0,,0.162,0.5699
H005,premium,2026-03-20,4,False,summer,False,,0.0,,0.162,0.5551
H005,suite,2026-03-20,4,False,summer,False,,0.0,,0.162,0.5283
H005,standard,2026-03-21,5,True,summer,True,Eid al-Fitr,0.0,,0.3289,1.0
H005,deluxe,2026-03-21,5,True,summer,True,Eid al-Fitr,0.0,,0.3289,1.0
H005,premium,2026-03-21,5,True,summer,True,Eid al-Fitr,0.0,,0.3289,0.9799
H005,suite,2026-03-21,5,True,summer,True,Eid al-Fitr,0.0,,0.3289,0.9326
H005,standard,2026-03-22,6,True,summer,False,,0.0,,0.2611,0.3551
H005,deluxe,2026-03-22,6,True,summer,False,,0.0,,0.2611,0.3496
H005,premium,2026-03-22,6,True,summer,False,,0.0,,0.2611,0.3405
H005,suite,2026-03-22,6,True,summer,False,,0.0,,0.2611,0.3241
H005,standard,2026-03-23,0,False,summer,False,,0.0,,0.352,0.5587
H005,deluxe,2026-03-23,0,False,summer,False,,0.0,,0.352,0.55
H005,premium,2026-03-23,0,False,summer,False,,0.0,,0.352,0.5357
H005,suite,2026-03-23,0,False,summer,False,,0.0,,0.352,0.5099
H005,standard,2026-03-24,1,False,summer,False,,0.0,,0.2568,0.683
H005,deluxe,2026-03-24,1,False,summer,False,,0.0,,0.2568,0.6725
H005,premium,2026-03-24,1,False,summer,False,,0.0,,0.2568,0.655
H005,suite,2026-03-24,1,False,summer,False,,0.0,,0.2568,0.6234
H005,standard,2026-03-25,2,False,summer,False,,0.0,,0.364,0.6718
H005,deluxe,2026-03-25,2,False,summer,False,,0.0,,0.364,0.6615
H005,premium,2026-03-25,2,False,summer,False,,0.0,,0.364,0.6442
H005,suite,2026-03-25,2,False,summer,False,,0.0,,0.364,0.6132
H005,standard,2026-03-26,3,False,summer,True,Ram Navami,0.0,,0.3646,0.5625
H005,deluxe,2026-03-26,3,False,summer,True,Ram Navami,0.0,,0.3646,0.5538
H005,premium,2026-03-26,3,False,summer,True,Ram Navami,0.0,,0.3646,0.5394
H005,suite,2026-03-26,3,False,summer,True,Ram Navami,0.0,,0.3646,0.5134
H005,standard,2026-03-27,4,False,summer,False,,0.0,,0.2688,0.6661
H005,deluxe,2026-03-27,4,False,summer,False,,0.0,,0.2688,0.6558
H005,premium,2026-03-27,4,False,summer,False,,0.0,,0.2688,0.6387
H005,suite,2026-03-27,4,False,summer,False,,0.0,,0.2688,0.6079
H005,standard,2026-03-28,5,True,summer,False,,0.0,,0.1803,0.8003
H005,deluxe,2026-03-28,5,True,summer,False,,0.0,,0.1803,0.788
H005,premium,2026-03-28,5,True,summer,False,,0.0,,0.1803,0.7674
H005,suite,2026-03-28,5,True,summer,False,,0.0,,0.1803,0.7304
H005,standard,2026-03-29,6,True,summer,False,,0.0,,0.3987,0.9548
H005,deluxe,2026-03-29,6,True,summer,False,,0.0,,0.3987,0.9401
H005,premium,2026-03-29,6,True,summer,False,,0.0,,0.3987,0.9156
H005,suite,2026-03-29,6,True,summer,False,,0.0,,0.3987,0.8715
H005,standard,2026-03-30,0,False,summer,False,,0.0,,0.3276,0.3623
H005,deluxe,2026-03-30,0,False,summer,False,,0.0,,0.3276,0.3567
H005,premium,2026-03-30,0,False,summer,False,,0.0,,0.3276,0.3474
H005,suite,2026-03-30,0,False,summer,False,,0.0,,0.3276,0.3307
H005,standard,2026-03-31,1,False,summer,False,,0.0,,0.2281,0.6305
H005,deluxe,2026-03-31,1,False,summer,False,,0.0,,0.2281,0.6208
H005,premium,2026-03-31,1,False,summer,False,,0.0,,0.2281,0.6046
H005,suite,2026-03-31,1,False,summer,False,,0.0,,0.2281,0.5754
H005,standard,2026-04-01,2,False,summer,False,,0.0,,0.2869,0.4892
H005,deluxe,2026-04-01,2,False,summer,False,,0.0,,0.2869,0.4816
H005,premium,2026-04-01,2,False,summer,False,,0.0,,0.2869,0.4691
H005,suite,2026-04-01,2,False,summer,False,,0.0,,0.2869,0.4464
H005,standard,2026-04-02,3,False,summer,False,,0.0,,0.2614,0.5189
H005,deluxe,2026-04-02,3,False,summer,False,,0.0,,0.2614,0.5109
H005,premium,2026-04-02,3,False,summer,False,,0.0,,0.2614,0.4976
H005,suite,2026-04-02,3,False,summer,False,,0.0,,0.2614,0.4736
H005,standard,2026-04-03,4,False,summer,True,Good Friday,0.0,,0.4401,0.782
H005,deluxe,2026-04-03,4,False,summer,True,Good Friday,0.0,,0.4401,0.7699
H005,premium,2026-04-03,4,False,summer,True,Good Friday,0.0,,0.4401,0.7498
H005,suite,2026-04-03,4,False,summer,True,Good Friday,0.0,,0.4401,0.7137
H005,standard,2026-04-04,5,True,summer,False,,0.0,,0.2355,0.8872
H005,deluxe,2026-04-04,5,True,summer,False,,0.0,,0.2355,0.8735
H005,premium,2026-04-04,5,True,summer,False,,0.0,,0.2355,0.8508
H005,suite,2026-04-04,5,True,summer,False,,0.0,,0.2355,0.8097
H005,standard,2026-04-05,6,True,summer,False,,0.0,,0.3169,0.6084
H005,deluxe,2026-04-05,6,True,summer,False,,0.0,,0.3169,0.599
H005,premium,2026-04-05,6,True,summer,False,,0.0,,0.3169,0.5834
H005,suite,2026-04-05,6,True,summer,False,,0.0,,0.3169,0.5553
H005,standard,2026-04-06,0,False,summer,False,,0.0,,0.3109,0.6613
H005,deluxe,2026-04-06,0,False,summer,False,,0.0,,0.3109,0.6511
H005,premium,2026-04-06,0,False,summer,False,,0.0,,0.3109,0.6341
H005,suite,2026-04-06,0,False,summer,False,,0.0,,0.3109,0.6036
H005,standard,2026-04-07,1,False,summer,False,,0.0,,0.2107,0.6124
H005,deluxe,2026-04-07,1,False,summer,False,,0.0,,0.2107,0.6029
H005,premium,2026-04-07,1,False,summer,False,,0.0,,0.2107,0.5872
H005,suite,2026-04-07,1,False,summer,False,,0.0,,0.2107,0.5589
H005,standard,2026-04-08,2,False,summer,False,,0.0,,0.2282,0.7038
H005,deluxe,2026-04-08,2,False,summer,False,,0.0,,0.2282,0.693
H005,premium,2026-04-08,2,False,summer,False,,0.0,,0.2282,0.6749
H005,suite,2026-04-08,2,False,summer,False,,0.0,,0.2282,0.6424
H005,standard,2026-04-09,3,False,summer,False,,0.0,,0.2655,0.7101
H005,deluxe,2026-04-09,3,False,summer,False,,0.0,,0.2655,0.6992
H005,premium,2026-04-09,3,False,summer,False,,0.0,,0.2655,0.681
H005,suite,2026-04-09,3,False,summer,False,,0.0,,0.2655,0.6481
H005,standard,2026-04-10,4,False,summer,False,,0.0,,0.1991,0.7817
H005,deluxe,2026-04-10,4,False,summer,False,,0.0,,0.1991,0.7697
H005,premium,2026-04-10,4,False,summer,False,,0.0,,0.1991,0.7496
H005,suite,2026-04-10,4,False,summer,False,,0.0,,0.1991,0.7135
H005,standard,2026-04-11,5,True,summer,False,,0.0,,0.3386,0.8366
H005,deluxe,2026-04-11,5,True,summer,False,,0.0,,0.3386,0.8237
H005,premium,2026-04-11,5,True,summer,False,,0.0,,0.3386,0.8023
H005,suite,2026-04-11,5,True,summer,False,,0.0,,0.3386,0.7636
H005,standard,2026-04-12,6,True,summer,False,,0.0,,0.2761,0.7197
H005,deluxe,2026-04-12,6,True,summer,False,,0.0,,0.2761,0.7086
H005,premium,2026-04-12,6,True,summer,False,,0.0,,0.2761,0.6901
H005,suite,2026-04-12,6,True,summer,False,,0.0,,0.2761,0.6569
H005,standard,2026-04-13,0,False,summer,False,,0.0,,0.3076,0.3955
H005,deluxe,2026-04-13,0,False,summer,False,,0.0,,0.3076,0.3894
H005,premium,2026-04-13,0,False,summer,False,,0.0,,0.3076,0.3792
H005,suite,2026-04-13,0,False,summer,False,,0.0,,0.3076,0.3609
H005,standard,2026-04-14,1,False,summer,True,Ambedkar Jayanti,0.0,,0.305,0.2717
H005,deluxe,2026-04-14,1,False,summer,True,Ambedkar Jayanti,0.0,,0.305,0.2675
H005,premium,2026-04-14,1,False,summer,True,Ambedkar Jayanti,0.0,,0.305,0.2605
H005,suite,2026-04-14,1,False,summer,True,Ambedkar Jayanti,0.0,,0.305,0.248
H005,standard,2026-04-15,2,False,summer,False,,0.0,,0.2995,0.3902
H005,deluxe,2026-04-15,2,False,summer,False,,0.0,,0.2995,0.3842
H005,premium,2026-04-15,2,False,summer,False,,0.0,,0.2995,0.3742
H005,suite,2026-04-15,2,False,summer,False,,0.0,,0.2995,0.3562
H005,standard,2026-04-16,3,False,summer,False,,0.0,,0.329,0.4379
H005,deluxe,2026-04-16,3,False,summer,False,,0.0,,0.329,0.4311
H005,premium,2026-04-16,3,False,summer,False,,0.0,,0.329,0.4199
H005,suite,2026-04-16,3,False,summer,False,,0.0,,0.329,0.3996
H005,standard,2026-04-17,4,False,summer,False,,0.0,,0.27,0.5891
H005,deluxe,2026-04-17,4,False,summer,False,,0.0,,0.27,0.5801
H005,premium,2026-04-17,4,False,summer,False,,0.0,,0.27,0.5649
H005,suite,2026-04-17,4,False,summer,False,,0.0,,0.27,0.5377
H005,standard,2026-04-18,5,True,summer,False,,0.0,,0.2748,0.9142
H005,deluxe,2026-04-18,5,True,summer,False,,0.0,,0.2748,0.9001
H005,premium,2026-04-18,5,True,summer,False,,0.0,,0.2748,0.8766
H005,suite,2026-04-18,5,True,summer,False,,0.0,,0.2748,0.8344
H005,standard,2026-04-19,6,True,summer,False,,0.0,,0.4096,0.6833
H005,deluxe,2026-04-19,6,True,summer,False,,0.0,,0.4096,0.6727
H005,premium,2026-04-19,6,True,summer,False,,0.0,,0.4096,0.6552
H005,suite,2026-04-19,6,True,summer,False,,0.0,,0.4096,0.6236
H005,standard,2026-04-20,0,False,summer,False,,0.0,,0.4526,0.3387
H005,deluxe,2026-04-20,0,False,summer,False,,0.0,,0.4526,0.3335
H005,premium,2026-04-20,0,False,summer,False,,0.0,,0.4526,0.3248
H005,suite,2026-04-20,0,False,summer,False,,0.0,,0.4526,0.3091
H005,standard,2026-04-21,1,False,summer,False,,0.0,,0.3431,0.6635
H005,deluxe,2026-04-21,1,False,summer,False,,0.0,,0.3431,0.6533
H005,premium,2026-04-21,1,False,summer,False,,0.0,,0.3431,0.6363
H005,suite,2026-04-21,1,False,summer,False,,0.0,,0.3431,0.6056
H005,standard,2026-04-22,2,False,summer,False,,0.0,,0.3128,0.5353
H005,deluxe,2026-04-22,2,False,summer,False,,0.0,,0.3128,0.527
H005,premium,2026-04-22,2,False,summer,False,,0.0,,0.3128,0.5133
H005,suite,2026-04-22,2,False,summer,False,,0.0,,0.3128,0.4885
H005,standard,2026-04-23,3,False,summer,False,,0.0,,0.5202,0.6908
H005,deluxe,2026-04-23,3,False,summer,False,,0.0,,0.5202,0.6801
H005,premium,2026-04-23,3,False,summer,False,,0.0,,0.5202,0.6624
H005,suite,2026-04-23,3,False,summer,False,,0.0,,0.5202,0.6304
H005,standard,2026-04-24,4,False,summer,False,,0.0,,0.2548,0.4958
H005,deluxe,2026-04-24,4,False,summer,False,,0.0,,0.2548,0.4882
H005,premium,2026-04-24,4,False,summer,False,,0.0,,0.2548,0.4754
H005,suite,2026-04-24,4,False,summer,False,,0.0,,0.2548,0.4525
H005,standard,2026-04-25,5,True,summer,False,,0.0,,0.3818,1.0
H005,deluxe,2026-04-25,5,True,summer,False,,0.0,,0.3818,1.0
H005,premium,2026-04-25,5,True,summer,False,,0.0,,0.3818,1.0
H005,suite,2026-04-25,5,True,summer,False,,0.0,,0.3818,0.9526
H005,standard,2026-04-26,6,True,summer,False,,0.0,,0.3699,0.9098
H005,deluxe,2026-04-26,6,True,summer,False,,0.0,,0.3699,0.8957
H005,premium,2026-04-26,6,True,summer,False,,0.0,,0.3699,0.8724
H005,suite,2026-04-26,6,True,summer,False,,0.0,,0.3699,0.8303
H005,standard,2026-04-27,0,False,summer,False,,0.0,,0.2274,0.793
H005,deluxe,2026-04-27,0,False,summer,False,,0.0,,0.2274,0.7807
H005,premium,2026-04-27,0,False,summer,False,,0.0,,0.2274,0.7604
H005,suite,2026-04-27,0,False,summer,False,,0.0,,0.2274,0.7237
H005,standard,2026-04-28,1,False,summer,False,,0.0,,0.2632,0.7615
H005,deluxe,2026-04-28,1,False,summer,False,,0.0,,0.2632,0.7498
H005,premium,2026-04-28,1,False,summer,False,,0.0,,0.2632,0.7302
H005,suite,2026-04-28,1,False,summer,False,,0.0,,0.2632,0.695
H005,standard,2026-04-29,2,False,summer,False,,0.0,,0.1581,0.5032
H005,deluxe,2026-04-29,2,False,summer,False,,0.0,,0.1581,0.4954
H005,premium,2026-04-29,2,False,summer,False,,0.0,,0.1581,0.4825
H005,suite,2026-04-29,2,False,summer,False,,0.0,,0.1581,0.4592
H005,standard,2026-04-30,3,False,summer,False,,0.0,,0.2782,0.886
H005,deluxe,2026-04-30,3,False,summer,False,,0.0,,0.2782,0.8724
H005,premium,2026-04-30,3,False,summer,False,,0.0,,0.2782,0.8496
H005,suite,2026-04-30,3,False,summer,False,,0.0,,0.2782,0.8087
H005,standard,2026-05-01,4,False,summer,True,Buddha Purnima,0.0,,0.344,0.9077
H005,deluxe,2026-05-01,4,False,summer,True,Buddha Purnima,0.0,,0.344,0.8937
H005,premium,2026-05-01,4,False,summer,True,Buddha Purnima,0.0,,0.344,0.8704
H005,suite,2026-05-01,4,False,summer,True,Buddha Purnima,0.0,,0.344,0.8284
H005,standard,2026-05-02,5,True,summer,False,,0.0,,0.2345,1.0
H005,deluxe,2026-05-02,5,True,summer,False,,0.0,,0.2345,1.0
H005,premium,2026-05-02,5,True,summer,False,,0.0,,0.2345,1.0
H005,suite,2026-05-02,5,True,summer,False,,0.0,,0.2345,1.0
H005,standard,2026-05-03,6,True,summer,False,,0.0,,0.297,0.4899
H005,deluxe,2026-05-03,6,True,summer,False,,0.0,,0.297,0.4823
H005,premium,2026-05-03,6,True,summer,False,,0.0,,0.297,0.4697
H005,suite,2026-05-03,6,True,summer,False,,0.0,,0.297,0.4471
H005,standard,2026-05-04,0,False,summer,False,,0.0,,0.3718,0.376
H005,deluxe,2026-05-04,0,False,summer,False,,0.0,,0.3718,0.3702
H005,premium,2026-05-04,0,False,summer,False,,0.0,,0.3718,0.3605
H005,suite,2026-05-04,0,False,summer,False,,0.0,,0.3718,0.3431
H005,standard,2026-05-05,1,False,summer,False,,0.0,,0.3153,0.6603
H005,deluxe,2026-05-05,1,False,summer,False,,0.0,,0.3153,0.6501
H005,premium,2026-05-05,1,False,summer,False,,0.0,,0.3153,0.6331
H005,suite,2026-05-05,1,False,summer,False,,0.0,,0.3153,0.6026
H005,standard,2026-05-06,2,False,summer,False,,0.0,,0.1977,0.2386
H005,deluxe,2026-05-06,2,False,summer,False,,0.0,,0.1977,0.2349
H005,premium,2026-05-06,2,False,summer,False,,0.0,,0.1977,0.2288
H005,suite,2026-05-06,2,False,summer,False,,0.0,,0.1977,0.2178
H005,standard,2026-05-07,3,False,summer,False,,0.0,,0.2674,0.7342
H005,deluxe,2026-05-07,3,False,summer,False,,0.0,,0.2674,0.7229
H005,premium,2026-05-07,3,False,summer,False,,0.0,,0.2674,0.704
H005,suite,2026-05-07,3,False,summer,False,,0.0,,0.2674,0.6701
H005,standard,2026-05-08,4,False,summer,False,,0.0,,0.2372,0.5084
H005,deluxe,2026-05-08,4,False,summer,False,,0.0,,0.2372,0.5006
H005,premium,2026-05-08,4,False,summer,False,,0.0,,0.2372,0.4875
H005,suite,2026-05-08,4,False,summer,False,,0.0,,0.2372,0.464
H005,standard,2026-05-09,5,True,summer,False,,0.0,,0.2531,0.8574
H005,deluxe,2026-05-09,5,True,summer,False,,0.0,,0.2531,0.8442
H005,premium,2026-05-09,5,True,summer,False,,0.0,,0.2531,0.8222
H005,suite,2026-05-09,5,True,summer,False,,0.0,,0.2531,0.7826
H005,standard,2026-05-10,6,True,summer,False,,0.0,,0.4092,0.4038
H005,deluxe,2026-05-10,6,True,summer,False,,0.0,,0.4092,0.3976
H005,premium,2026-05-10,6,True,summer,False,,0.0,,0.4092,0.3872
H005,suite,2026-05-10,6,True,summer,False,,0.0,,0.4092,0.3685
H005,standard,2026-05-11,0,False,summer,False,,0.0,,0.1865,0.5024
H005,deluxe,2026-05-11,0,False,summer,False,,0.0,,0.1865,0.4946
H005,premium,2026-05-11,0,False,summer,False,,0.0,,0.1865,0.4817
H005,suite,2026-05-11,0,False,summer,False,,0.0,,0.1865,0.4585
H005,standard,2026-05-12,1,False,summer,False,,0.0,,0.2825,0.5119
H005,deluxe,2026-05-12,1,False,summer,False,,0.0,,0.2825,0.504
H005,premium,2026-05-12,1,False,summer,False,,0.0,,0.2825,0.4909
H005,suite,2026-05-12,1,False,summer,False,,0.0,,0.2825,0.4672
H005,standard,2026-05-13,2,False,summer,False,,0.0,,0.2754,0.6244
H005,deluxe,2026-05-13,2,False,summer,False,,0.0,,0.2754,0.6148
H005,premium,2026-05-13,2,False,summer,False,,0.0,,0.2754,0.5988
H005,suite,2026-05-13,2,False,summer,False,,0.0,,0.2754,0.5699
H005,standard,2026-05-14,3,False,summer,False,,0.0,,0.2532,0.3441
H005,deluxe,2026-05-14,3,False,summer,False,,0.0,,0.2532,0.3388
H005,premium,2026-05-14,3,False,summer,False,,0.0,,0.2532,0.33
H005,suite,2026-05-14,3,False,summer,False,,0.0,,0.2532,0.314
H005,standard,2026-05-15,4,False,summer,False,,0.0,,0.2898,0.8468
H005,deluxe,2026-05-15,4,False,summer,False,,0.0,,0.2898,0.8337
H005,premium,2026-05-15,4,False,summer,False,,0.0,,0.2898,0.812
H005,suite,2026-05-15,4,False,summer,False,,0.0,,0.2898,0.7729
H005,standard,2026-05-16,5,True,summer,False,,0.0,,0.2862,1.0
H005,deluxe,2026-05-16,5,True,summer,False,,0.0,,0.2862,1.0
H005,premium,2026-05-16,5,True,summer,False,,0.0,,0.2862,1.0
H005,suite,2026-05-16,5,True,summer,False,,0.0,,0.2862,1.0
H005,standard,2026-05-17,6,True,summer,False,,0.0,,0.3153,0.4128
H005,deluxe,2026-05-17,6,True,summer,False,,0.0,,0.3153,0.4064
H005,premium,2026-05-17,6,True,summer,False,,0.0,,0.3153,0.3958
H005,suite,2026-05-17,6,True,summer,False,,0.0,,0.3153,0.3767
H005,standard,2026-05-18,0,False,summer,False,,0.0,,0.3693,0.6728
H005,deluxe,2026-05-18,0,False,summer,False,,0.0,,0.3693,0.6624
H005,premium,2026-05-18,0,False,summer,False,,0.0,,0.3693,0.6451
H005,suite,2026-05-18,0,False,summer,False,,0.0,,0.3693,0.614
H005,standard,2026-05-19,1,False,summer,False,,0.0,,0.2537,0.4677
H005,deluxe,2026-05-19,1,False,summer,False,,0.0,,0.2537,0.4605
H005,premium,2026-05-19,1,False,summer,False,,0.0,,0.2537,0.4484
H005,suite,2026-05-19,1,False,summer,False,,0.0,,0.2537,0.4268
H005,standard,2026-05-20,2,False,summer,False,,0.0,,0.2872,0.5097
H005,deluxe,2026-05-20,2,False,summer,False,,0.0,,0.2872,0.5019
H005,premium,2026-05-20,2,False,summer,False,,0.0,,0.2872,0.4888
H005,suite,2026-05-20,2,False,summer,False,,0.0,,0.2872,0.4652
H005,standard,2026-05-21,3,False,summer,False,,0.0,,0.2681,0.1535
H005,deluxe,2026-05-21,3,False,summer,False,,0.0,,0.2681,0.1511
H005,premium,2026-05-21,3,False,summer,False,,0.0,,0.2681,0.1472
H005,suite,2026-05-21,3,False,summer,False,,0.0,,0.2681,0.1401
H005,standard,2026-05-22,4,False,summer,False,,0.0,,0.4738,0.48
H005,deluxe,2026-05-22,4,False,summer,False,,0.0,,0.4738,0.4726
H005,premium,2026-05-22,4,False,summer,False,,0.0,,0.4738,0.4603
H005,suite,2026-05-22,4,False,summer,False,,0.0,,0.4738,0.4381
H005,standard,2026-05-23,5,True,summer,False,,0.0,,0.0785,0.8229
H005,deluxe,2026-05-23,5,True,summer,False,,0.0,,0.0785,0.8102
H005,premium,2026-05-23,5,True,summer,False,,0.0,,0.0785,0.789
H005,suite,2026-05-23,5,True,summer,False,,0.0,,0.0785,0.751
H005,standard,2026-05-24,6,True,summer,False,,0.0,,0.2837,0.1595
H005,deluxe,2026-05-24,6,True,summer,False,,0.0,,0.2837,0.1571
H005,premium,2026-05-24,6,True,summer,False,,0.0,,0.2837,0.153
H005,suite,2026-05-24,6,True,summer,False,,0.0,,0.2837,0.1456
H005,standard,2026-05-25,0,False,summer,False,,0.0,,0.3273,0.6795
H005,deluxe,2026-05-25,0,False,summer,False,,0.0,,0.3273,0.6691
H005,premium,2026-05-25,0,False,summer,False,,0.0,,0.3273,0.6516
H005,suite,2026-05-25,0,False,summer,False,,0.0,,0.3273,0.6202
H005,standard,2026-05-26,1,False,summer,False,,0.0,,0.2295,0.4538
H005,deluxe,2026-05-26,1,False,summer,False,,0.0,,0.2295,0.4468
H005,premium,2026-05-26,1,False,summer,False,,0.0,,0.2295,0.4351
H005,suite,2026-05-26,1,False,summer,False,,0.0,,0.2295,0.4141
H005,standard,2026-05-27,2,False,summer,True,Bakrid,0.0,,0.4294,0.5455
H005,deluxe,2026-05-27,2,False,summer,True,Bakrid,0.0,,0.4294,0.5371
H005,premium,2026-05-27,2,False,summer,True,Bakrid,0.0,,0.4294,0.523
H005,suite,2026-05-27,2,False,summer,True,Bakrid,0.0,,0.4294,0.4978
H005,standard,2026-05-28,3,False,summer,False,,0.0,,0.2542,0.3903
H005,deluxe,2026-05-28,3,False,summer,False,,0.0,,0.2542,0.3843
H005,premium,2026-05-28,3,False,summer,False,,0.0,,0.2542,0.3743
H005,suite,2026-05-28,3,False,summer,False,,0.0,,0.2542,0.3563
H005,standard,2026-05-29,4,False,summer,False,,0.0,,0.2185,0.7274
H005,deluxe,2026-05-29,4,False,summer,False,,0.0,,0.2185,0.7162
H005,premium,2026-05-29,4,False,summer,False,,0.0,,0.2185,0.6975
H005,suite,2026-05-29,4,False,summer,False,,0.0,,0.2185,0.6639
H005,standard,2026-05-30,5,True,summer,False,,0.0,,0.3531,0.6971
H005,deluxe,2026-05-30,5,True,summer,False,,0.0,,0.3531,0.6863
H005,premium,2026-05-30,5,True,summer,False,,0.0,,0.3531,0.6684
H005,suite,2026-05-30,5,True,summer,False,,0.0,,0.3531,0.6362
H005,standard,2026-05-31,6,True,summer,False,,0.0,,0.3673,0.6729
H005,deluxe,2026-05-31,6,True,summer,False,,0.0,,0.3673,0.6625
H005,premium,2026-05-31,6,True,summer,False,,0.0,,0.3673,0.6452
H005,suite,2026-05-31,6,True,summer,False,,0.0,,0.3673,0.6141
H005,standard,2026-06-01,0,False,monsoon,False,,0.0,,0.6822,0.3041
H005,deluxe,2026-06-01,0,False,monsoon,False,,0.0,,0.6822,0.2995
H005,premium,2026-06-01,0,False,monsoon,False,,0.0,,0.6822,0.2916
H005,suite,2026-06-01,0,False,monsoon,False,,0.0,,0.6822,0.2776
H005,standard,2026-06-02,1,False,monsoon,False,,0.0,,0.6984,0.6902
H005,deluxe,2026-06-02,1,False,monsoon,False,,0.0,,0.6984,0.6795
H005,premium,2026-06-02,1,False,monsoon,False,,0.0,,0.6984,0.6618
H005,suite,2026-06-02,1,False,monsoon,False,,0.0,,0.6984,0.6299
H005,standard,2026-06-03,2,False,monsoon,False,,0.0,,0.5604,0.5925
H005,deluxe,2026-06-03,2,False,monsoon,False,,0.0,,0.5604,0.5834
H005,premium,2026-06-03,2,False,monsoon,False,,0.0,,0.5604,0.5682
H005,suite,2026-06-03,2,False,monsoon,False,,0.0,,0.5604,0.5408
H005,standard,2026-06-04,3,False,monsoon,False,,0.0,,0.5404,0.3915
H005,deluxe,2026-06-04,3,False,monsoon,False,,0.0,,0.5404,0.3855
H005,premium,2026-06-04,3,False,monsoon,False,,0.0,,0.5404,0.3754
H005,suite,2026-06-04,3,False,monsoon,False,,0.0,,0.5404,0.3573
H005,standard,2026-06-05,4,False,monsoon,False,,0.0,,0.6374,0.7252
H005,deluxe,2026-06-05,4,False,monsoon,False,,0.0,,0.6374,0.714
H005,premium,2026-06-05,4,False,monsoon,False,,0.0,,0.6374,0.6954
H005,suite,2026-06-05,4,False,monsoon,False,,0.0,,0.6374,0.6619
H005,standard,2026-06-06,5,True,monsoon,False,,0.0,,0.6642,0.7113
H005,deluxe,2026-06-06,5,True,monsoon,False,,0.0,,0.6642,0.7003
H005,premium,2026-06-06,5,True,monsoon,False,,0.0,,0.6642,0.6821
H005,suite,2026-06-06,5,True,monsoon,False,,0.0,,0.6642,0.6492
H005,standard,2026-06-07,6,True,monsoon,False,,0.0,,0.58,0.8035
H005,deluxe,2026-06-07,6,True,monsoon,False,,0.0,,0.58,0.7911
H005,premium,2026-06-07,6,True,monsoon,False,,0.0,,0.58,0.7704
H005,suite,2026-06-07,6,True,monsoon,False,,0.0,,0.58,0.7333
H005,standard,2026-06-08,0,False,monsoon,False,,0.0,,0.6559,0.2501
H005,deluxe,2026-06-08,0,False,monsoon,False,,0.0,,0.6559,0.2462
H005,premium,2026-06-08,0,False,monsoon,False,,0.0,,0.6559,0.2398
H005,suite,2026-06-08,0,False,monsoon,False,,0.0,,0.6559,0.2282
H005,standard,2026-06-09,1,False,monsoon,False,,0.0,,0.6354,0.2945
H005,deluxe,2026-06-09,1,False,monsoon,False,,0.0,,0.6354,0.2899
H005,premium,2026-06-09,1,False,monsoon,False,,0.0,,0.6354,0.2824
H005,suite,2026-06-09,1,False,monsoon,False,,0.0,,0.6354,0.2687
H005,standard,2026-06-10,2,False,monsoon,False,,0.0,,0.6224,0.5561
H005,deluxe,2026-06-10,2,False,monsoon,False,,0.0,,0.6224,0.5475
H005,premium,2026-06-10,2,False,monsoon,False,,0.0,,0.6224,0.5332
H005,suite,2026-06-10,2,False,monsoon,False,,0.0,,0.6224,0.5075
H005,standard,2026-06-11,3,False,monsoon,False,,0.0,,0.5549,0.6132
H005,deluxe,2026-06-11,3,False,monsoon,False,,0.0,,0.5549,0.6038
H005,premium,2026-06-11,3,False,monsoon,False,,0.0,,0.5549,0.588
H005,suite,2026-06-11,3,False,monsoon,False,,0.0,,0.5549,0.5597
H005,standard,2026-06-12,4,False,monsoon,False,,0.0,,0.5671,0.8135
H005,deluxe,2026-06-12,4,False,monsoon,False,,0.0,,0.5671,0.801
H005,premium,2026-06-12,4,False,monsoon,False,,0.0,,0.5671,0.7801
H005,suite,2026-06-12,4,False,monsoon,False,,0.0,,0.5671,0.7425
H005,standard,2026-06-13,5,True,monsoon,False,,0.0,,0.6867,0.723
H005,deluxe,2026-06-13,5,True,monsoon,False,,0.0,,0.6867,0.7118
H005,premium,2026-06-13,5,True,monsoon,False,,0.0,,0.6867,0.6933
H005,suite,2026-06-13,5,True,monsoon,False,,0.0,,0.6867,0.6599
H005,standard,2026-06-14,6,True,monsoon,False,,0.0,,0.5007,0.5151
H005,deluxe,2026-06-14,6,True,monsoon,False,,0.0,,0.5007,0.5071
H005,premium,2026-06-14,6,True,monsoon,False,,0.0,,0.5007,0.4939
H005,suite,2026-06-14,6,True,monsoon,False,,0.0,,0.5007,0.4701
H005,standard,2026-06-15,0,False,monsoon,False,,0.0,,0.5658,0.6762
H005,deluxe,2026-06-15,0,False,monsoon,False,,0.0,,0.5658,0.6657
H005,premium,2026-06-15,0,False,monsoon,False,,0.0,,0.5658,0.6484
H005,suite,2026-06-15,0,False,monsoon,False,,0.0,,0.5658,0.6171
H005,standard,2026-06-16,1,False,monsoon,False,,0.0,,0.5779,0.6598
H005,deluxe,2026-06-16,1,False,monsoon,False,,0.0,,0.5779,0.6496
H005,premium,2026-06-16,1,False,monsoon,False,,0.0,,0.5779,0.6327
H005,suite,2026-06-16,1,False,monsoon,False,,0.0,,0.5779,0.6022
H005,standard,2026-06-17,2,False,monsoon,False,,0.0,,0.4753,0.5349
H005,deluxe,2026-06-17,2,False,monsoon,False,,0.0,,0.4753,0.5267
H005,premium,2026-06-17,2,False,monsoon,False,,0.0,,0.4753,0.513
H005,suite,2026-06-17,2,False,monsoon,False,,0.0,,0.4753,0.4882
H005,standard,2026-06-18,3,False,monsoon,False,,0.0,,0.5522,0.6466
H005,deluxe,2026-06-18,3,False,monsoon,False,,0.0,,0.5522,0.6366
H005,premium,2026-06-18,3,False,monsoon,False,,0.0,,0.5522,0.62
H005,suite,2026-06-18,3,False,monsoon,False,,0.0,,0.5522,0.5901
H005,standard,2026-06-19,4,False,monsoon,False,,0.0,,0.6347,0.4153
H005,deluxe,2026-06-19,4,False,monsoon,False,,0.0,,0.6347,0.4089
H005,premium,2026-06-19,4,False,monsoon,False,,0.0,,0.6347,0.3983
H005,suite,2026-06-19,4,False,monsoon,False,,0.0,,0.6347,0.3791
H005,standard,2026-06-20,5,True,monsoon,False,,0.0,,0.7522,0.635
H005,deluxe,2026-06-20,5,True,monsoon,False,,0.0,,0.7522,0.6253
H005,premium,2026-06-20,5,True,monsoon,False,,0.0,,0.7522,0.6089
H005,suite,2026-06-20,5,True,monsoon,False,,0.0,,0.7522,0.5796
H005,standard,2026-06-21,6,True,monsoon,False,,0.0,,0.5633,0.5109
H005,deluxe,2026-06-21,6,True,monsoon,False,,0.0,,0.5633,0.503
H005,premium,2026-06-21,6,True,monsoon,False,,0.0,,0.5633,0.4899
H005,suite,2026-06-21,6,True,monsoon,False,,0.0,,0.5633,0.4663
H005,standard,2026-06-22,0,False,monsoon,False,,0.0,,0.5771,0.7188
H005,deluxe,2026-06-22,0,False,monsoon,False,,0.0,,0.5771,0.7077
H005,premium,2026-06-22,0,False,monsoon,False,,0.0,,0.5771,0.6892
H005,suite,2026-06-22,0,False,monsoon,False,,0.0,,0.5771,0.656
H005,standard,2026-06-23,1,False,monsoon,False,,0.0,,0.6225,0.6034
H005,deluxe,2026-06-23,1,False,monsoon,False,,0.0,,0.6225,0.5941
H005,premium,2026-06-23,1,False,monsoon,False,,0.0,,0.6225,0.5786
H005,suite,2026-06-23,1,False,monsoon,False,,0.0,,0.6225,0.5507
H005,standard,2026-06-24,2,False,monsoon,False,,0.0,,0.6756,0.7235
H005,deluxe,2026-06-24,2,False,monsoon,False,,0.0,,0.6756,0.7123
H005,premium,2026-06-24,2,False,monsoon,False,,0.0,,0.6756,0.6937
H005,suite,2026-06-24,2,False,monsoon,False,,0.0,,0.6756,0.6603
H005,standard,2026-06-25,3,False,monsoon,False,,0.0,,0.5921,0.6805
H005,deluxe,2026-06-25,3,False,monsoon,False,,0.0,,0.5921,0.67
H005,premium,2026-06-25,3,False,monsoon,False,,0.0,,0.5921,0.6525
H005,suite,2026-06-25,3,False,monsoon,False,,0.0,,0.5921,0.6211
H005,standard,2026-06-26,4,False,monsoon,False,,0.0,,0.5364,0.9038
H005,deluxe,2026-06-26,4,False,monsoon,False,,0.0,,0.5364,0.8899
H005,premium,2026-06-26,4,False,monsoon,False,,0.0,,0.5364,0.8667
H005,suite,2026-06-26,4,False,monsoon,False,,0.0,,0.5364,0.8249
H005,standard,2026-06-27,5,True,monsoon,False,,0.0,,0.4609,0.6812
H005,deluxe,2026-06-27,5,True,monsoon,False,,0.0,,0.4609,0.6707
H005,premium,2026-06-27,5,True,monsoon,False,,0.0,,0.4609,0.6532
H005,suite,2026-06-27,5,True,monsoon,False,,0.0,,0.4609,0.6217
H005,standard,2026-06-28,6,True,monsoon,False,,0.0,,0.6108,0.7374
H005,deluxe,2026-06-28,6,True,monsoon,False,,0.0,,0.6108,0.726
H005,premium,2026-06-28,6,True,monsoon,False,,0.0,,0.6108,0.7071
H005,suite,2026-06-28,6,True,monsoon,False,,0.0,,0.6108,0.673
H005,standard,2026-06-29,0,False,monsoon,False,,0.0,,0.6917,0.6544
H005,deluxe,2026-06-29,0,False,monsoon,False,,0.0,,0.6917,0.6443
H005,premium,2026-06-29,0,False,monsoon,False,,0.0,,0.6917,0.6275
H005,suite,2026-06-29,0,False,monsoon,False,,0.0,,0.6917,0.5973
H005,standard,2026-06-30,1,False,monsoon,False,,0.0,,0.7337,0.5507
H005,deluxe,2026-06-30,1,False,monsoon,False,,0.0,,0.7337,0.5422
H005,premium,2026-06-30,1,False,monsoon,False,,0.0,,0.7337,0.5281
H005,suite,2026-06-30,1,False,monsoon,False,,0.0,,0.7337,0.5026
H005,standard,2026-07-01,2,False,monsoon,False,,0.0,,0.5591,0.4712
H005,deluxe,2026-07-01,2,False,monsoon,False,,0.0,,0.5591,0.4639
H005,premium,2026-07-01,2,False,monsoon,False,,0.0,,0.5591,0.4518
H005,suite,2026-07-01,2,False,monsoon,False,,0.0,,0.5591,0.43
H005,standard,2026-07-02,3,False,monsoon,False,,0.0,,0.5939,0.6356
H005,deluxe,2026-07-02,3,False,monsoon,False,,0.0,,0.5939,0.6258
H005,premium,2026-07-02,3,False,monsoon,False,,0.0,,0.5939,0.6095
H005,suite,2026-07-02,3,False,monsoon,False,,0.0,,0.5939,0.5801
H005,standard,2026-07-03,4,False,monsoon,False,,0.0,,0.631,0.4753
H005,deluxe,2026-07-03,4,False,monsoon,False,,0.0,,0.631,0.4679
H005,premium,2026-07-03,4,False,monsoon,False,,0.0,,0.631,0.4557
H005,suite,2026-07-03,4,False,monsoon,False,,0.0,,0.631,0.4338
H005,standard,2026-07-04,5,True,monsoon,False,,0.0,,0.7431,0.8417
H005,deluxe,2026-07-04,5,True,monsoon,False,,0.0,,0.7431,0.8287
H005,premium,2026-07-04,5,True,monsoon,False,,0.0,,0.7431,0.8071
H005,suite,2026-07-04,5,True,monsoon,False,,0.0,,0.7431,0.7682
H005,standard,2026-07-05,6,True,monsoon,False,,0.0,,0.65,0.5965
H005,deluxe,2026-07-05,6,True,monsoon,False,,0.0,,0.65,0.5873
H005,premium,2026-07-05,6,True,monsoon,False,,0.0,,0.65,0.572
H005,suite,2026-07-05,6,True,monsoon,False,,0.0,,0.65,0.5444
H005,standard,2026-07-06,0,False,monsoon,False,,0.0,,0.509,0.3233
H005,deluxe,2026-07-06,0,False,monsoon,False,,0.0,,0.509,0.3183
H005,premium,2026-07-06,0,False,monsoon,False,,0.0,,0.509,0.31
H005,suite,2026-07-06,0,False,monsoon,False,,0.0,,0.509,0.2951
H005,standard,2026-07-07,1,False,monsoon,False,,0.0,,0.5889,0.6648
H005,deluxe,2026-07-07,1,False,monsoon,False,,0.0,,0.5889,0.6546
H005,premium,2026-07-07,1,False,monsoon,False,,0.0,,0.5889,0.6375
H005,suite,2026-07-07,1,False,monsoon,False,,0.0,,0.5889,0.6068
H005,standard,2026-07-08,2,False,monsoon,False,,0.0,,0.6951,0.6141
H005,deluxe,2026-07-08,2,False,monsoon,False,,0.0,,0.6951,0.6047
H005,premium,2026-07-08,2,False,monsoon,False,,0.0,,0.6951,0.5889
H005,suite,2026-07-08,2,False,monsoon,False,,0.0,,0.6951,0.5605
H005,standard,2026-07-09,3,False,monsoon,False,,0.0,,0.5941,0.7758
H005,deluxe,2026-07-09,3,False,monsoon,False,,0.0,,0.5941,0.7638
H005,premium,2026-07-09,3,False,monsoon,False,,0.0,,0.5941,0.7439
H005,suite,2026-07-09,3,False,monsoon,False,,0.0,,0.5941,0.708
H005,standard,2026-07-10,4,False,monsoon,False,,0.0,,0.543,0.7984
H005,deluxe,2026-07-10,4,False,monsoon,False,,0.0,,0.543,0.7861
H005,premium,2026-07-10,4,False,monsoon,False,,0.0,,0.543,0.7656
H005,suite,2026-07-10,4,False,monsoon,False,,0.0,,0.543,0.7287
H005,standard,2026-07-11,5,True,monsoon,False,,0.0,,0.578,0.8143
H005,deluxe,2026-07-11,5,True,monsoon,False,,0.0,,0.578,0.8018
H005,premium,2026-07-11,5,True,monsoon,False,,0.0,,0.578,0.7809
H005,suite,2026-07-11,5,True,monsoon,False,,0.0,,0.578,0.7432
H005,standard,2026-07-12,6,True,monsoon,False,,0.0,,0.6475,0.4865
H005,deluxe,2026-07-12,6,True,monsoon,False,,0.0,,0.6475,0.479
H005,premium,2026-07-12,6,True,monsoon,False,,0.0,,0.6475,0.4665
H005,suite,2026-07-12,6,True,monsoon,False,,0.0,,0.6475,0.444
H005,standard,2026-07-13,0,False,monsoon,False,,0.0,,0.57,0.6987
H005,deluxe,2026-07-13,0,False,monsoon,False,,0.0,,0.57,0.6879
H005,premium,2026-07-13,0,False,monsoon,False,,0.0,,0.57,0.67
H005,suite,2026-07-13,0,False,monsoon,False,,0.0,,0.57,0.6377
H005,standard,2026-07-14,1,False,monsoon,False,,0.0,,0.6662,0.3927
H005,deluxe,2026-07-14,1,False,monsoon,False,,0.0,,0.6662,0.3866
H005,premium,2026-07-14,1,False,monsoon,False,,0.0,,0.6662,0.3765
H005,suite,2026-07-14,1,False,monsoon,False,,0.0,,0.6662,0.3584
H005,standard,2026-07-15,2,False,monsoon,False,,0.0,,0.6262,1.0
H005,deluxe,2026-07-15,2,False,monsoon,False,,0.0,,0.6262,0.9923
H005,premium,2026-07-15,2,False,monsoon,False,,0.0,,0.6262,0.9664
H005,suite,2026-07-15,2,False,monsoon,False,,0.0,,0.6262,0.9199
H005,standard,2026-07-16,3,False,monsoon,False,,0.0,,0.6158,0.362
H005,deluxe,2026-07-16,3,False,monsoon,False,,0.0,,0.6158,0.3564
H005,premium,2026-07-16,3,False,monsoon,False,,0.0,,0.6158,0.3471
H005,suite,2026-07-16,3,False,monsoon,False,,0.0,,0.6158,0.3304
H005,standard,2026-07-17,4,False,monsoon,False,,0.0,,0.632,0.5555
H005,deluxe,2026-07-17,4,False,monsoon,False,,0.0,,0.632,0.5469
H005,premium,2026-07-17,4,False,monsoon,False,,0.0,,0.632,0.5327
H005,suite,2026-07-17,4,False,monsoon,False,,0.0,,0.632,0.507
H005,standard,2026-07-18,5,True,monsoon,False,,0.0,,0.6635,0.7587
H005,deluxe,2026-07-18,5,True,monsoon,False,,0.0,,0.6635,0.747
H005,premium,2026-07-18,5,True,monsoon,False,,0.0,,0.6635,0.7276
H005,suite,2026-07-18,5,True,monsoon,False,,0.0,,0.6635,0.6925
H005,standard,2026-07-19,6,True,monsoon,False,,0.0,,0.7409,0.9679
H005,deluxe,2026-07-19,6,True,monsoon,False,,0.0,,0.7409,0.953
H005,premium,2026-07-19,6,True,monsoon,False,,0.0,,0.7409,0.9281
H005,suite,2026-07-19,6,True,monsoon,False,,0.0,,0.7409,0.8834
H005,standard,2026-07-20,0,False,monsoon,False,,0.0,,0.5958,0.4431
H005,deluxe,2026-07-20,0,False,monsoon,False,,0.0,,0.5958,0.4363
H005,premium,2026-07-20,0,False,monsoon,False,,0.0,,0.5958,0.4249
H005,suite,2026-07-20,0,False,monsoon,False,,0.0,,0.5958,0.4044
H005,standard,2026-07-21,1,False,monsoon,False,,0.0,,0.5786,0.4595
H005,deluxe,2026-07-21,1,False,monsoon,False,,0.0,,0.5786,0.4524
H005,premium,2026-07-21,1,False,monsoon,False,,0.0,,0.5786,0.4406
H005,suite,2026-07-21,1,False,monsoon,False,,0.0,,0.5786,0.4194
H005,standard,2026-07-22,2,False,monsoon,False,,0.0,,0.5358,0.9124
H005,deluxe,2026-07-22,2,False,monsoon,False,,0.0,,0.5358,0.8984
H005,premium,2026-07-22,2,False,monsoon,False,,0.0,,0.5358,0.8749
H005,suite,2026-07-22,2,False,monsoon,False,,0.0,,0.5358,0.8328
H005,standard,2026-07-23,3,False,monsoon,False,,0.0,,0.6596,0.6933
H005,deluxe,2026-07-23,3,False,monsoon,False,,0.0,,0.6596,0.6826
H005,premium,2026-07-23,3,False,monsoon,False,,0.0,,0.6596,0.6648
H005,suite,2026-07-23,3,False,monsoon,False,,0.0,,0.6596,0.6328
H005,standard,2026-07-24,4,False,monsoon,False,,0.0,,0.463,0.9728
H005,deluxe,2026-07-24,4,False,monsoon,False,,0.0,,0.463,0.9578
H005,premium,2026-07-24,4,False,monsoon,False,,0.0,,0.463,0.9328
H005,suite,2026-07-24,4,False,monsoon,False,,0.0,,0.463,0.8879
H005,standard,2026-07-25,5,True,monsoon,False,,0.0,,0.5572,0.8759
H005,deluxe,2026-07-25,5,True,monsoon,False,,0.0,,0.5572,0.8624
H005,premium,2026-07-25,5,True,monsoon,False,,0.0,,0.5572,0.8399
H005,suite,2026-07-25,5,True,monsoon,False,,0.0,,0.5572,0.7994
H005,standard,2026-07-26,6,True,monsoon,False,,0.0,,0.5982,0.5949
H005,deluxe,2026-07-26,6,True,monsoon,False,,0.0,,0.5982,0.5857
H005,premium,2026-07-26,6,True,monsoon,False,,0.0,,0.5982,0.5704
H005,suite,2026-07-26,6,True,monsoon,False,,0.0,,0.5982,0.5429
H005,standard,2026-07-27,0,False,monsoon,False,,0.0,,0.5809,0.7271
H005,deluxe,2026-07-27,0,False,monsoon,False,,0.0,,0.5809,0.7159
H005,premium,2026-07-27,0,False,monsoon,False,,0.0,,0.5809,0.6972
H005,suite,2026-07-27,0,False,monsoon,False,,0.0,,0.5809,0.6636
H005,standard,2026-07-28,1,False,monsoon,False,,0.0,,0.756,0.6037
H005,deluxe,2026-07-28,1,False,monsoon,False,,0.0,,0.756,0.5944
H005,premium,2026-07-28,1,False,monsoon,False,,0.0,,0.756,0.5789
H005,suite,2026-07-28,1,False,monsoon,False,,0.0,,0.756,0.551
H005,standard,2026-07-29,2,False,monsoon,False,,0.0,,0.5952,0.584
H005,deluxe,2026-07-29,2,False,monsoon,False,,0.0,,0.5952,0.575
H005,premium,2026-07-29,2,False,monsoon,False,,0.0,,0.5952,0.56
H005,suite,2026-07-29,2,False,monsoon,False,,0.0,,0.5952,0.533
H005,standard,2026-07-30,3,False,monsoon,False,,0.0,,0.6195,0.3891
H005,deluxe,2026-07-30,3,False,monsoon,False,,0.0,,0.6195,0.3831
H005,premium,2026-07-30,3,False,monsoon,False,,0.0,,0.6195,0.3731
H005,suite,2026-07-30,3,False,monsoon,False,,0.0,,0.6195,0.3551
H005,standard,2026-07-31,4,False,monsoon,False,,0.0,,0.6562,0.6609
H005,deluxe,2026-07-31,4,False,monsoon,False,,0.0,,0.6562,0.6507
H005,premium,2026-07-31,4,False,monsoon,False,,0.0,,0.6562,0.6337
H005,suite,2026-07-31,4,False,monsoon,False,,0.0,,0.6562,0.6031
H005,standard,2026-08-01,5,True,monsoon,False,,0.0,,0.7239,0.6514
H005,deluxe,2026-08-01,5,True,monsoon,False,,0.0,,0.7239,0.6414
H005,premium,2026-08-01,5,True,monsoon,False,,0.0,,0.7239,0.6246
H005,suite,2026-08-01,5,True,monsoon,False,,0.0,,0.7239,0.5945
H005,standard,2026-08-02,6,True,monsoon,False,,0.0,,0.5463,0.5271
H005,deluxe,2026-08-02,6,True,monsoon,False,,0.0,,0.5463,0.519
H005,premium,2026-08-02,6,True,monsoon,False,,0.0,,0.5463,0.5055
H005,suite,2026-08-02,6,True,monsoon,False,,0.0,,0.5463,0.4811
H005,standard,2026-08-03,0,False,monsoon,False,,0.0,,0.5316,0.6729
H005,deluxe,2026-08-03,0,False,monsoon,False,,0.0,,0.5316,0.6625
H005,premium,2026-08-03,0,False,monsoon,False,,0.0,,0.5316,0.6452
H005,suite,2026-08-03,0,False,monsoon,False,,0.0,,0.5316,0.6141
H005,standard,2026-08-04,1,False,monsoon,False,,0.0,,0.5771,0.3912
H005,deluxe,2026-08-04,1,False,monsoon,False,,0.0,,0.5771,0.3851
H005,premium,2026-08-04,1,False,monsoon,False,,0.0,,0.5771,0.3751
H005,suite,2026-08-04,1,False,monsoon,False,,0.0,,0.5771,0.357
H005,standard,2026-08-05,2,False,monsoon,False,,0.45,Teej Festival,0.4422,0.847
H005,deluxe,2026-08-05,2,False,monsoon,False,,0.45,Teej Festival,0.4422,0.834
H005,premium,2026-08-05,2,False,monsoon,False,,0.45,Teej Festival,0.4422,0.8122
H005,suite,2026-08-05,2,False,monsoon,False,,0.45,Teej Festival,0.4422,0.7731
H005,standard,2026-08-06,3,False,monsoon,False,,0.45,Teej Festival,0.6077,0.7437
H005,deluxe,2026-08-06,3,False,monsoon,False,,0.45,Teej Festival,0.6077,0.7322
H005,premium,2026-08-06,3,False,monsoon,False,,0.45,Teej Festival,0.6077,0.7131
H005,suite,2026-08-06,3,False,monsoon,False,,0.45,Teej Festival,0.6077,0.6787
H005,standard,2026-08-07,4,False,monsoon,False,,0.45,Teej Festival,0.5314,1.0
H005,deluxe,2026-08-07,4,False,monsoon,False,,0.45,Teej Festival,0.5314,0.9941
H005,premium,2026-08-07,4,False,monsoon,False,,0.45,Teej Festival,0.5314,0.9681
H005,suite,2026-08-07,4,False,monsoon,False,,0.45,Teej Festival,0.5314,0.9215
H005,standard,2026-08-08,5,True,monsoon,False,,0.45,Teej Festival,0.532,0.984
H005,deluxe,2026-08-08,5,True,monsoon,False,,0.45,Teej Festival,0.532,0.9689
H005,premium,2026-08-08,5,True,monsoon,False,,0.45,Teej Festival,0.532,0.9436
H005,suite,2026-08-08,5,True,monsoon,False,,0.45,Teej Festival,0.532,0.8981
H005,standard,2026-08-09,6,True,monsoon,False,,0.45,Teej Festival,0.5927,0.8362
H005,deluxe,2026-08-09,6,True,monsoon,False,,0.45,Teej Festival,0.5927,0.8233
H005,premium,2026-08-09,6,True,monsoon,False,,0.45,Teej Festival,0.5927,0.8018
H005,suite,2026-08-09,6,True,monsoon,False,,0.45,Teej Festival,0.5927,0.7631
H005,standard,2026-08-10,0,False,monsoon,False,,0.45,Teej Festival,0.6017,0.6416
H005,deluxe,2026-08-10,0,False,monsoon,False,,0.45,Teej Festival,0.6017,0.6317
H005,premium,2026-08-10,0,False,monsoon,False,,0.45,Teej Festival,0.6017,0.6152
H005,suite,2026-08-10,0,False,monsoon,False,,0.45,Teej Festival,0.6017,0.5856
H005,standard,2026-08-11,1,False,monsoon,False,,0.45,Teej Festival,0.602,0.7232
H005,deluxe,2026-08-11,1,False,monsoon,False,,0.45,Teej Festival,0.602,0.7121
H005,premium,2026-08-11,1,False,monsoon,False,,0.45,Teej Festival,0.602,0.6935
H005,suite,2026-08-11,1,False,monsoon,False,,0.45,Teej Festival,0.602,0.6601
H005,standard,2026-08-12,2,False,monsoon,False,,0.45,Teej Festival,0.639,0.4612
H005,deluxe,2026-08-12,2,False,monsoon,False,,0.45,Teej Festival,0.639,0.4541
H005,premium,2026-08-12,2,False,monsoon,False,,0.45,Teej Festival,0.639,0.4423
H005,suite,2026-08-12,2,False,monsoon,False,,0.45,Teej Festival,0.639,0.421
H005,standard,2026-08-13,3,False,monsoon,False,,0.0,,0.5421,0.904
H005,deluxe,2026-08-13,3,False,monsoon,False,,0.0,,0.5421,0.8901
H005,premium,2026-08-13,3,False,monsoon,False,,0.0,,0.5421,0.8669
H005,suite,2026-08-13,3,False,monsoon,False,,0.0,,0.5421,0.8251
H005,standard,2026-08-14,4,False,monsoon,False,,0.0,,0.583,0.5238
H005,deluxe,2026-08-14,4,False,monsoon,False,,0.0,,0.583,0.5158
H005,premium,2026-08-14,4,False,monsoon,False,,0.0,,0.583,0.5023
H005,suite,2026-08-14,4,False,monsoon,False,,0.0,,0.583,0.4781
H005,standard,2026-08-15,5,True,monsoon,True,Independence Day,0.0,,0.5067,0.6946
H005,deluxe,2026-08-15,5,True,monsoon,True,Independence Day,0.0,,0.5067,0.6839
H005,premium,2026-08-15,5,True,monsoon,True,Independence Day,0.0,,0.5067,0.6661
H005,suite,2026-08-15,5,True,monsoon,True,Independence Day,0.0,,0.5067,0.634
H005,standard,2026-08-16,6,True,monsoon,False,,0.0,,0.6362,0.7789
H005,deluxe,2026-08-16,6,True,monsoon,False,,0.0,,0.6362,0.7669
H005,premium,2026-08-16,6,True,monsoon,False,,0.0,,0.6362,0.7469
H005,suite,2026-08-16,6,True,monsoon,False,,0.0,,0.6362,0.7109
H005,standard,2026-08-17,0,False,monsoon,False,,0.0,,0.6146,0.2974
H005,deluxe,2026-08-17,0,False,monsoon,False,,0.0,,0.6146,0.2928
H005,premium,2026-08-17,0,False,monsoon,False,,0.0,,0.6146,0.2852
H005,suite,2026-08-17,0,False,monsoon,False,,0.0,,0.6146,0.2714
H005,standard,2026-08-18,1,False,monsoon,False,,0.0,,0.6491,0.6579
H005,deluxe,2026-08-18,1,False,monsoon,False,,0.0,,0.6491,0.6478
H005,premium,2026-08-18,1,False,monsoon,False,,0.0,,0.6491,0.6309
H005,suite,2026-08-18,1,False,monsoon,False,,0.0,,0.6491,0.6005
H005,standard,2026-08-19,2,False,monsoon,False,,0.0,,0.5501,0.6357
H005,deluxe,2026-08-19,2,False,monsoon,False,,0.0,,0.5501,0.6259
H005,premium,2026-08-19,2,False,monsoon,False,,0.0,,0.5501,0.6096
H005,suite,2026-08-19,2,False,monsoon,False,,0.0,,0.5501,0.5802
H005,standard,2026-08-20,3,False,monsoon,False,,0.0,,0.5579,0.5773
H005,deluxe,2026-08-20,3,False,monsoon,False,,0.0,,0.5579,0.5684
H005,premium,2026-08-20,3,False,monsoon,False,,0.0,,0.5579,0.5536
H005,suite,2026-08-20,3,False,monsoon,False,,0.0,,0.5579,0.5269
H005,standard,2026-08-21,4,False,monsoon,False,,0.0,,0.6597,0.8139
H005,deluxe,2026-08-21,4,False,monsoon,False,,0.0,,0.6597,0.8013
H005,premium,2026-08-21,4,False,monsoon,False,,0.0,,0.6597,0.7804
H005,suite,2026-08-21,4,False,monsoon,False,,0.0,,0.6597,0.7428
H005,standard,2026-08-22,5,True,monsoon,False,,0.0,,0.68,0.7049
H005,deluxe,2026-08-22,5,True,monsoon,False,,0.0,,0.68,0.694
H005,premium,2026-08-22,5,True,monsoon,False,,0.0,,0.68,0.6759
H005,suite,2026-08-22,5,True,monsoon,False,,0.0,,0.68,0.6433
H005,standard,2026-08-23,6,True,monsoon,False,,0.0,,0.6395,0.4798
H005,deluxe,2026-08-23,6,True,monsoon,False,,0.0,,0.6395,0.4724
H005,premium,2026-08-23,6,True,monsoon,False,,0.0,,0.6395,0.4601
H005,suite,2026-08-23,6,True,monsoon,False,,0.0,,0.6395,0.4379
H005,standard,2026-08-24,0,False,monsoon,False,,0.0,,0.6118,0.2612
H005,deluxe,2026-08-24,0,False,monsoon,False,,0.0,,0.6118,0.2571
H005,premium,2026-08-24,0,False,monsoon,False,,0.0,,0.6118,0.2504
H005,suite,2026-08-24,0,False,monsoon,False,,0.0,,0.6118,0.2384
H006,standard,2025-08-25,0,False,monsoon,False,,0.0,,0.5979,1.0
H006,deluxe,2025-08-25,0,False,monsoon,False,,0.0,,0.5979,1.0
H006,premium,2025-08-25,0,False,monsoon,False,,0.0,,0.5979,1.0
H006,suite,2025-08-25,0,False,monsoon,False,,0.0,,0.5979,0.9947
H006,standard,2025-08-26,1,False,monsoon,False,,0.0,,0.6001,0.7107
H006,deluxe,2025-08-26,1,False,monsoon,False,,0.0,,0.6001,0.6998
H006,premium,2025-08-26,1,False,monsoon,False,,0.0,,0.6001,0.6815
H006,suite,2025-08-26,1,False,monsoon,False,,0.0,,0.6001,0.6487
H006,standard,2025-08-27,2,False,monsoon,True,Ganesh Chaturthi,0.0,,0.645,0.9597
H006,deluxe,2025-08-27,2,False,monsoon,True,Ganesh Chaturthi,0.0,,0.645,0.945
H006,premium,2025-08-27,2,False,monsoon,True,Ganesh Chaturthi,0.0,,0.645,0.9203
H006,suite,2025-08-27,2,False,monsoon,True,Ganesh Chaturthi,0.0,,0.645,0.8759
H006,standard,2025-08-28,3,False,monsoon,False,,0.0,,0.5822,0.7251
H006,deluxe,2025-08-28,3,False,monsoon,False,,0.0,,0.5822,0.7139
H006,premium,2025-08-28,3,False,monsoon,False,,0.0,,0.5822,0.6953
H006,suite,2025-08-28,3,False,monsoon,False,,0.0,,0.5822,0.6618
H006,standard,2025-08-29,4,False,monsoon,False,,0.0,,0.5114,1.0
H006,deluxe,2025-08-29,4,False,monsoon,False,,0.0,,0.5114,0.9938
H006,premium,2025-08-29,4,False,monsoon,False,,0.0,,0.5114,0.9679
H006,suite,2025-08-29,4,False,monsoon,False,,0.0,,0.5114,0.9212
H006,standard,2025-08-30,5,True,monsoon,False,,0.0,,0.4948,0.4934
H006,deluxe,2025-08-30,5,True,monsoon,False,,0.0,,0.4948,0.4858
H006,premium,2025-08-30,5,True,monsoon,False,,0.0,,0.4948,0.4731
H006,suite,2025-08-30,5,True,monsoon,False,,0.0,,0.4948,0.4503
H006,standard,2025-08-31,6,True,monsoon,False,,0.0,,0.59,0.6242
H006,deluxe,2025-08-31,6,True,monsoon,False,,0.0,,0.59,0.6146
H006,premium,2025-08-31,6,True,monsoon,False,,0.0,,0.59,0.5985
H006,suite,2025-08-31,6,True,monsoon,False,,0.0,,0.59,0.5697
H006,standard,2025-09-01,0,False,monsoon,False,,0.0,,0.4787,0.4619
H006,deluxe,2025-09-01,0,False,monsoon,False,,0.0,,0.4787,0.4548
H006,premium,2025-09-01,0,False,monsoon,False,,0.0,,0.4787,0.443
H006,suite,2025-09-01,0,False,monsoon,False,,0.0,,0.4787,0.4216
H006,standard,2025-09-02,1,False,monsoon,False,,0.0,,0.6779,1.0
H006,deluxe,2025-09-02,1,False,monsoon,False,,0.0,,0.6779,1.0
H006,premium,2025-09-02,1,False,monsoon,False,,0.0,,0.6779,1.0
H006,suite,2025-09-02,1,False,monsoon,False,,0.0,,0.6779,1.0
H006,standard,2025-09-03,2,False,monsoon,False,,0.0,,0.6285,0.6576
H006,deluxe,2025-09-03,2,False,monsoon,False,,0.0,,0.6285,0.6474
H006,premium,2025-09-03,2,False,monsoon,False,,0.0,,0.6285,0.6306
H006,suite,2025-09-03,2,False,monsoon,False,,0.0,,0.6285,0.6002
H006,standard,2025-09-04,3,False,monsoon,False,,0.0,,0.6273,0.714
H006,deluxe,2025-09-04,3,False,monsoon,False,,0.0,,0.6273,0.703
H006,premium,2025-09-04,3,False,monsoon,False,,0.0,,0.6273,0.6847
H006,suite,2025-09-04,3,False,monsoon,False,,0.0,,0.6273,0.6516
H006,standard,2025-09-05,4,False,monsoon,False,,0.0,,0.4248,0.6147
H006,deluxe,2025-09-05,4,False,monsoon,False,,0.0,,0.4248,0.6052
H006,premium,2025-09-05,4,False,monsoon,False,,0.0,,0.4248,0.5895
H006,suite,2025-09-05,4,False,monsoon,False,,0.0,,0.4248,0.561
H006,standard,2025-09-06,5,True,monsoon,False,,0.0,,0.4884,0.3008
H006,deluxe,2025-09-06,5,True,monsoon,False,,0.0,,0.4884,0.2961
H006,premium,2025-09-06,5,True,monsoon,False,,0.0,,0.4884,0.2884
H006,suite,2025-09-06,5,True,monsoon,False,,0.0,,0.4884,0.2745
H006,standard,2025-09-07,6,True,monsoon,False,,0.0,,0.6761,0.5773
H006,deluxe,2025-09-07,6,True,monsoon,False,,0.0,,0.6761,0.5684
H006,premium,2025-09-07,6,True,monsoon,False,,0.0,,0.6761,0.5536
H006,suite,2025-09-07,6,True,monsoon,False,,0.0,,0.6761,0.5269
H006,standard,2025-09-08,0,False,monsoon,False,,0.0,,0.611,0.6583
H006,deluxe,2025-09-08,0,False,monsoon,False,,0.0,,0.611,0.6481
H006,premium,2025-09-08,0,False,monsoon,False,,0.0,,0.611,0.6312
H006,suite,2025-09-08,0,False,monsoon,False,,0.0,,0.611,0.6008
H006,standard,2025-09-09,1,False,monsoon,False,,0.0,,0.5369,0.8797
H006,deluxe,2025-09-09,1,False,monsoon,False,,0.0,,0.5369,0.8662
H006,premium,2025-09-09,1,False,monsoon,False,,0.0,,0.5369,0.8436
H006,suite,2025-09-09,1,False,monsoon,False,,0.0,,0.5369,0.8029
H006,standard,2025-09-10,2,False,monsoon,False,,0.0,,0.5201,1.0
H006,deluxe,2025-09-10,2,False,monsoon,False,,0.0,,0.5201,1.0
H006,premium,2025-09-10,2,False,monsoon,False,,0.0,,0.5201,1.0
H006,suite,2025-09-10,2,False,monsoon,False,,0.0,,0.5201,1.0
H006,standard,2025-09-11,3,False,monsoon,False,,0.0,,0.4745,1.0
H006,deluxe,2025-09-11,3,False,monsoon,False,,0.0,,0.4745,1.0
H006,premium,2025-09-11,3,False,monsoon,False,,0.0,,0.4745,1.0
H006,suite,2025-09-11,3,False,monsoon,False,,0.0,,0.4745,1.0
H006,standard,2025-09-12,4,False,monsoon,False,,0.0,,0.5705,1.0
H006,deluxe,2025-09-12,4,False,monsoon,False,,0.0,,0.5705,1.0
H006,premium,2025-09-12,4,False,monsoon,False,,0.0,,0.5705,0.9818
H006,suite,2025-09-12,4,False,monsoon,False,,0.0,,0.5705,0.9345
H006,standard,2025-09-13,5,True,monsoon,False,,0.0,,0.5289,0.9622
H006,deluxe,2025-09-13,5,True,monsoon,False,,0.0,,0.5289,0.9474
H006,premium,2025-09-13,5,True,monsoon,False,,0.0,,0.5289,0.9227
H006,suite,2025-09-13,5,True,monsoon,False,,0.0,,0.5289,0.8782
H006,standard,2025-09-14,6,True,monsoon,False,,0.0,,0.5768,0.5236
H006,deluxe,2025-09-14,6,True,monsoon,False,,0.0,,0.5768,0.5155
H006,premium,2025-09-14,6,True,monsoon,False,,0.0,,0.5768,0.5021
H006,suite,2025-09-14,6,True,monsoon,False,,0.0,,0.5768,0.4779
H006,standard,2025-09-15,0,False,monsoon,False,,0.0,,0.5432,1.0
H006,deluxe,2025-09-15,0,False,monsoon,False,,0.0,,0.5432,1.0
H006,premium,2025-09-15,0,False,monsoon,False,,0.0,,0.5432,1.0
H006,suite,2025-09-15,0,False,monsoon,False,,0.0,,0.5432,0.9623
H006,standard,2025-09-16,1,False,monsoon,False,,0.0,,0.5876,0.6816
H006,deluxe,2025-09-16,1,False,monsoon,False,,0.0,,0.5876,0.6711
H006,premium,2025-09-16,1,False,monsoon,False,,0.0,,0.5876,0.6536
H006,suite,2025-09-16,1,False,monsoon,False,,0.0,,0.5876,0.6221
H006,standard,2025-09-17,2,False,monsoon,False,,0.0,,0.4177,0.4637
H006,deluxe,2025-09-17,2,False,monsoon,False,,0.0,,0.4177,0.4566
H006,premium,2025-09-17,2,False,monsoon,False,,0.0,,0.4177,0.4446
H006,suite,2025-09-17,2,False,monsoon,False,,0.0,,0.4177,0.4232
H006,standard,2025-09-18,3,False,monsoon,False,,0.0,,0.537,0.8176
H006,deluxe,2025-09-18,3,False,monsoon,False,,0.0,,0.537,0.805
H006,premium,2025-09-18,3,False,monsoon,False,,0.0,,0.537,0.784
H006,suite,2025-09-18,3,False,monsoon,False,,0.0,,0.537,0.7462
H006,standard,2025-09-19,4,False,monsoon,False,,0.0,,0.5891,0.4096
H006,deluxe,2025-09-19,4,False,monsoon,False,,0.0,,0.5891,0.4033
H006,premium,2025-09-19,4,False,monsoon,False,,0.0,,0.5891,0.3928
H006,suite,2025-09-19,4,False,monsoon,False,,0.0,,0.5891,0.3738
H006,standard,2025-09-20,5,True,monsoon,False,,0.0,,0.582,0.4998
H006,deluxe,2025-09-20,5,True,monsoon,False,,0.0,,0.582,0.4921
H006,premium,2025-09-20,5,True,monsoon,False,,0.0,,0.582,0.4792
H006,suite,2025-09-20,5,True,monsoon,False,,0.0,,0.582,0.4561
H006,standard,2025-09-21,6,True,monsoon,False,,0.0,,0.5078,0.4277
H006,deluxe,2025-09-21,6,True,monsoon,False,,0.0,,0.5078,0.4211
H006,premium,2025-09-21,6,True,monsoon,False,,0.0,,0.5078,0.4101
H006,suite,2025-09-21,6,True,monsoon,False,,0.0,,0.5078,0.3904
H006,standard,2025-09-22,0,False,monsoon,False,,0.0,,0.5625,0.7516
H006,deluxe,2025-09-22,0,False,monsoon,False,,0.0,,0.5625,0.74
H006,premium,2025-09-22,0,False,monsoon,False,,0.0,,0.5625,0.7207
H006,suite,2025-09-22,0,False,monsoon,False,,0.0,,0.5625,0.686
H006,standard,2025-09-23,1,False,monsoon,False,,0.0,,0.4558,1.0
H006,deluxe,2025-09-23,1,False,monsoon,False,,0.0,,0.4558,1.0
H006,premium,2025-09-23,1,False,monsoon,False,,0.0,,0.4558,1.0
H006,suite,2025-09-23,1,False,monsoon,False,,0.0,,0.4558,0.9773
H006,standard,2025-09-24,2,False,monsoon,False,,0.0,,0.5689,1.0
H006,deluxe,2025-09-24,2,False,monsoon,False,,0.0,,0.5689,1.0
H006,premium,2025-09-24,2,False,monsoon,False,,0.0,,0.5689,0.9827
H006,suite,2025-09-24,2,False,monsoon,False,,0.0,,0.5689,0.9353
H006,standard,2025-09-25,3,False,monsoon,False,,0.0,,0.6366,1.0
H006,deluxe,2025-09-25,3,False,monsoon,False,,0.0,,0.6366,1.0
H006,premium,2025-09-25,3,False,monsoon,False,,0.0,,0.6366,0.9757
H006,suite,2025-09-25,3,False,monsoon,False,,0.0,,0.6366,0.9287
H006,standard,2025-09-26,4,False,monsoon,False,,0.0,,0.5904,1.0
H006,deluxe,2025-09-26,4,False,monsoon,False,,0.0,,0.5904,1.0
H006,premium,2025-09-26,4,False,monsoon,False,,0.0,,0.5904,1.0
H006,suite,2025-09-26,4,False,monsoon,False,,0.0,,0.5904,0.956
H006,standard,2025-09-27,5,True,monsoon,False,,0.0,,0.5725,0.4846
H006,deluxe,2025-09-27,5,True,monsoon,False,,0.0,,0.5725,0.4771
H006,premium,2025-09-27,5,True,monsoon,False,,0.0,,0.5725,0.4647
H006,suite,2025-09-27,5,True,monsoon,False,,0.0,,0.5725,0.4423
H006,standard,2025-09-28,6,True,monsoon,False,,0.0,,0.4723,0.7289
H006,deluxe,2025-09-28,6,True,monsoon,False,,0.0,,0.4723,0.7177
H006,premium,2025-09-28,6,True,monsoon,False,,0.0,,0.4723,0.699
H006,suite,2025-09-28,6,True,monsoon,False,,0.0,,0.4723,0.6653
H006,standard,2025-09-29,0,False,monsoon,False,,0.0,,0.5452,0.5337
H006,deluxe,2025-09-29,0,False,monsoon,False,,0.0,,0.5452,0.5254
H006,premium,2025-09-29,0,False,monsoon,False,,0.0,,0.5452,0.5117
H006,suite,2025-09-29,0,False,monsoon,False,,0.0,,0.5452,0.4871
H006,standard,2025-09-30,1,False,monsoon,False,,0.0,,0.4534,1.0
H006,deluxe,2025-09-30,1,False,monsoon,False,,0.0,,0.4534,1.0
H006,premium,2025-09-30,1,False,monsoon,False,,0.0,,0.4534,1.0
H006,suite,2025-09-30,1,False,monsoon,False,,0.0,,0.4534,0.9607
H006,standard,2025-10-01,2,False,autumn,False,,0.0,,0.748,1.0
H006,deluxe,2025-10-01,2,False,autumn,False,,0.0,,0.748,1.0
H006,premium,2025-10-01,2,False,autumn,False,,0.0,,0.748,1.0
H006,suite,2025-10-01,2,False,autumn,False,,0.0,,0.748,1.0
H006,standard,2025-10-02,3,False,autumn,True,Dussehra,0.0,,0.8917,1.0
H006,deluxe,2025-10-02,3,False,autumn,True,Dussehra,0.0,,0.8917,1.0
H006,premium,2025-10-02,3,False,autumn,True,Dussehra,0.0,,0.8917,1.0
H006,suite,2025-10-02,3,False,autumn,True,Dussehra,0.0,,0.8917,1.0
H006,standard,2025-10-03,4,False,autumn,False,,0.0,,0.8972,0.8477
H006,deluxe,2025-10-03,4,False,autumn,False,,0.0,,0.8972,0.8347
H006,premium,2025-10-03,4,False,autumn,False,,0.0,,0.8972,0.8129
H006,suite,2025-10-03,4,False,autumn,False,,0.0,,0.8972,0.7737
H006,standard,2025-10-04,5,True,autumn,False,,0.0,,0.8244,0.8257
H006,deluxe,2025-10-04,5,True,autumn,False,,0.0,,0.8244,0.8129
H006,premium,2025-10-04,5,True,autumn,False,,0.0,,0.8244,0.7917
H006,suite,2025-10-04,5,True,autumn,False,,0.0,,0.8244,0.7536
H006,standard,2025-10-05,6,True,autumn,False,,0.0,,0.8252,0.6731
H006,deluxe,2025-10-05,6,True,autumn,False,,0.0,,0.8252,0.6627
H006,premium,2025-10-05,6,True,autumn,False,,0.0,,0.8252,0.6455
H006,suite,2025-10-05,6,True,autumn,False,,0.0,,0.8252,0.6143
H006,standard,2025-10-06,0,False,autumn,False,,0.0,,0.8121,0.5741
H006,deluxe,2025-10-06,0,False,autumn,False,,0.0,,0.8121,0.5652
H006,premium,2025-10-06,0,False,autumn,False,,0.0,,0.8121,0.5505
H006,suite,2025-10-06,0,False,autumn,False,,0.0,,0.8121,0.5239
H006,standard,2025-10-07,1,False,autumn,False,,0.0,,0.8473,0.7759
H006,deluxe,2025-10-07,1,False,autumn,False,,0.0,,0.8473,0.7639
H006,premium,2025-10-07,1,False,autumn,False,,0.0,,0.8473,0.744
H006,suite,2025-10-07,1,False,autumn,False,,0.0,,0.8473,0.7081
H006,standard,2025-10-08,2,False,autumn,False,,0.0,,0.9792,1.0
H006,deluxe,2025-10-08,2,False,autumn,False,,0.0,,0.9792,0.989
H006,premium,2025-10-08,2,False,autumn,False,,0.0,,0.9792,0.9632
H006,suite,2025-10-08,2,False,autumn,False,,0.0,,0.9792,0.9168
H006,standard,2025-10-09,3,False,autumn,False,,0.0,,0.7476,0.7924
H006,deluxe,2025-10-09,3,False,autumn,False,,0.0,,0.7476,0.7802
H006,premium,2025-10-09,3,False,autumn,False,,0.0,,0.7476,0.7598
H006,suite,2025-10-09,3,False,autumn,False,,0.0,,0.7476,0.7232
H006,standard,2025-10-10,4,False,autumn,False,,0.0,,0.8785,0.7383
H006,deluxe,2025-10-10,4,False,autumn,False,,0.0,,0.8785,0.7269
H006,premium,2025-10-10,4,False,autumn,False,,0.0,,0.8785,0.708
H006,suite,2025-10-10,4,False,autumn,False,,0.0,,0.8785,0.6738
H006,standard,2025-10-11,5,True,autumn,False,,0.0,,0.8285,0.5685
H006,deluxe,2025-10-11,5,True,autumn,False,,0.0,,0.8285,0.5597
H006,premium,2025-10-11,5,True,autumn,False,,0.0,,0.8285,0.5451
H006,suite,2025-10-11,5,True,autumn,False,,0.0,,0.8285,0.5188
H006,standard,2025-10-12,6,True,autumn,False,,0.0,,0.8511,1.0
H006,deluxe,2025-10-12,6,True,autumn,False,,0.0,,0.8511,1.0
H006,premium,2025-10-12,6,True,autumn,False,,0.0,,0.8511,1.0
H006,suite,2025-10-12,6,True,autumn,False,,0.0,,0.8511,1.0
H006,standard,2025-10-13,0,False,autumn,False,,0.0,,0.9167,0.7325
H006,deluxe,2025-10-13,0,False,autumn,False,,0.0,,0.9167,0.7212
H006,premium,2025-10-13,0,False,autumn,False,,0.0,,0.9167,0.7024
H006,suite,2025-10-13,0,False,autumn,False,,0.0,,0.9167,0.6685
H006,standard,2025-10-14,1,False,autumn,False,,0.0,,0.7329,0.8837
H006,deluxe,2025-10-14,1,False,autumn,False,,0.0,,0.7329,0.8701
H006,premium,2025-10-14,1,False,autumn,False,,0.0,,0.7329,0.8474
H006,suite,2025-10-14,1,False,autumn,False,,0.0,,0.7329,0.8065
H006,standard,2025-10-15,2,False,autumn,False,,0.0,,0.8861,0.935
H006,deluxe,2025-10-15,2,False,autumn,False,,0.0,,0.8861,0.9206
H006,premium,2025-10-15,2,False,autumn,False,,0.0,,0.8861,0.8966
H006,suite,2025-10-15,2,False,autumn,False,,0.0,,0.8861,0.8533
H006,standard,2025-10-16,3,False,autumn,False,,0.0,,0.9827,1.0
H006,deluxe,2025-10-16,3,False,autumn,False,,0.0,,0.9827,1.0
H006,premium,2025-10-16,3,False,autumn,False,,0.0,,0.9827,1.0
H006,suite,2025-10-16,3,False,autumn,False,,0.0,,0.9827,1.0
H006,standard,2025-10-17,4,False,autumn,False,,0.0,,0.778,0.9102
H006,deluxe,2025-10-17,4,False,autumn,False,,0.0,,0.778,0.8962
H006,premium,2025-10-17,4,False,autumn,False,,0.0,,0.778,0.8728
H006,suite,2025-10-17,4,False,autumn,False,,0.0,,0.778,0.8307
H006,standard,2025-10-18,5,True,autumn,False,,0.0,,0.7779,0.7363
H006,deluxe,2025-10-18,5,True,autumn,False,,0.0,,0.7779,0.725
H006,premium,2025-10-18,5,True,autumn,False,,0.0,,0.7779,0.706
H006,suite,2025-10-18,5,True,autumn,False,,0.0,,0.7779,0.672
H006,standard,2025-10-19,6,True,autumn,False,,0.0,,0.868,1.0
H006,deluxe,2025-10-19,6,True,autumn,False,,0.0,,0.868,1.0
H006,premium,2025-10-19,6,True,autumn,False,,0.0,,0.868,1.0
H006,suite,2025-10-19,6,True,autumn,False,,0.0,,0.868,0.9549
H006,standard,2025-10-20,0,False,autumn,True,Diwali,0.0,,0.9042,0.6923
H006,deluxe,2025-10-20,0,False,autumn,True,Diwali,0.0,,0.9042,0.6816
H006,premium,2025-10-20,0,False,autumn,True,Diwali,0.0,,0.9042,0.6638
H006,suite,2025-10-20,0,False,autumn,True,Diwali,0.0,,0.9042,0.6318
H006,standard,2025-10-21,1,False,autumn,False,,0.0,,0.8931,0.8171
H006,deluxe,2025-10-21,1,False,autumn,False,,0.0,,0.8931,0.8045
H006,premium,2025-10-21,1,False,autumn,False,,0.0,,0.8931,0.7836
H006,suite,2025-10-21,1,False,autumn,False,,0.0,,0.8931,0.7458
H006,standard,2025-10-22,2,False,autumn,False,,0.0,,0.8064,0.8699
H006,deluxe,2025-10-22,2,False,autumn,False,,0.0,,0.8064,0.8565
H006,premium,2025-10-22,2,False,autumn,False,,0.0,,0.8064,0.8342
H006,suite,2025-10-22,2,False,autumn,False,,0.0,,0.8064,0.794
H006,standard,2025-10-23,3,False,autumn,False,,0.0,,0.7963,0.8584
H006,deluxe,2025-10-23,3,False,autumn,False,,0.0,,0.7963,0.8451
H006,premium,2025-10-23,3,False,autumn,False,,0.0,,0.7963,0.8231
H006,suite,2025-10-23,3,False,autumn,False,,0.0,,0.7963,0.7834
H006,standard,2025-10-24,4,False,autumn,False,,0.0,,0.7502,0.8932
H006,deluxe,2025-10-24,4,False,autumn,False,,0.0,,0.7502,0.8794
H006,premium,2025-10-24,4,False,autumn,False,,0.0,,0.7502,0.8565
H006,suite,2025-10-24,4,False,autumn,False,,0.0,,0.7502,0.8152
H006,standard,2025-10-25,5,True,autumn,False,,0.0,,0.8612,0.6995
H006,deluxe,2025-10-25,5,True,autumn,False,,0.0,,0.8612,0.6887
H006,premium,2025-10-25,5,True,autumn,False,,0.0,,0.8612,0.6708
H006,suite,2025-10-25,5,True,autumn,False,,0.0,,0.8612,0.6384
H006,standard,2025-10-26,6,True,autumn,False,,0.0,,0.8126,0.6591
H006,deluxe,2025-10-26,6,True,autumn,False,,0.0,,0.8126,0.6489
H006,premium,2025-10-26,6,True,autumn,False,,0.0,,0.8126,0.632
H006,suite,2025-10-26,6,True,autumn,False,,0.0,,0.8126,0.6015
H006,standard,2025-10-27,0,False,autumn,False,,0.0,,0.7187,1.0
H006,deluxe,2025-10-27,0,False,autumn,False,,0.0,,0.7187,1.0
H006,premium,2025-10-27,0,False,autumn,False,,0.0,,0.7187,1.0
H006,suite,2025-10-27,0,False,autumn,False,,0.0,,0.7187,1.0
H006,standard,2025-10-28,1,False,autumn,False,,0.0,,0.9861,1.0
H006,deluxe,2025-10-28,1,False,autumn,False,,0.0,,0.9861,1.0
H006,premium,2025-10-28,1,False,autumn,False,,0.0,,0.9861,1.0
H006,suite,2025-10-28,1,False,autumn,False,,0.0,,0.9861,1.0
H006,standard,2025-10-29,2,False,autumn,False,,0.0,,0.8111,1.0
H006,deluxe,2025-10-29,2,False,autumn,False,,0.0,,0.8111,1.0
H006,premium,2025-10-29,2,False,autumn,False,,0.0,,0.8111,1.0
H006,suite,2025-10-29,2,False,autumn,False,,0.0,,0.8111,1.0
H006,standard,2025-10-30,3,False,autumn,False,,0.0,,0.863,0.5813
H006,deluxe,2025-10-30,3,False,autumn,False,,0.0,,0.863,0.5724
H006,premium,2025-10-30,3,False,autumn,False,,0.0,,0.863,0.5574
H006,suite,2025-10-30,3,False,autumn,False,,0.0,,0.863,0.5305
H006,standard,2025-10-31,4,False,autumn,False,,0.0,,0.8429,0.6704
H006,deluxe,2025-10-31,4,False,autumn,False,,0.0,,0.8429,0.6601
H006,premium,2025-10-31,4,False,autumn,False,,0.0,,0.8429,0.6429
H006,suite,2025-10-31,4,False,autumn,False,,0.0,,0.8429,0.6119
H006,standard,2025-11-01,5,True,autumn,False,,0.0,,0.8086,0.6569
H006,deluxe,2025-11-01,5,True,autumn,False,,0.0,,0.8086,0.6468
H006,premium,2025-11-01,5,True,autumn,False,,0.0,,0.8086,0.6299
H006,suite,2025-11-01,5,True,autumn,False,,0.0,,0.8086,0.5995
H006,standard,2025-11-02,6,True,autumn,False,,0.0,,0.9015,0.7873
H006,deluxe,2025-11-02,6,True,autumn,False,,0.0,,0.9015,0.7752
H006,premium,2025-11-02,6,True,autumn,False,,0.0,,0.9015,0.755
H006,suite,2025-11-02,6,True,autumn,False,,0.0,,0.9015,0.7186
H006,standard,2025-11-03,0,False,autumn,False,,0.0,,0.9306,0.9295
H006,deluxe,2025-11-03,0,False,autumn,False,,0.0,,0.9306,0.9152
H006,premium,2025-11-03,0,False,autumn,False,,0.0,,0.9306,0.8913
H006,suite,2025-11-03,0,False,autumn,False,,0.0,,0.9306,0.8483
H006,standard,2025-11-04,1,False,autumn,False,,0.0,,1.0,0.6422
H006,deluxe,2025-11-04,1,False,autumn,False,,0.0,,1.0,0.6323
H006,premium,2025-11-04,1,False,autumn,False,,0.0,,1.0,0.6158
H006,suite,2025-11-04,1,False,autumn,False,,0.0,,1.0,0.5861
H006,standard,2025-11-05,2,False,autumn,True,Guru Nanak Jayanti,0.0,,0.8038,1.0
H006,deluxe,2025-11-05,2,False,autumn,True,Guru Nanak Jayanti,0.0,,0.8038,0.9947
H006,premium,2025-11-05,2,False,autumn,True,Guru Nanak Jayanti,0.0,,0.8038,0.9688
H006,suite,2025-11-05,2,False,autumn,True,Guru Nanak Jayanti,0.0,,0.8038,0.9221
H006,standard,2025-11-06,3,False,autumn,False,,0.0,,0.7759,1.0
H006,deluxe,2025-11-06,3,False,autumn,False,,0.0,,0.7759,1.0
H006,premium,2025-11-06,3,False,autumn,False,,0.0,,0.7759,1.0
H006,suite,2025-11-06,3,False,autumn,False,,0.0,,0.7759,1.0
H006,standard,2025-11-07,4,False,autumn,False,,0.0,,0.9248,1.0
H006,deluxe,2025-11-07,4,False,autumn,False,,0.0,,0.9248,1.0
H006,premium,2025-11-07,4,False,autumn,False,,0.0,,0.9248,1.0
H006,suite,2025-11-07,4,False,autumn,False,,0.0,,0.9248,1.0
H006,standard,2025-11-08,5,True,autumn,False,,0.0,,0.8763,0.4367
H006,deluxe,2025-11-08,5,True,autumn,False,,0.0,,0.8763,0.43
H006,premium,2025-11-08,5,True,autumn,False,,0.0,,0.8763,0.4188
H006,suite,2025-11-08,5,True,autumn,False,,0.0,,0.8763,0.3986
H006,standard,2025-11-09,6,True,autumn,False,,0.0,,0.8002,0.961
H006,deluxe,2025-11-09,6,True,autumn,False,,0.0,,0.8002,0.9462
H006,premium,2025-11-09,6,True,autumn,False,,0.0,,0.8002,0.9215
H006,suite,2025-11-09,6,True,autumn,False,,0.0,,0.8002,0.8771
H006,standard,2025-11-10,0,False,autumn,False,,0.0,,0.9107,0.9363
H006,deluxe,2025-11-10,0,False,autumn,False,,0.0,,0.9107,0.9218
H006,premium,2025-11-10,0,False,autumn,False,,0.0,,0.9107,0.8978
H006,suite,2025-11-10,0,False,autumn,False,,0.0,,0.9107,0.8545
H006,standard,2025-11-11,1,False,autumn,False,,0.0,,0.818,0.8781
H006,deluxe,2025-11-11,1,False,autumn,False,,0.0,,0.818,0.8646
H006,premium,2025-11-11,1,False,autumn,False,,0.0,,0.818,0.842
H006,suite,2025-11-11,1,False,autumn,False,,0.0,,0.818,0.8014
H006,standard,2025-11-12,2,False,autumn,False,,0.0,,0.7578,0.7357
H006,deluxe,2025-11-12,2,False,autumn,False,,0.0,,0.7578,0.7244
H006,premium,2025-11-12,2,False,autumn,False,,0.0,,0.7578,0.7055
H006,suite,2025-11-12,2,False,autumn,False,,0.0,,0.7578,0.6715
H006,standard,2025-11-13,3,False,autumn,False,,0.0,,0.8271,0.8856
H006,deluxe,2025-11-13,3,False,autumn,False,,0.0,,0.8271,0.8719
H006,premium,2025-11-13,3,False,autumn,False,,0.0,,0.8271,0.8492
H006,suite,2025-11-13,3,False,autumn,False,,0.0,,0.8271,0.8082
H006,standard,2025-11-14,4,False,autumn,False,,0.8,India International Trade Fair,0.9399,1.0
H006,deluxe,2025-11-14,4,False,autumn,False,,0.8,India International Trade Fair,0.9399,1.0
H006,premium,2025-11-14,4,False,autumn,False,,0.8,India International Trade Fair,0.9399,1.0
H006,suite,2025-11-14,4,False,autumn,False,,0.8,India International Trade Fair,0.9399,1.0
H006,standard,2025-11-15,5,True,autumn,False,,0.8,India International Trade Fair,0.9106,1.0
H006,deluxe,2025-11-15,5,True,autumn,False,,0.8,India International Trade Fair,0.9106,0.9864
H006,premium,2025-11-15,5,True,autumn,False,,0.8,India International Trade Fair,0.9106,0.9606
H006,suite,2025-11-15,5,True,autumn,False,,0.8,India International Trade Fair,0.9106,0.9143
H006,standard,2025-11-16,6,True,autumn,False,,0.8,India International Trade Fair,0.8568,1.0
H006,deluxe,2025-11-16,6,True,autumn,False,,0.8,India International Trade Fair,0.8568,1.0
H006,premium,2025-11-16,6,True,autumn,False,,0.8,India International Trade Fair,0.8568,1.0
H006,suite,2025-11-16,6,True,autumn,False,,0.8,India International Trade Fair,0.8568,1.0
H006,standard,2025-11-17,0,False,autumn,False,,0.8,India International Trade Fair,0.8359,1.0
H006,deluxe,2025-11-17,0,False,autumn,False,,0.8,India International Trade Fair,0.8359,1.0
H006,premium,2025-11-17,0,False,autumn,False,,0.8,India International Trade Fair,0.8359,1.0
H006,suite,2025-11-17,0,False,autumn,False,,0.8,India International Trade Fair,0.8359,1.0
H006,standard,2025-11-18,1,False,autumn,False,,0.8,India International Trade Fair,0.7237,1.0
H006,deluxe,2025-11-18,1,False,autumn,False,,0.8,India International Trade Fair,0.7237,1.0
H006,premium,2025-11-18,1,False,autumn,False,,0.8,India International Trade Fair,0.7237,1.0
H006,suite,2025-11-18,1,False,autumn,False,,0.8,India International Trade Fair,0.7237,1.0
H006,standard,2025-11-19,2,False,autumn,False,,0.8,India International Trade Fair,0.7927,1.0
H006,deluxe,2025-11-19,2,False,autumn,False,,0.8,India International Trade Fair,0.7927,1.0
H006,premium,2025-11-19,2,False,autumn,False,,0.8,India International Trade Fair,0.7927,1.0
H006,suite,2025-11-19,2,False,autumn,False,,0.8,India International Trade Fair,0.7927,1.0
H006,standard,2025-11-20,3,False,autumn,False,,0.8,India International Trade Fair,0.683,1.0
H006,deluxe,2025-11-20,3,False,autumn,False,,0.8,India International Trade Fair,0.683,1.0
H006,premium,2025-11-20,3,False,autumn,False,,0.8,India International Trade Fair,0.683,1.0
H006,suite,2025-11-20,3,False,autumn,False,,0.8,India International Trade Fair,0.683,1.0
H006,standard,2025-11-21,4,False,autumn,False,,0.8,India International Trade Fair,0.7958,1.0
H006,deluxe,2025-11-21,4,False,autumn,False,,0.8,India International Trade Fair,0.7958,1.0
H006,premium,2025-11-21,4,False,autumn,False,,0.8,India International Trade Fair,0.7958,1.0
H006,suite,2025-11-21,4,False,autumn,False,,0.8,India International Trade Fair,0.7958,1.0
H006,standard,2025-11-22,5,True,autumn,False,,0.8,India International Trade Fair,0.8582,1.0
H006,deluxe,2025-11-22,5,True,autumn,False,,0.8,India International Trade Fair,0.8582,1.0
H006,premium,2025-11-22,5,True,autumn,False,,0.8,India International Trade Fair,0.8582,1.0
H006,suite,2025-11-22,5,True,autumn,False,,0.8,India International Trade Fair,0.8582,1.0
H006,standard,2025-11-23,6,True,autumn,False,,0.8,India International Trade Fair,0.8575,1.0
H006,deluxe,2025-11-23,6,True,autumn,False,,0.8,India International Trade Fair,0.8575,1.0
H006,premium,2025-11-23,6,True,autumn,False,,0.8,India International Trade Fair,0.8575,1.0
H006,suite,2025-11-23,6,True,autumn,False,,0.8,India International Trade Fair,0.8575,1.0
H006,standard,2025-11-24,0,False,autumn,False,,0.8,India International Trade Fair,0.8684,1.0
H006,deluxe,2025-11-24,0,False,autumn,False,,0.8,India International Trade Fair,0.8684,1.0
H006,premium,2025-11-24,0,False,autumn,False,,0.8,India International Trade Fair,0.8684,1.0
H006,suite,2025-11-24,0,False,autumn,False,,0.8,India International Trade Fair,0.8684,1.0
H006,standard,2025-11-25,1,False,autumn,False,,0.8,India International Trade Fair,0.9356,1.0
H006,deluxe,2025-11-25,1,False,autumn,False,,0.8,India International Trade Fair,0.9356,1.0
H006,premium,2025-11-25,1,False,autumn,False,,0.8,India International Trade Fair,0.9356,1.0
H006,suite,2025-11-25,1,False,autumn,False,,0.8,India International Trade Fair,0.9356,1.0
H006,standard,2025-11-26,2,False,autumn,False,,0.8,India International Trade Fair,0.7632,1.0
H006,deluxe,2025-11-26,2,False,autumn,False,,0.8,India International Trade Fair,0.7632,1.0
H006,premium,2025-11-26,2,False,autumn,False,,0.8,India International Trade Fair,0.7632,1.0
H006,suite,2025-11-26,2,False,autumn,False,,0.8,India International Trade Fair,0.7632,1.0
H006,standard,2025-11-27,3,False,autumn,False,,0.8,India International Trade Fair,0.8773,1.0
H006,deluxe,2025-11-27,3,False,autumn,False,,0.8,India International Trade Fair,0.8773,1.0
H006,premium,2025-11-27,3,False,autumn,False,,0.8,India International Trade Fair,0.8773,1.0
H006,suite,2025-11-27,3,False,autumn,False,,0.8,India International Trade Fair,0.8773,1.0
H006,standard,2025-11-28,4,False,autumn,False,,0.0,,0.898,0.9332
H006,deluxe,2025-11-28,4,False,autumn,False,,0.0,,0.898,0.9188
H006,premium,2025-11-28,4,False,autumn,False,,0.0,,0.898,0.8949
H006,suite,2025-11-28,4,False,autumn,False,,0.0,,0.898,0.8517
H006,standard,2025-11-29,5,True,autumn,False,,0.0,,0.8959,1.0
H006,deluxe,2025-11-29,5,True,autumn,False,,0.0,,0.8959,1.0
H006,premium,2025-11-29,5,True,autumn,False,,0.0,,0.8959,1.0
H006,suite,2025-11-29,5,True,autumn,False,,0.0,,0.8959,1.0
H006,standard,2025-11-30,6,True,autumn,False,,0.0,,0.8128,0.914
H006,deluxe,2025-11-30,6,True,autumn,False,,0.0,,0.8128,0.8999
H006,premium,2025-11-30,6,True,autumn,False,,0.0,,0.8128,0.8764
H006,suite,2025-11-30,6,True,autumn,False,,0.0,,0.8128,0.8341
H006,standard,2025-12-01,0,False,winter,False,,0.0,,0.8486,0.6812
H006,deluxe,2025-12-01,0,False,winter,False,,0.0,,0.8486,0.6707
H006,premium,2025-12-01,0,False,winter,False,,0.0,,0.8486,0.6532
H006,suite,2025-12-01,0,False,winter,False,,0.0,,0.8486,0.6217
H006,standard,2025-12-02,1,False,winter,False,,0.0,,0.9308,1.0
H006,deluxe,2025-12-02,1,False,winter,False,,0.0,,0.9308,1.0
H006,premium,2025-12-02,1,False,winter,False,,0.0,,0.9308,1.0
H006,suite,2025-12-02,1,False,winter,False,,0.0,,0.9308,0.9629
H006,standard,2025-12-03,2,False,winter,False,,0.0,,0.7293,1.0
H006,deluxe,2025-12-03,2,False,winter,False,,0.0,,0.7293,1.0
H006,premium,2025-12-03,2,False,winter,False,,0.0,,0.7293,1.0
H006,suite,2025-12-03,2,False,winter,False,,0.0,,0.7293,1.0
H006,standard,2025-12-04,3,False,winter,False,,0.0,,0.6613,1.0
H006,deluxe,2025-12-04,3,False,winter,False,,0.0,,0.6613,1.0
H006,premium,2025-12-04,3,False,winter,False,,0.0,,0.6613,0.9852
H006,suite,2025-12-04,3,False,winter,False,,0.0,,0.6613,0.9377
H006,standard,2025-12-05,4,False,winter,False,,0.0,,0.8713,1.0
H006,deluxe,2025-12-05,4,False,winter,False,,0.0,,0.8713,0.9937
H006,premium,2025-12-05,4,False,winter,False,,0.0,,0.8713,0.9678
H006,suite,2025-12-05,4,False,winter,False,,0.0,,0.8713,0.9211
H006,standard,2025-12-06,5,True,winter,False,,0.0,,0.8198,0.3525
H006,deluxe,2025-12-06,5,True,winter,False,,0.0,,0.8198,0.3471
H006,premium,2025-12-06,5,True,winter,False,,0.0,,0.8198,0.338
H006,suite,2025-12-06,5,True,winter,False,,0.0,,0.8198,0.3217
H006,standard,2025-12-07,6,True,winter,False,,0.0,,0.7704,1.0
H006,deluxe,2025-12-07,6,True,winter,False,,0.0,,0.7704,1.0
H006,premium,2025-12-07,6,True,winter,False,,0.0,,0.7704,0.9994
H006,suite,2025-12-07,6,True,winter,False,,0.0,,0.7704,0.9512
H006,standard,2025-12-08,0,False,winter,False,,0.0,,0.8541,0.8422
H006,deluxe,2025-12-08,0,False,winter,False,,0.0,,0.8541,0.8293
H006,premium,2025-12-08,0,False,winter,False,,0.0,,0.8541,0.8076
H006,suite,2025-12-08,0,False,winter,False,,0.0,,0.8541,0.7687
H006,standard,2025-12-09,1,False,winter,False,,0.0,,0.7291,1.0
H006,deluxe,2025-12-09,1,False,winter,False,,0.0,,0.7291,1.0
H006,premium,2025-12-09,1,False,winter,False,,0.0,,0.7291,1.0
H006,suite,2025-12-09,1,False,winter,False,,0.0,,0.7291,1.0
H006,standard,2025-12-10,2,False,winter,False,,0.0,,0.7682,0.7633
H006,deluxe,2025-12-10,2,False,winter,False,,0.0,,0.7682,0.7515
H006,premium,2025-12-10,2,False,winter,False,,0.0,,0.7682,0.7319
H006,suite,2025-12-10,2,False,winter,False,,0.0,,0.7682,0.6966
H006,standard,2025-12-11,3,False,winter,False,,0.0,,0.8338,1.0
H006,deluxe,2025-12-11,3,False,winter,False,,0.0,,0.8338,1.0
H006,premium,2025-12-11,3,False,winter,False,,0.0,,0.8338,1.0
H006,suite,2025-12-11,3,False,winter,False,,0.0,,0.8338,0.9694
H006,standard,2025-12-12,4,False,winter,False,,0.0,,0.8292,1.0
H006,deluxe,2025-12-12,4,False,winter,False,,0.0,,0.8292,1.0
H006,premium,2025-12-12,4,False,winter,False,,0.0,,0.8292,1.0
H006,suite,2025-12-12,4,False,winter,False,,0.0,,0.8292,1.0
H006,standard,2025-12-13,5,True,winter,False,,0.0,,0.8229,0.6364
H006,deluxe,2025-12-13,5,True,winter,False,,0.0,,0.8229,0.6266
H006,premium,2025-12-13,5,True,winter,False,,0.0,,0.8229,0.6103
H006,suite,2025-12-13,5,True,winter,False,,0.0,,0.8229,0.5809
H006,standard,2025-12-14,6,True,winter,False,,0.0,,0.8686,0.9246
H006,deluxe,2025-12-14,6,True,winter,False,,0.0,,0.8686,0.9103
H006,premium,2025-12-14,6,True,winter,False,,0.0,,0.8686,0.8866
H006,suite,2025-12-14,6,True,winter,False,,0.0,,0.8686,0.8438
H006,standard,2025-12-15,0,False,winter,False,,0.0,,0.7809,0.6571
H006,deluxe,2025-12-15,0,False,winter,False,,0.0,,0.7809,0.647
H006,premium,2025-12-15,0,False,winter,False,,0.0,,0.7809,0.6301
H006,suite,2025-12-15,0,False,winter,False,,0.0,,0.7809,0.5997
H006,standard,2025-12-16,1,False,winter,False,,0.0,,0.7872,0.798
H006,deluxe,2025-12-16,1,False,winter,False,,0.0,,0.7872,0.7857
H006,premium,2025-12-16,1,False,winter,False,,0.0,,0.7872,0.7652
H006,suite,2025-12-16,1,False,winter,False,,0.0,,0.7872,0.7283
H006,standard,2025-12-17,2,False,winter,False,,0.0,,0.6691,1.0
H006,deluxe,2025-12-17,2,False,winter,False,,0.0,,0.6691,1.0
H006,premium,2025-12-17,2,False,winter,False,,0.0,,0.6691,1.0
H006,suite,2025-12-17,2,False,winter,False,,0.0,,0.6691,1.0
H006,standard,2025-12-18,3,False,winter,False,,0.0,,0.7827,0.6376
H006,deluxe,2025-12-18,3,False,winter,False,,0.0,,0.7827,0.6278
H006,premium,2025-12-18,3,False,winter,False,,0.0,,0.7827,0.6114
H006,suite,2025-12-18,3,False,winter,False,,0.0,,0.7827,0.5819
H006,standard,2025-12-19,4,False,winter,False,,0.0,,0.7693,1.0
H006,deluxe,2025-12-19,4,False,winter,False,,0.0,,0.7693,0.9988
H006,premium,2025-12-19,4,False,winter,False,,0.0,,0.7693,0.9727
H006,suite,2025-12-19,4,False,winter,False,,0.0,,0.7693,0.9258
H006,standard,2025-12-20,5,True,winter,False,,0.0,,0.8971,0.3462
H006,deluxe,2025-12-20,5,True,winter,False,,0.0,,0.8971,0.3409
H006,premium,2025-12-20,5,True,winter,False,,0.0,,0.8971,0.332
H006,suite,2025-12-20,5,True,winter,False,,0.0,,0.8971,0.316
H006,standard,2025-12-21,6,True,winter,False,,0.0,,0.8131,0.9949
H006,deluxe,2025-12-21,6,True,winter,False,,0.0,,0.8131,0.9796
H006,premium,2025-12-21,6,True,winter,False,,0.0,,0.8131,0.954
H006,suite,2025-12-21,6,True,winter,False,,0.0,,0.8131,0.908
H006,standard,2025-12-22,0,False,winter,False,,0.0,,0.7534,1.0
H006,deluxe,2025-12-22,0,False,winter,False,,0.0,,0.7534,1.0
H006,premium,2025-12-22,0,False,winter,False,,0.0,,0.7534,1.0
H006,suite,2025-12-22,0,False,winter,False,,0.0,,0.7534,1.0
H006,standard,2025-12-23,1,False,winter,False,,0.0,,0.8029,1.0
H006,deluxe,2025-12-23,1,False,winter,False,,0.0,,0.8029,1.0
H006,premium,2025-12-23,1,False,winter,False,,0.0,,0.8029,1.0
H006,suite,2025-12-23,1,False,winter,False,,0.0,,0.8029,1.0
H006,standard,2025-12-24,2,False,winter,False,,0.0,,0.7989,1.0
H006,deluxe,2025-12-24,2,False,winter,False,,0.0,,0.7989,1.0
H006,premium,2025-12-24,2,False,winter,False,,0.0,,0.7989,1.0
H006,suite,2025-12-24,2,False,winter,False,,0.0,,0.7989,1.0
H006,standard,2025-12-25,3,False,winter,True,Christmas,0.0,,0.7215,0.9551
H006,deluxe,2025-12-25,3,False,winter,True,Christmas,0.0,,0.7215,0.9404
H006,premium,2025-12-25,3,False,winter,True,Christmas,0.0,,0.7215,0.9158
H006,suite,2025-12-25,3,False,winter,True,Christmas,0.0,,0.7215,0.8717
H006,standard,2025-12-26,4,False,winter,False,,0.0,,0.8528,1.0
H006,deluxe,2025-12-26,4,False,winter,False,,0.0,,0.8528,1.0
H006,premium,2025-12-26,4,False,winter,False,,0.0,,0.8528,1.0
H006,suite,2025-12-26,4,False,winter,False,,0.0,,0.8528,1.0
H006,standard,2025-12-27,5,True,winter,False,,0.0,,0.677,0.4301
H006,deluxe,2025-12-27,5,True,winter,False,,0.0,,0.677,0.4234
H006,premium,2025-12-27,5,True,winter,False,,0.0,,0.677,0.4124
H006,suite,2025-12-27,5,True,winter,False,,0.0,,0.677,0.3925
H006,standard,2025-12-28,6,True,winter,False,,0.0,,0.7788,0.7084
H006,deluxe,2025-12-28,6,True,winter,False,,0.0,,0.7788,0.6975
H006,premium,2025-12-28,6,True,winter,False,,0.0,,0.7788,0.6793
H006,suite,2025-12-28,6,True,winter,False,,0.0,,0.7788,0.6465
H006,standard,2025-12-29,0,False,winter,False,,0.0,,0.843,0.8712
H006,deluxe,2025-12-29,0,False,winter,False,,0.0,,0.843,0.8578
H006,premium,2025-12-29,0,False,winter,False,,0.0,,0.843,0.8354
H006,suite,2025-12-29,0,False,winter,False,,0.0,,0.843,0.7951
H006,standard,2025-12-30,1,False,winter,False,,0.0,,0.7556,1.0
H006,deluxe,2025-12-30,1,False,winter,False,,0.0,,0.7556,1.0
H006,premium,2025-12-30,1,False,winter,False,,0.0,,0.7556,1.0
H006,suite,2025-12-30,1,False,winter,False,,0.0,,0.7556,1.0
H006,standard,2025-12-31,2,False,winter,True,New Year's Eve,0.0,,0.9063,0.9746
H006,deluxe,2025-12-31,2,False,winter,True,New Year's Eve,0.0,,0.9063,0.9596
H006,premium,2025-12-31,2,False,winter,True,New Year's Eve,0.0,,0.9063,0.9345
H006,suite,2025-12-31,2,False,winter,True,New Year's Eve,0.0,,0.9063,0.8895
H006,standard,2026-01-01,3,False,winter,True,New Year's Day,0.0,,0.7249,1.0
H006,deluxe,2026-01-01,3,False,winter,True,New Year's Day,0.0,,0.7249,1.0
H006,premium,2026-01-01,3,False,winter,True,New Year's Day,0.0,,0.7249,1.0
H006,suite,2026-01-01,3,False,winter,True,New Year's Day,0.0,,0.7249,1.0
H006,standard,2026-01-02,4,False,winter,False,,0.0,,0.7173,1.0
H006,deluxe,2026-01-02,4,False,winter,False,,0.0,,0.7173,1.0
H006,premium,2026-01-02,4,False,winter,False,,0.0,,0.7173,1.0
H006,suite,2026-01-02,4,False,winter,False,,0.0,,0.7173,1.0
H006,standard,2026-01-03,5,True,winter,False,,0.0,,0.8102,0.5783
H006,deluxe,2026-01-03,5,True,winter,False,,0.0,,0.8102,0.5694
H006,premium,2026-01-03,5,True,winter,False,,0.0,,0.8102,0.5545
H006,suite,2026-01-03,5,True,winter,False,,0.0,,0.8102,0.5278
H006,standard,2026-01-04,6,True,winter,False,,0.0,,0.8909,0.9856
H006,deluxe,2026-01-04,6,True,winter,False,,0.0,,0.8909,0.9704
H006,premium,2026-01-04,6,True,winter,False,,0.0,,0.8909,0.9451
H006,suite,2026-01-04,6,True,winter,False,,0.0,,0.8909,0.8995
H006,standard,2026-01-05,0,False,winter,False,,0.0,,0.7661,1.0
H006,deluxe,2026-01-05,0,False,winter,False,,0.0,,0.7661,0.9882
H006,premium,2026-01-05,0,False,winter,False,,0.0,,0.7661,0.9624
H006,suite,2026-01-05,0,False,winter,False,,0.0,,0.7661,0.916
H006,standard,2026-01-06,1,False,winter,False,,0.0,,0.7991,1.0
H006,deluxe,2026-01-06,1,False,winter,False,,0.0,,0.7991,1.0
H006,premium,2026-01-06,1,False,winter,False,,0.0,,0.7991,1.0
H006,suite,2026-01-06,1,False,winter,False,,0.0,,0.7991,1.0
H006,standard,2026-01-07,2,False,winter,False,,0.0,,0.8567,1.0
H006,deluxe,2026-01-07,2,False,winter,False,,0.0,,0.8567,1.0
H006,premium,2026-01-07,2,False,winter,False,,0.0,,0.8567,1.0
H006,suite,2026-01-07,2,False,winter,False,,0.0,,0.8567,1.0
H006,standard,2026-01-08,3,False,winter,False,,0.0,,0.8371,1.0
H006,deluxe,2026-01-08,3,False,winter,False,,0.0,,0.8371,1.0
H006,premium,2026-01-08,3,False,winter,False,,0.0,,0.8371,1.0
H006,suite,2026-01-08,3,False,winter,False,,0.0,,0.8371,0.9561
H006,standard,2026-01-09,4,False,winter,False,,0.0,,0.7781,0.7275
H006,deluxe,2026-01-09,4,False,winter,False,,0.0,,0.7781,0.7163
H006,premium,2026-01-09,4,False,winter,False,,0.0,,0.7781,0.6976
H006,suite,2026-01-09,4,False,winter,False,,0.0,,0.7781,0.664
H006,standard,2026-01-10,5,True,winter,False,,0.0,,0.8538,0.2544
H006,deluxe,2026-01-10,5,True,winter,False,,0.0,,0.8538,0.2505
H006,premium,2026-01-10,5,True,winter,False,,0.0,,0.8538,0.2439
H006,suite,2026-01-10,5,True,winter,False,,0.0,,0.8538,0.2322
H006,standard,2026-01-11,6,True,winter,False,,0.0,,0.8847,0.8574
H006,deluxe,2026-01-11,6,True,winter,False,,0.0,,0.8847,0.8442
H006,premium,2026-01-11,6,True,winter,False,,0.0,,0.8847,0.8222
H006,suite,2026-01-11,6,True,winter,False,,0.0,,0.8847,0.7826
H006,standard,2026-01-12,0,False,winter,False,,0.7,Auto Expo,0.7146,1.0
H006,deluxe,2026-01-12,0,False,winter,False,,0.7,Auto Expo,0.7146,1.0
H006,premium,2026-01-12,0,False,winter,False,,0.7,Auto Expo,0.7146,1.0
H006,suite,2026-01-12,0,False,winter,False,,0.7,Auto Expo,0.7146,1.0
H006,standard,2026-01-13,1,False,winter,False,,0.7,Auto Expo,0.74,1.0
H006,deluxe,2026-01-13,1,False,winter,False,,0.7,Auto Expo,0.74,1.0
H006,premium,2026-01-13,1,False,winter,False,,0.7,Auto Expo,0.74,1.0
H006,suite,2026-01-13,1,False,winter,False,,0.7,Auto Expo,0.74,1.0
H006,standard,2026-01-14,2,False,winter,True,Makar Sankranti / Pongal,0.7,Auto Expo,0.7568,1.0
H006,deluxe,2026-01-14,2,False,winter,True,Makar Sankranti / Pongal,0.7,Auto Expo,0.7568,1.0
H006,premium,2026-01-14,2,False,winter,True,Makar Sankranti / Pongal,0.7,Auto Expo,0.7568,1.0
H006,suite,2026-01-14,2,False,winter,True,Makar Sankranti / Pongal,0.7,Auto Expo,0.7568,1.0
H006,standard,2026-01-15,3,False,winter,False,,0.7,Auto Expo,0.7502,1.0
H006,deluxe,2026-01-15,3,False,winter,False,,0.7,Auto Expo,0.7502,1.0
H006,premium,2026-01-15,3,False,winter,False,,0.7,Auto Expo,0.7502,1.0
H006,suite,2026-01-15,3,False,winter,False,,0.7,Auto Expo,0.7502,1.0
H006,standard,2026-01-16,4,False,winter,False,,0.7,Auto Expo,0.6611,1.0
H006,deluxe,2026-01-16,4,False,winter,False,,0.7,Auto Expo,0.6611,0.9847
H006,premium,2026-01-16,4,False,winter,False,,0.7,Auto Expo,0.6611,0.9591
H006,suite,2026-01-16,4,False,winter,False,,0.7,Auto Expo,0.6611,0.9128
H006,standard,2026-01-17,5,True,winter,False,,0.7,Auto Expo,0.8498,0.8994
H006,deluxe,2026-01-17,5,True,winter,False,,0.7,Auto Expo,0.8498,0.8855
H006,premium,2026-01-17,5,True,winter,False,,0.7,Auto Expo,0.8498,0.8624
H006,suite,2026-01-17,5,True,winter,False,,0.7,Auto Expo,0.8498,0.8208
H006,standard,2026-01-18,6,True,winter,False,,0.7,Auto Expo,0.7762,0.9714
H006,deluxe,2026-01-18,6,True,winter,False,,0.7,Auto Expo,0.7762,0.9565
H006,premium,2026-01-18,6,True,winter,False,,0.7,Auto Expo,0.7762,0.9315
H006,suite,2026-01-18,6,True,winter,False,,0.7,Auto Expo,0.7762,0.8866
H006,standard,2026-01-19,0,False,winter,False,,0.0,,0.9134,0.6814
H006,deluxe,2026-01-19,0,False,winter,False,,0.0,,0.9134,0.6709
H006,premium,2026-01-19,0,False,winter,False,,0.0,,0.9134,0.6534
H006,suite,2026-01-19,0,False,winter,False,,0.0,,0.9134,0.6219
H006,standard,2026-01-20,1,False,winter,False,,0.0,,0.7034,1.0
H006,deluxe,2026-01-20,1,False,winter,False,,0.0,,0.7034,1.0
H006,premium,2026-01-20,1,False,winter,False,,0.0,,0.7034,1.0
H006,suite,2026-01-20,1,False,winter,False,,0.0,,0.7034,0.9729
H006,standard,2026-01-21,2,False,winter,False,,0.0,,0.8274,1.0
H006,deluxe,2026-01-21,2,False,winter,False,,0.0,,0.8274,1.0
H006,premium,2026-01-21,2,False,winter,False,,0.0,,0.8274,1.0
H006,suite,2026-01-21,2,False,winter,False,,0.0,,0.8274,1.0
H006,standard,2026-01-22,3,False,winter,False,,0.0,,0.9023,0.8301
H006,deluxe,2026-01-22,3,False,winter,False,,0.0,,0.9023,0.8173
H006,premium,2026-01-22,3,False,winter,False,,0.0,,0.9023,0.796
H006,suite,2026-01-22,3,False,winter,False,,0.0,,0.9023,0.7576
H006,standard,2026-01-23,4,False,winter,False,,0.6,Republic Day Week,0.6838,1.0
H006,deluxe,2026-01-23,4,False,winter,False,,0.6,Republic Day Week,0.6838,1.0
H006,premium,2026-01-23,4,False,winter,False,,0.6,Republic Day Week,0.6838,1.0
H006,suite,2026-01-23,4,False,winter,False,,0.6,Republic Day Week,0.6838,1.0
H006,standard,2026-01-24,5,True,winter,False,,0.6,Republic Day Week,0.7399,1.0
H006,deluxe,2026-01-24,5,True,winter,False,,0.6,Republic Day Week,0.7399,1.0
H006,premium,2026-01-24,5,True,winter,False,,0.6,Republic Day Week,0.7399,1.0
H006,suite,2026-01-24,5,True,winter,False,,0.6,Republic Day Week,0.7399,1.0
H006,standard,2026-01-25,6,True,winter,False,,0.6,Republic Day Week,0.6723,0.8634
H006,deluxe,2026-01-25,6,True,winter,False,,0.6,Republic Day Week,0.6723,0.8501
H006,premium,2026-01-25,6,True,winter,False,,0.6,Republic Day Week,0.6723,0.8279
H006,suite,2026-01-25,6,True,winter,False,,0.6,Republic Day Week,0.6723,0.788
H006,standard,2026-01-26,0,False,winter,True,Republic Day,0.6,Republic Day Week,0.7348,1.0
H006,deluxe,2026-01-26,0,False,winter,True,Republic Day,0.6,Republic Day Week,0.7348,1.0
H006,premium,2026-01-26,0,False,winter,True,Republic Day,0.6,Republic Day Week,0.7348,1.0
H006,suite,2026-01-26,0,False,winter,True,Republic Day,0.6,Republic Day Week,0.7348,1.0
H006,standard,2026-01-27,1,False,winter,False,,0.6,Republic Day Week,0.8614,1.0
H006,deluxe,2026-01-27,1,False,winter,False,,0.6,Republic Day Week,0.8614,1.0
H006,premium,2026-01-27,1,False,winter,False,,0.6,Republic Day Week,0.8614,1.0
H006,suite,2026-01-27,1,False,winter,False,,0.6,Republic Day Week,0.8614,1.0
H006,standard,2026-01-28,2,False,winter,False,,0.0,,0.9045,1.0
H006,deluxe,2026-01-28,2,False,winter,False,,0.0,,0.9045,1.0
H006,premium,2026-01-28,2,False,winter,False,,0.0,,0.9045,1.0
H006,suite,2026-01-28,2,False,winter,False,,0.0,,0.9045,1.0
H006,standard,2026-01-29,3,False,winter,False,,0.0,,0.8678,1.0
H006,deluxe,2026-01-29,3,False,winter,False,,0.0,,0.8678,1.0
H006,premium,2026-01-29,3,False,winter,False,,0.0,,0.8678,1.0
H006,suite,2026-01-29,3,False,winter,False,,0.0,,0.8678,1.0
H006,standard,2026-01-30,4,False,winter,False,,0.0,,0.8081,0.9867
H006,deluxe,2026-01-30,4,False,winter,False,,0.0,,0.8081,0.9715
H006,premium,2026-01-30,4,False,winter,False,,0.0,,0.8081,0.9462
H006,suite,2026-01-30,4,False,winter,False,,0.0,,0.8081,0.9006
H006,standard,2026-01-31,5,True,winter,False,,0.0,,0.7672,0.7771
H006,deluxe,2026-01-31,5,True,winter,False,,0.0,,0.7672,0.7651
H006,premium,2026-01-31,5,True,winter,False,,0.0,,0.7672,0.7451
H006,suite,2026-01-31,5,True,winter,False,,0.0,,0.7672,0.7092
H006,standard,2026-02-01,6,True,winter,False,,0.0,,0.7628,0.8188
H006,deluxe,2026-02-01,6,True,winter,False,,0.0,,0.7628,0.8061
H006,premium,2026-02-01,6,True,winter,False,,0.0,,0.7628,0.7851
H006,suite,2026-02-01,6,True,winter,False,,0.0,,0.7628,0.7473
H006,standard,2026-02-02,0,False,winter,False,,0.0,,0.914,1.0
H006,deluxe,2026-02-02,0,False,winter,False,,0.0,,0.914,1.0
H006,premium,2026-02-02,0,False,winter,False,,0.0,,0.914,1.0
H006,suite,2026-02-02,0,False,winter,False,,0.0,,0.914,1.0
H006,standard,2026-02-03,1,False,winter,False,,0.0,,0.8945,0.6377
H006,deluxe,2026-02-03,1,False,winter,False,,0.0,,0.8945,0.6279
H006,premium,2026-02-03,1,False,winter,False,,0.0,,0.8945,0.6115
H006,suite,2026-02-03,1,False,winter,False,,0.0,,0.8945,0.582
H006,standard,2026-02-04,2,False,winter,False,,0.0,,0.8864,1.0
H006,deluxe,2026-02-04,2,False,winter,False,,0.0,,0.8864,1.0
H006,premium,2026-02-04,2,False,winter,False,,0.0,,0.8864,1.0
H006,suite,2026-02-04,2,False,winter,False,,0.0,,0.8864,1.0
H006,standard,2026-02-05,3,False,winter,False,,0.0,,0.7929,0.7919
H006,deluxe,2026-02-05,3,False,winter,False,,0.0,,0.7929,0.7797
H006,premium,2026-02-05,3,False,winter,False,,0.0,,0.7929,0.7594
H006,suite,2026-02-05,3,False,winter,False,,0.0,,0.7929,0.7227
H006,standard,2026-02-06,4,False,winter,False,,0.0,,0.7519,0.7976
H006,deluxe,2026-02-06,4,False,winter,False,,0.0,,0.7519,0.7853
H006,premium,2026-02-06,4,False,winter,False,,0.0,,0.7519,0.7648
H006,suite,2026-02-06,4,False,winter,False,,0.0,,0.7519,0.728
H006,standard,2026-02-07,5,True,winter,False,,0.0,,0.7519,0.5964
H006,deluxe,2026-02-07,5,True,winter,False,,0.0,,0.7519,0.5872
H006,premium,2026-02-07,5,True,winter,False,,0.0,,0.7519,0.5719
H006,suite,2026-02-07,5,True,winter,False,,0.0,,0.7519,0.5443
H006,standard,2026-02-08,6,True,winter,False,,0.0,,0.8693,0.9467
H006,deluxe,2026-02-08,6,True,winter,False,,0.0,,0.8693,0.9321
H006,premium,2026-02-08,6,True,winter,False,,0.0,,0.8693,0.9078
H006,suite,2026-02-08,6,True,winter,False,,0.0,,0.8693,0.864
H006,standard,2026-02-09,0,False,winter,False,,0.0,,0.8308,1.0
H006,deluxe,2026-02-09,0,False,winter,False,,0.0,,0.8308,1.0
H006,premium,2026-02-09,0,False,winter,False,,0.0,,0.8308,0.9757
H006,suite,2026-02-09,0,False,winter,False,,0.0,,0.8308,0.9287
H006,standard,2026-02-10,1,False,winter,False,,0.0,,0.7154,0.9872
H006,deluxe,2026-02-10,1,False,winter,False,,0.0,,0.7154,0.972
H006,premium,2026-02-10,1,False,winter,False,,0.0,,0.7154,0.9466
H006,suite,2026-02-10,1,False,winter,False,,0.0,,0.7154,0.901
H006,standard,2026-02-11,2,False,winter,False,,0.0,,0.6759,1.0
H006,deluxe,2026-02-11,2,False,winter,False,,0.0,,0.6759,1.0
H006,premium,2026-02-11,2,False,winter,False,,0.0,,0.6759,1.0
H006,suite,2026-02-11,2,False,winter,False,,0.0,,0.6759,1.0
H006,standard,2026-02-12,3,False,winter,False,,0.0,,0.8244,1.0
H006,deluxe,2026-02-12,3,False,winter,False,,0.0,,0.8244,1.0
H006,premium,2026-02-12,3,False,winter,False,,0.0,,0.8244,1.0
H006,suite,2026-02-12,3,False,winter,False,,0.0,,0.8244,1.0
H006,standard,2026-02-13,4,False,winter,False,,0.0,,0.875,0.6915
H006,deluxe,2026-02-13,4,False,winter,False,,0.0,,0.875,0.6808
H006,premium,2026-02-13,4,False,winter,False,,0.0,,0.875,0.663
H006,suite,2026-02-13,4,False,winter,False,,0.0,,0.875,0.6311
H006,standard,2026-02-14,5,True,winter,False,,0.0,,0.8599,0.6962
H006,deluxe,2026-02-14,5,True,winter,False,,0.0,,0.8599,0.6855
H006,premium,2026-02-14,5,True,winter,False,,0.0,,0.8599,0.6676
H006,suite,2026-02-14,5,True,winter,False,,0.0,,0.8599,0.6354
H006,standard,2026-02-15,6,True,winter,True,Maha Shivaratri,0.0,,0.8271,0.7417
H006,deluxe,2026-02-15,6,True,winter,True,Maha Shivaratri,0.0,,0.8271,0.7302
H006,premium,2026-02-15,6,True,winter,True,Maha Shivaratri,0.0,,0.8271,0.7112
H006,suite,2026-02-15,6,True,winter,True,Maha Shivaratri,0.0,,0.8271,0.6769
H006,standard,2026-02-16,0,False,winter,False,,0.0,,0.8409,0.8816
H006,deluxe,2026-02-16,0,False,winter,False,,0.0,,0.8409,0.868
H006,premium,2026-02-16,0,False,winter,False,,0.0,,0.8409,0.8454
H006,suite,2026-02-16,0,False,winter,False,,0.0,,0.8409,0.8046
H006,standard,2026-02-17,1,False,winter,False,,0.0,,0.8125,0.815
H006,deluxe,2026-02-17,1,False,winter,False,,0.0,,0.8125,0.8025
H006,premium,2026-02-17,1,False,winter,False,,0.0,,0.8125,0.7815
H006,suite,2026-02-17,1,False,winter,False,,0.0,,0.8125,0.7439
H006,standard,2026-02-18,2,False,winter,False,,0.0,,0.8822,0.9887
H006,deluxe,2026-02-18,2,False,winter,False,,0.0,,0.8822,0.9735
H006,premium,2026-02-18,2,False,winter,False,,0.0,,0.8822,0.9481
H006,suite,2026-02-18,2,False,winter,False,,0.0,,0.8822,0.9024
H006,standard,2026-02-19,3,False,winter,False,,0.0,,0.6351,1.0
H006,deluxe,2026-02-19,3,False,winter,False,,0.0,,0.6351,1.0
H006,premium,2026-02-19,3,False,winter,False,,0.0,,0.6351,1.0
H006,suite,2026-02-19,3,False,winter,False,,0.0,,0.6351,1.0
H006,standard,2026-02-20,4,False,winter,False,,0.0,,0.7572,0.7524
H006,deluxe,2026-02-20,4,False,winter,False,,0.0,,0.7572,0.7408
H006,premium,2026-02-20,4,False,winter,False,,0.0,,0.7572,0.7215
H006,suite,2026-02-20,4,False,winter,False,,0.0,,0.7572,0.6867
H006,standard,2026-02-21,5,True,winter,False,,0.0,,0.8201,0.4788
H006,deluxe,2026-02-21,5,True,winter,False,,0.0,,0.8201,0.4714
H006,premium,2026-02-21,5,True,winter,False,,0.0,,0.8201,0.4591
H006,suite,2026-02-21,5,True,winter,False,,0.0,,0.8201,0.437
H006,standard,2026-02-22,6,True,winter,False,,0.0,,0.8728,0.9888
H006,deluxe,2026-02-22,6,True,winter,False,,0.0,,0.8728,0.9736
H006,premium,2026-02-22,6,True,winter,False,,0.0,,0.8728,0.9482
H006,suite,2026-02-22,6,True,winter,False,,0.0,,0.8728,0.9025
H006,standard,2026-02-23,0,False,winter,False,,0.0,,0.8172,0.6639
H006,deluxe,2026-02-23,0,False,winter,False,,0.0,,0.8172,0.6537
H006,premium,2026-02-23,0,False,winter,False,,0.0,,0.8172,0.6366
H006,suite,2026-02-23,0,False,winter,False,,0.0,,0.8172,0.6059
H006,standard,2026-02-24,1,False,winter,False,,0.0,,0.8365,0.8739
H006,deluxe,2026-02-24,1,False,winter,False,,0.0,,0.8365,0.8604
H006,premium,2026-02-24,1,False,winter,False,,0.0,,0.8365,0.838
H006,suite,2026-02-24,1,False,winter,False,,0.0,,0.8365,0.7976
H006,standard,2026-02-25,2,False,winter,False,,0.0,,0.8558,1.0
H006,deluxe,2026-02-25,2,False,winter,False,,0.0,,0.8558,1.0
H006,premium,2026-02-25,2,False,winter,False,,0.0,,0.8558,1.0
H006,suite,2026-02-25,2,False,winter,False,,0.0,,0.8558,1.0
H006,standard,2026-02-26,3,False,winter,False,,0.0,,0.6637,1.0
H006,deluxe,2026-02-26,3,False,winter,False,,0.0,,0.6637,1.0
H006,premium,2026-02-26,3,False,winter,False,,0.0,,0.6637,0.988
H006,suite,2026-02-26,3,False,winter,False,,0.0,,0.6637,0.9403
H006,standard,2026-02-27,4,False,winter,False,,0.0,,0.8847,0.8455
H006,deluxe,2026-02-27,4,False,winter,False,,0.0,,0.8847,0.8325
H006,premium,2026-02-27,4,False,winter,False,,0.0,,0.8847,0.8108
H006,suite,2026-02-27,4,False,winter,False,,0.0,,0.8847,0.7717
H006,standard,2026-02-28,5,True,winter,False,,0.0,,0.9342,0.337
H006,deluxe,2026-02-28,5,True,winter,False,,0.0,,0.9342,0.3318
H006,premium,2026-02-28,5,True,winter,False,,0.0,,0.9342,0.3231
H006,suite,2026-02-28,5,True,winter,False,,0.0,,0.9342,0.3075
H006,standard,2026-03-01,6,True,summer,False,,0.0,,0.2414,0.3962
H006,deluxe,2026-03-01,6,True,summer,False,,0.0,,0.2414,0.3901
H006,premium,2026-03-01,6,True,summer,False,,0.0,,0.2414,0.3799
H006,suite,2026-03-01,6,True,summer,False,,0.0,,0.2414,0.3616
H006,standard,2026-03-02,0,False,summer,False,,0.0,,0.3126,1.0
H006,deluxe,2026-03-02,0,False,summer,False,,0.0,,0.3126,1.0
H006,premium,2026-03-02,0,False,summer,False,,0.0,,0.3126,1.0
H006,suite,2026-03-02,0,False,summer,False,,0.0,,0.3126,1.0
H006,standard,2026-03-03,1,False,summer,False,,0.0,,0.3583,0.8684
H006,deluxe,2026-03-03,1,False,summer,False,,0.0,,0.3583,0.855
H006,premium,2026-03-03,1,False,summer,False,,0.0,,0.3583,0.8327
H006,suite,2026-03-03,1,False,summer,False,,0.0,,0.3583,0.7926
H006,standard,2026-03-04,2,False,summer,True,Holi,0.0,,0.3974,1.0
H006,deluxe,2026-03-04,2,False,summer,True,Holi,0.0,,0.3974,1.0
H006,premium,2026-03-04,2,False,summer,True,Holi,0.0,,0.3974,1.0
H006,suite,2026-03-04,2,False,summer,True,Holi,0.0,,0.3974,1.0
H006,standard,2026-03-05,3,False,summer,False,,0.0,,0.3264,0.5687
H006,deluxe,2026-03-05,3,False,summer,False,,0.0,,0.3264,0.5599
H006,premium,2026-03-05,3,False,summer,False,,0.0,,0.3264,0.5453
H006,suite,2026-03-05,3,False,summer,False,,0.0,,0.3264,0.519
H006,standard,2026-03-06,4,False,summer,False,,0.0,,0.4147,0.6412
H006,deluxe,2026-03-06,4,False,summer,False,,0.0,,0.4147,0.6313
H006,premium,2026-03-06,4,False,summer,False,,0.0,,0.4147,0.6149
H006,suite,2026-03-06,4,False,summer,False,,0.0,,0.4147,0.5852
H006,standard,2026-03-07,5,True,summer,False,,0.0,,0.1885,0.9015
H006,deluxe,2026-03-07,5,True,summer,False,,0.0,,0.1885,0.8876
H006,premium,2026-03-07,5,True,summer,False,,0.0,,0.1885,0.8644
H006,suite,2026-03-07,5,True,summer,False,,0.0,,0.1885,0.8227
H006,standard,2026-03-08,6,True,summer,False,,0.0,,0.442,0.6635
H006,deluxe,2026-03-08,6,True,summer,False,,0.0,,0.442,0.6533
H006,premium,2026-03-08,6,True,summer,False,,0.0,,0.442,0.6363
H006,suite,2026-03-08,6,True,summer,False,,0.0,,0.442,0.6056
H006,standard,2026-03-09,0,False,summer,False,,0.0,,0.387,0.8185
H006,deluxe,2026-03-09,0,False,summer,False,,0.0,,0.387,0.8059
H006,premium,2026-03-09,0,False,summer,False,,0.0,,0.387,0.7849
H006,suite,2026-03-09,0,False,summer,False,,0.0,,0.387,0.7471
H006,standard,2026-03-10,1,False,summer,False,,0.0,,0.4529,0.8776
H006,deluxe,2026-03-10,1,False,summer,False,,0.0,,0.4529,0.8641
H006,premium,2026-03-10,1,False,summer,False,,0.0,,0.4529,0.8416
H006,suite,2026-03-10,1,False,summer,False,,0.0,,0.4529,0.801
H006,standard,2026-03-11,2,False,summer,False,,0.0,,0.4013,1.0
H006,deluxe,2026-03-11,2,False,summer,False,,0.0,,0.4013,1.0
H006,premium,2026-03-11,2,False,summer,False,,0.0,,0.4013,0.9888
H006,suite,2026-03-11,2,False,summer,False,,0.0,,0.4013,0.9412
H006,standard,2026-03-12,3,False,summer,False,,0.0,,0.3018,0.7754
H006,deluxe,2026-03-12,3,False,summer,False,,0.0,,0.3018,0.7635
H006,premium,2026-03-12,3,False,summer,False,,0.0,,0.3018,0.7436
H006,suite,2026-03-12,3,False,summer,False,,0.0,,0.3018,0.7077
H006,standard,2026-03-13,4,False,summer,False,,0.0,,0.423,0.5511
H006,deluxe,2026-03-13,4,False,summer,False,,0.0,,0.423,0.5426
H006,premium,2026-03-13,4,False,summer,False,,0.0,,0.423,0.5284
H006,suite,2026-03-13,4,False,summer,False,,0.0,,0.423,0.5029
H006,standard,2026-03-14,5,True,summer,False,,0.0,,0.372,0.7423
H006,deluxe,2026-03-14,5,True,summer,False,,0.0,,0.372,0.7308
H006,premium,2026-03-14,5,True,summer,False,,0.0,,0.372,0.7118
H006,suite,2026-03-14,5,True,summer,False,,0.0,,0.372,0.6774
H006,standard,2026-03-15,6,True,summer,False,,0.0,,0.3594,0.5729
H006,deluxe,2026-03-15,6,True,summer,False,,0.0,,0.3594,0.5641
H006,premium,2026-03-15,6,True,summer,False,,0.0,,0.3594,0.5494
H006,suite,2026-03-15,6,True,summer,False,,0.0,,0.3594,0.5229
H006,standard,2026-03-16,0,False,summer,False,,0.0,,0.3155,0.7854
H006,deluxe,2026-03-16,0,False,summer,False,,0.0,,0.3155,0.7733
H006,premium,2026-03-16,0,False,summer,False,,0.0,,0.3155,0.7531
H006,suite,2026-03-16,0,False,summer,False,,0.0,,0.3155,0.7168
H006,standard,2026-03-17,1,False,summer,False,,0.0,,0.3255,0.9136
H006,deluxe,2026-03-17,1,False,summer,False,,0.0,,0.3255,0.8995
H006,premium,2026-03-17,1,False,summer,False,,0.0,,0.3255,0.8761
H006,suite,2026-03-17,1,False,summer,False,,0.0,,0.3255,0.8338
H006,standard,2026-03-18,2,False,summer,False,,0.0,,0.269,1.0
H006,deluxe,2026-03-18,2,False,summer,False,,0.0,,0.269,1.0
H006,premium,2026-03-18,2,False,summer,False,,0.0,,0.269,1.0
H006,suite,2026-03-18,2,False,summer,False,,0.0,,0.269,1.0
H006,standard,2026-03-19,3,False,summer,False,,0.0,,0.3166,0.5995
H006,deluxe,2026-03-19,3,False,summer,False,,0.0,,0.3166,0.5903
H006,premium,2026-03-19,3,False,summer,False,,0.0,,0.3166,0.5749
H006,suite,2026-03-19,3,False,summer,False,,0.0,,0.3166,0.5472
H006,standard,2026-03-20,4,False,summer,False,,0.0,,0.2765,0.9273
H006,deluxe,2026-03-20,4,False,summer,False,,0.0,,0.2765,0.913
H006,premium,2026-03-20,4,False,summer,False,,0.0,,0.2765,0.8892
H006,suite,2026-03-20,4,False,summer,False,,0.0,,0.2765,0.8463
H006,standard,2026-03-21,5,True,summer,True,Eid al-Fitr,0.0,,0.4201,1.0
H006,deluxe,2026-03-21,5,True,summer,True,Eid al-Fitr,0.0,,0.4201,1.0
H006,premium,2026-03-21,5,True,summer,True,Eid al-Fitr,0.0,,0.4201,1.0
H006,suite,2026-03-21,5,True,summer,True,Eid al-Fitr,0.0,,0.4201,0.9929
H006,standard,2026-03-22,6,True,summer,False,,0.0,,0.3848,0.7591
H006,deluxe,2026-03-22,6,True,summer,False,,0.0,,0.3848,0.7474
H006,premium,2026-03-22,6,True,summer,False,,0.0,,0.3848,0.7279
H006,suite,2026-03-22,6,True,summer,False,,0.0,,0.3848,0.6928
H006,standard,2026-03-23,0,False,summer,False,,0.0,,0.3293,0.6477
H006,deluxe,2026-03-23,0,False,summer,False,,0.0,,0.3293,0.6377
H006,premium,2026-03-23,0,False,summer,False,,0.0,,0.3293,0.621
H006,suite,2026-03-23,0,False,summer,False,,0.0,,0.3293,0.5911
H006,standard,2026-03-24,1,False,summer,False,,0.0,,0.315,0.9588
H006,deluxe,2026-03-24,1,False,summer,False,,0.0,,0.315,0.944
H006,premium,2026-03-24,1,False,summer,False,,0.0,,0.315,0.9194
H006,suite,2026-03-24,1,False,summer,False,,0.0,,0.315,0.8751
H006,standard,2026-03-25,2,False,summer,False,,0.0,,0.4259,0.8038
H006,deluxe,2026-03-25,2,False,summer,False,,0.0,,0.4259,0.7914
H006,premium,2026-03-25,2,False,summer,False,,0.0,,0.4259,0.7708
H006,suite,2026-03-25,2,False,summer,False,,0.0,,0.4259,0.7336
H006,standard,2026-03-26,3,False,summer,True,Ram Navami,0.0,,0.2899,1.0
H006,deluxe,2026-03-26,3,False,summer,True,Ram Navami,0.0,,0.2899,1.0
H006,premium,2026-03-26,3,False,summer,True,Ram Navami,0.0,,0.2899,1.0
H006,suite,2026-03-26,3,False,summer,True,Ram Navami,0.0,,0.2899,1.0
H006,standard,2026-03-27,4,False,summer,False,,0.0,,0.3389,0.4591
H006,deluxe,2026-03-27,4,False,summer,False,,0.0,,0.3389,0.4521
H006,premium,2026-03-27,4,False,summer,False,,0.0,,0.3389,0.4403
H006,suite,2026-03-27,4,False,summer,False,,0.0,,0.3389,0.419
H006,standard,2026-03-28,5,True,summer,False,,0.0,,0.4094,0.5894
H006,deluxe,2026-03-28,5,True,summer,False,,0.0,,0.4094,0.5803
H006,premium,2026-03-28,5,True,summer,False,,0.0,,0.4094,0.5652
H006,suite,2026-03-28,5,True,summer,False,,0.0,,0.4094,0.5379
H006,standard,2026-03-29,6,True,summer,False,,0.0,,0.2636,0.4959
H006,deluxe,2026-03-29,6,True,summer,False,,0.0,,0.2636,0.4883
H006,premium,2026-03-29,6,True,summer,False,,0.0,,0.2636,0.4756
H006,suite,2026-03-29,6,True,summer,False,,0.0,,0.2636,0.4526
H006,standard,2026-03-30,0,False,summer,False,,0.0,,0.3468,1.0
H006,deluxe,2026-03-30,0,False,summer,False,,0.0,,0.3468,1.0
H006,premium,2026-03-30,0,False,summer,False,,0.0,,0.3468,1.0
H006,suite,2026-03-30,0,False,summer,False,,0.0,,0.3468,1.0
H006,standard,2026-03-31,1,False,summer,False,,0.0,,0.4192,0.6251
H006,deluxe,2026-03-31,1,False,summer,False,,0.0,,0.4192,0.6155
H006,premium,2026-03-31,1,False,summer,False,,0.0,,0.4192,0.5994
H006,suite,2026-03-31,1,False,summer,False,,0.0,,0.4192,0.5705
H006,standard,2026-04-01,2,False,summer,False,,0.0,,0.3742,0.6474
H006,deluxe,2026-04-01,2,False,summer,False,,0.0,,0.3742,0.6374
H006,premium,2026-04-01,2,False,summer,False,,0.0,,0.3742,0.6208
H006,suite,2026-04-01,2,False,summer,False,,0.0,,0.3742,0.5909
H006,standard,2026-04-02,3,False,summer,False,,0.0,,0.3232,0.4776
H006,deluxe,2026-04-02,3,False,summer,False,,0.0,,0.3232,0.4702
H006,premium,2026-04-02,3,False,summer,False,,0.0,,0.3232,0.458
H006,suite,2026-04-02,3,False,summer,False,,0.0,,0.3232,0.4359
H006,standard,2026-04-03,4,False,summer,True,Good Friday,0.0,,0.2556,1.0
H006,deluxe,2026-04-03,4,False,summer,True,Good Friday,0.0,,0.2556,1.0
H006,premium,2026-04-03,4,False,summer,True,Good Friday,0.0,,0.2556,1.0
H006,suite,2026-04-03,4,False,summer,True,Good Friday,0.0,,0.2556,0.9742
H006,standard,2026-04-04,5,True,summer,False,,0.0,,0.3883,0.5063
H006,deluxe,2026-04-04,5,True,summer,False,,0.0,,0.3883,0.4985
H006,premium,2026-04-04,5,True,summer,False,,0.0,,0.3883,0.4855
H006,suite,2026-04-04,5,True,summer,False,,0.0,,0.3883,0.4621
H006,standard,2026-04-05,6,True,summer,False,,0.0,,0.3095,0.4554
H006,deluxe,2026-04-05,6,True,summer,False,,0.0,,0.3095,0.4484
H006,premium,2026-04-05,6,True,summer,False,,0.0,,0.3095,0.4367
H006,suite,2026-04-05,6,True,summer,False,,0.0,,0.3095,0.4156
H006,standard,2026-04-06,0,False,summer,False,,0.0,,0.4216,0.6551
H006,deluxe,2026-04-06,0,False,summer,False,,0.0,,0.4216,0.645
H006,premium,2026-04-06,0,False,summer,False,,0.0,,0.4216,0.6282
H006,suite,2026-04-06,0,False,summer,False,,0.0,,0.4216,0.5979
H006,standard,2026-04-07,1,False,summer,False,,0.0,,0.3459,1.0
H006,deluxe,2026-04-07,1,False,summer,False,,0.0,,0.3459,1.0
H006,premium,2026-04-07,1,False,summer,False,,0.0,,0.3459,1.0
H006,suite,2026-04-07,1,False,summer,False,,0.0,,0.3459,1.0
H006,standard,2026-04-08,2,False,summer,False,,0.0,,0.3874,0.6516
H006,deluxe,2026-04-08,2,False,summer,False,,0.0,,0.3874,0.6416
H006,premium,2026-04-08,2,False,summer,False,,0.0,,0.3874,0.6248
H006,suite,2026-04-08,2,False,summer,False,,0.0,,0.3874,0.5947
H006,standard,2026-04-09,3,False,summer,False,,0.0,,0.4892,0.6995
H006,deluxe,2026-04-09,3,False,summer,False,,0.0,,0.4892,0.6887
H006,premium,2026-04-09,3,False,summer,False,,0.0,,0.4892,0.6708
H006,suite,2026-04-09,3,False,summer,False,,0.0,,0.4892,0.6384
H006,standard,2026-04-10,4,False,summer,False,,0.0,,0.3235,0.3902
H006,deluxe,2026-04-10,4,False,summer,False,,0.0,,0.3235,0.3842
H006,premium,2026-04-10,4,False,summer,False,,0.0,,0.3235,0.3742
H006,suite,2026-04-10,4,False,summer,False,,0.0,,0.3235,0.3562
H006,standard,2026-04-11,5,True,summer,False,,0.0,,0.5506,0.8151
H006,deluxe,2026-04-11,5,True,summer,False,,0.0,,0.5506,0.8026
H006,premium,2026-04-11,5,True,summer,False,,0.0,,0.5506,0.7816
H006,suite,2026-04-11,5,True,summer,False,,0.0,,0.5506,0.744
H006,standard,2026-04-12,6,True,summer,False,,0.0,,0.2588,0.8561
H006,deluxe,2026-04-12,6,True,summer,False,,0.0,,0.2588,0.8429
H006,premium,2026-04-12,6,True,summer,False,,0.0,,0.2588,0.821
H006,suite,2026-04-12,6,True,summer,False,,0.0,,0.2588,0.7814
H006,standard,2026-04-13,0,False,summer,False,,0.0,,0.4102,0.7202
H006,deluxe,2026-04-13,0,False,summer,False,,0.0,,0.4102,0.7091
H006,premium,2026-04-13,0,False,summer,False,,0.0,,0.4102,0.6906
H006,suite,2026-04-13,0,False,summer,False,,0.0,,0.4102,0.6573
H006,standard,2026-04-14,1,False,summer,True,Ambedkar Jayanti,0.0,,0.3698,1.0
H006,deluxe,2026-04-14,1,False,summer,True,Ambedkar Jayanti,0.0,,0.3698,1.0
H006,premium,2026-04-14,1,False,summer,True,Ambedkar Jayanti,0.0,,0.3698,1.0
H006,suite,2026-04-14,1,False,summer,True,Ambedkar Jayanti,0.0,,0.3698,1.0
H006,standard,2026-04-15,2,False,summer,False,,0.0,,0.5154,1.0
H006,deluxe,2026-04-15,2,False,summer,False,,0.0,,0.5154,1.0
H006,premium,2026-04-15,2,False,summer,False,,0.0,,0.5154,1.0
H006,suite,2026-04-15,2,False,summer,False,,0.0,,0.5154,1.0
H006,standard,2026-04-16,3,False,summer,False,,0.0,,0.3366,1.0
H006,deluxe,2026-04-16,3,False,summer,False,,0.0,,0.3366,1.0
H006,premium,2026-04-16,3,False,summer,False,,0.0,,0.3366,1.0
H006,suite,2026-04-16,3,False,summer,False,,0.0,,0.3366,1.0
H006,standard,2026-04-17,4,False,summer,False,,0.0,,0.4719,0.5014
H006,deluxe,2026-04-17,4,False,summer,False,,0.0,,0.4719,0.4937
H006,premium,2026-04-17,4,False,summer,False,,0.0,,0.4719,0.4808
H006,suite,2026-04-17,4,False,summer,False,,0.0,,0.4719,0.4576
H006,standard,2026-04-18,5,True,summer,False,,0.0,,0.3418,0.6617
H006,deluxe,2026-04-18,5,True,summer,False,,0.0,,0.3418,0.6515
H006,premium,2026-04-18,5,True,summer,False,,0.0,,0.3418,0.6345
H006,suite,2026-04-18,5,True,summer,False,,0.0,,0.3418,0.6039
H006,standard,2026-04-19,6,True,summer,False,,0.0,,0.1513,0.9064
H006,deluxe,2026-04-19,6,True,summer,False,,0.0,,0.1513,0.8924
H006,premium,2026-04-19,6,True,summer,False,,0.0,,0.1513,0.8691
H006,suite,2026-04-19,6,True,summer,False,,0.0,,0.1513,0.8272
H006,standard,2026-04-20,0,False,summer,False,,0.0,,0.1815,0.7017
H006,deluxe,2026-04-20,0,False,summer,False,,0.0,,0.1815,0.6909
H006,premium,2026-04-20,0,False,summer,False,,0.0,,0.1815,0.6729
H006,suite,2026-04-20,0,False,summer,False,,0.0,,0.1815,0.6405
H006,standard,2026-04-21,1,False,summer,False,,0.0,,0.3826,1.0
H006,deluxe,2026-04-21,1,False,summer,False,,0.0,,0.3826,1.0
H006,premium,2026-04-21,1,False,summer,False,,0.0,,0.3826,1.0
H006,suite,2026-04-21,1,False,summer,False,,0.0,,0.3826,1.0
H006,standard,2026-04-22,2,False,summer,False,,0.0,,0.2662,0.6507
H006,deluxe,2026-04-22,2,False,summer,False,,0.0,,0.2662,0.6407
H006,premium,2026-04-22,2,False,summer,False,,0.0,,0.2662,0.624
H006,suite,2026-04-22,2,False,summer,False,,0.0,,0.2662,0.5939
H006,standard,2026-04-23,3,False,summer,False,,0.0,,0.365,0.7541
H006,deluxe,2026-04-23,3,False,summer,False,,0.0,,0.365,0.7424
H006,premium,2026-04-23,3,False,summer,False,,0.0,,0.365,0.7231
H006,suite,2026-04-23,3,False,summer,False,,0.0,,0.365,0.6882
H006,standard,2026-04-24,4,False,summer,False,,0.0,,0.2786,0.4656
H006,deluxe,2026-04-24,4,False,summer,False,,0.0,,0.2786,0.4584
H006,premium,2026-04-24,4,False,summer,False,,0.0,,0.2786,0.4464
H006,suite,2026-04-24,4,False,summer,False,,0.0,,0.2786,0.4249
H006,standard,2026-04-25,5,True,summer,False,,0.0,,0.3026,0.5332
H006,deluxe,2026-04-25,5,True,summer,False,,0.0,,0.3026,0.525
H006,premium,2026-04-25,5,True,summer,False,,0.0,,0.3026,0.5113
H006,suite,2026-04-25,5,True,summer,False,,0.0,,0.3026,0.4866
H006,standard,2026-04-26,6,True,summer,False,,0.0,,0.4267,0.6618
H006,deluxe,2026-04-26,6,True,summer,False,,0.0,,0.4267,0.6516
H006,premium,2026-04-26,6,True,summer,False,,0.0,,0.4267,0.6346
H006,suite,2026-04-26,6,True,summer,False,,0.0,,0.4267,0.604
H006,standard,2026-04-27,0,False,summer,False,,0.0,,0.3927,1.0
H006,deluxe,2026-04-27,0,False,summer,False,,0.0,,0.3927,1.0
H006,premium,2026-04-27,0,False,summer,False,,0.0,,0.3927,0.9772
H006,suite,2026-04-27,0,False,summer,False,,0.0,,0.3927,0.9301
H006,standard,2026-04-28,1,False,summer,False,,0.0,,0.2914,1.0
H006,deluxe,2026-04-28,1,False,summer,False,,0.0,,0.2914,1.0
H006,premium,2026-04-28,1,False,summer,False,,0.0,,0.2914,1.0
H006,suite,2026-04-28,1,False,summer,False,,0.0,,0.2914,1.0
H006,standard,2026-04-29,2,False,summer,False,,0.0,,0.4122,0.7703
H006,deluxe,2026-04-29,2,False,summer,False,,0.0,,0.4122,0.7584
H006,premium,2026-04-29,2,False,summer,False,,0.0,,0.4122,0.7386
H006,suite,2026-04-29,2,False,summer,False,,0.0,,0.4122,0.703
H006,standard,2026-04-30,3,False,summer,False,,0.0,,0.3162,0.5751
H006,deluxe,2026-04-30,3,False,summer,False,,0.0,,0.3162,0.5663
H006,premium,2026-04-30,3,False,summer,False,,0.0,,0.3162,0.5515
H006,suite,2026-04-30,3,False,summer,False,,0.0,,0.3162,0.5249
H006,standard,2026-05-01,4,False,summer,True,Buddha Purnima,0.0,,0.4163,0.837
H006,deluxe,2026-05-01,4,False,summer,True,Buddha Purnima,0.0,,0.4163,0.8241
H006,premium,2026-05-01,4,False,summer,True,Buddha Purnima,0.0,,0.4163,0.8026
H006,suite,2026-05-01,4,False,summer,True,Buddha Purnima,0.0,,0.4163,0.7639
H006,standard,2026-05-02,5,True,summer,False,,0.0,,0.4549,0.4695
H006,deluxe,2026-05-02,5,True,summer,False,,0.0,,0.4549,0.4623
H006,premium,2026-05-02,5,True,summer,False,,0.0,,0.4549,0.4502
H006,suite,2026-05-02,5,True,summer,False,,0.0,,0.4549,0.4285
H006,standard,2026-05-03,6,True,summer,False,,0.0,,0.3208,0.5298
H006,deluxe,2026-05-03,6,True,summer,False,,0.0,,0.3208,0.5216
H006,premium,2026-05-03,6,True,summer,False,,0.0,,0.3208,0.508
H006,suite,2026-05-03,6,True,summer,False,,0.0,,0.3208,0.4835
H006,standard,2026-05-04,0,False,summer,False,,0.0,,0.249,0.4362
H006,deluxe,2026-05-04,0,False,summer,False,,0.0,,0.249,0.4295
H006,premium,2026-05-04,0,False,summer,False,,0.0,,0.249,0.4183
H006,suite,2026-05-04,0,False,summer,False,,0.0,,0.249,0.3982
H006,standard,2026-05-05,1,False,summer,False,,0.0,,0.2717,1.0
H006,deluxe,2026-05-05,1,False,summer,False,,0.0,,0.2717,1.0
H006,premium,2026-05-05,1,False,summer,False,,0.0,,0.2717,1.0
H006,suite,2026-05-05,1,False,summer,False,,0.0,,0.2717,1.0
H006,standard,2026-05-06,2,False,summer,False,,0.0,,0.3112,1.0
H006,deluxe,2026-05-06,2,False,summer,False,,0.0,,0.3112,1.0
H006,premium,2026-05-06,2,False,summer,False,,0.0,,0.3112,1.0
H006,suite,2026-05-06,2,False,summer,False,,0.0,,0.3112,1.0
H006,standard,2026-05-07,3,False,summer,False,,0.0,,0.3456,0.7328
H006,deluxe,2026-05-07,3,False,summer,False,,0.0,,0.3456,0.7215
H006,premium,2026-05-07,3,False,summer,False,,0.0,,0.3456,0.7027
H006,suite,2026-05-07,3,False,summer,False,,0.0,,0.3456,0.6688
H006,standard,2026-05-08,4,False,summer,False,,0.0,,0.3095,0.5288
H006,deluxe,2026-05-08,4,False,summer,False,,0.0,,0.3095,0.5206
H006,premium,2026-05-08,4,False,summer,False,,0.0,,0.3095,0.507
H006,suite,2026-05-08,4,False,summer,False,,0.0,,0.3095,0.4826
H006,standard,2026-05-09,5,True,summer,False,,0.0,,0.2531,0.5987
H006,deluxe,2026-05-09,5,True,summer,False,,0.0,,0.2531,0.5895
H006,premium,2026-05-09,5,True,summer,False,,0.0,,0.2531,0.5741
H006,suite,2026-05-09,5,True,summer,False,,0.0,,0.2531,0.5464
H006,standard,2026-05-10,6,True,summer,False,,0.0,,0.3316,0.7355
H006,deluxe,2026-05-10,6,True,summer,False,,0.0,,0.3316,0.7242
H006,premium,2026-05-10,6,True,summer,False,,0.0,,0.3316,0.7053
H006,suite,2026-05-10,6,True,summer,False,,0.0,,0.3316,0.6713
H006,standard,2026-05-11,0,False,summer,False,,0.0,,0.3559,0.6718
H006,deluxe,2026-05-11,0,False,summer,False,,0.0,,0.3559,0.6615
H006,premium,2026-05-11,0,False,summer,False,,0.0,,0.3559,0.6442
H006,suite,2026-05-11,0,False,summer,False,,0.0,,0.3559,0.6132
H006,standard,2026-05-12,1,False,summer,False,,0.0,,0.3972,0.7599
H006,deluxe,2026-05-12,1,False,summer,False,,0.0,,0.3972,0.7482
H006,premium,2026-05-12,1,False,summer,False,,0.0,,0.3972,0.7287
H006,suite,2026-05-12,1,False,summer,False,,0.0,,0.3972,0.6935
H006,standard,2026-05-13,2,False,summer,False,,0.0,,0.492,0.8862
H006,deluxe,2026-05-13,2,False,summer,False,,0.0,,0.492,0.8725
H006,premium,2026-05-13,2,False,summer,False,,0.0,,0.492,0.8497
H006,suite,2026-05-13,2,False,summer,False,,0.0,,0.492,0.8088
H006,standard,2026-05-14,3,False,summer,False,,0.0,,0.3374,0.6577
H006,deluxe,2026-05-14,3,False,summer,False,,0.0,,0.3374,0.6476
H006,premium,2026-05-14,3,False,summer,False,,0.0,,0.3374,0.6307
H006,suite,2026-05-14,3,False,summer,False,,0.0,,0.3374,0.6003
H006,standard,2026-05-15,4,False,summer,False,,0.0,,0.2737,0.791
H006,deluxe,2026-05-15,4,False,summer,False,,0.0,,0.2737,0.7788
H006,premium,2026-05-15,4,False,summer,False,,0.0,,0.2737,0.7585
H006,suite,2026-05-15,4,False,summer,False,,0.0,,0.2737,0.7219
H006,standard,2026-05-16,5,True,summer,False,,0.0,,0.3505,0.5387
H006,deluxe,2026-05-16,5,True,summer,False,,0.0,,0.3505,0.5304
H006,premium,2026-05-16,5,True,summer,False,,0.0,,0.3505,0.5165
H006,suite,2026-05-16,5,True,summer,False,,0.0,,0.3505,0.4916
H006,standard,2026-05-17,6,True,summer,False,,0.0,,0.2609,1.0
H006,deluxe,2026-05-17,6,True,summer,False,,0.0,,0.2609,1.0
H006,premium,2026-05-17,6,True,summer,False,,0.0,,0.2609,1.0
H006,suite,2026-05-17,6,True,summer,False,,0.0,,0.2609,1.0
H006,standard,2026-05-18,0,False,summer,False,,0.0,,0.3284,0.6367
H006,deluxe,2026-05-18,0,False,summer,False,,0.0,,0.3284,0.6269
H006,premium,2026-05-18,0,False,summer,False,,0.0,,0.3284,0.6105
H006,suite,2026-05-18,0,False,summer,False,,0.0,,0.3284,0.5811
H006,standard,2026-05-19,1,False,summer,False,,0.0,,0.2797,0.652
H006,deluxe,2026-05-19,1,False,summer,False,,0.0,,0.2797,0.6419
H006,premium,2026-05-19,1,False,summer,False,,0.0,,0.2797,0.6252
H006,suite,2026-05-19,1,False,summer,False,,0.0,,0.2797,0.595
H006,standard,2026-05-20,2,False,summer,False,,0.0,,0.2953,0.8276
H006,deluxe,2026-05-20,2,False,summer,False,,0.0,,0.2953,0.8149
H006,premium,2026-05-20,2,False,summer,False,,0.0,,0.2953,0.7936
H006,suite,2026-05-20,2,False,summer,False,,0.0,,0.2953,0.7554
H006,standard,2026-05-21,3,False,summer,False,,0.0,,0.358,0.7225
H006,deluxe,2026-05-21,3,False,summer,False,,0.0,,0.358,0.7114
H006,premium,2026-05-21,3,False,summer,False,,0.0,,0.358,0.6928
H006,suite,2026-05-21,3,False,summer,False,,0.0,,0.358,0.6594
H006,standard,2026-05-22,4,False,summer,False,,0.0,,0.3057,0.6753
H006,deluxe,2026-05-22,4,False,summer,False,,0.0,,0.3057,0.6649
H006,premium,2026-05-22,4,False,summer,False,,0.0,,0.3057,0.6476
H006,suite,2026-05-22,4,False,summer,False,,0.0,,0.3057,0.6164
H006,standard,2026-05-23,5,True,summer,False,,0.0,,0.4078,0.7396
H006,deluxe,2026-05-23,5,True,summer,False,,0.0,,0.4078,0.7282
H006,premium,2026-05-23,5,True,summer,False,,0.0,,0.4078,0.7092
H006,suite,2026-05-23,5,True,summer,False,,0.0,,0.4078,0.675
H006,standard,2026-05-24,6,True,summer,False,,0.0,,0.2969,1.0
H006,deluxe,2026-05-24,6,True,summer,False,,0.0,,0.2969,1.0
H006,premium,2026-05-24,6,True,summer,False,,0.0,,0.2969,1.0
H006,suite,2026-05-24,6,True,summer,False,,0.0,,0.2969,0.956
H006,standard,2026-05-25,0,False,summer,False,,0.0,,0.3892,0.8007
H006,deluxe,2026-05-25,0,False,summer,False,,0.0,,0.3892,0.7883
H006,premium,2026-05-25,0,False,summer,False,,0.0,,0.3892,0.7678
H006,suite,2026-05-25,0,False,summer,False,,0.0,,0.3892,0.7307
H006,standard,2026-05-26,1,False,summer,False,,0.0,,0.2233,0.8573
H006,deluxe,2026-05-26,1,False,summer,False,,0.0,,0.2233,0.8441
H006,premium,2026-05-26,1,False,summer,False,,0.0,,0.2233,0.8221
H006,suite,2026-05-26,1,False,summer,False,,0.0,,0.2233,0.7824
H006,standard,2026-05-27,2,False,summer,True,Bakrid,0.0,,0.3309,0.6467
H006,deluxe,2026-05-27,2,False,summer,True,Bakrid,0.0,,0.3309,0.6368
H006,premium,2026-05-27,2,False,summer,True,Bakrid,0.0,,0.3309,0.6201
H006,suite,2026-05-27,2,False,summer,True,Bakrid,0.0,,0.3309,0.5902
H006,standard,2026-05-28,3,False,summer,False,,0.0,,0.33,0.8926
H006,deluxe,2026-05-28,3,False,summer,False,,0.0,,0.33,0.8788
H006,premium,2026-05-28,3,False,summer,False,,0.0,,0.33,0.8559
H006,suite,2026-05-28,3,False,summer,False,,0.0,,0.33,0.8146
H006,standard,2026-05-29,4,False,summer,False,,0.0,,0.3371,1.0
H006,deluxe,2026-05-29,4,False,summer,False,,0.0,,0.3371,1.0
H006,premium,2026-05-29,4,False,summer,False,,0.0,,0.3371,1.0
H006,suite,2026-05-29,4,False,summer,False,,0.0,,0.3371,1.0
H006,standard,2026-05-30,5,True,summer,False,,0.0,,0.396,0.3359
H006,deluxe,2026-05-30,5,True,summer,False,,0.0,,0.396,0.3307
H006,premium,2026-05-30,5,True,summer,False,,0.0,,0.396,0.3221
H006,suite,2026-05-30,5,True,summer,False,,0.0,,0.396,0.3066
H006,standard,2026-05-31,6,True,summer,False,,0.0,,0.3727,0.3607
H006,deluxe,2026-05-31,6,True,summer,False,,0.0,,0.3727,0.3551
H006,premium,2026-05-31,6,True,summer,False,,0.0,,0.3727,0.3459
H006,suite,2026-05-31,6,True,summer,False,,0.0,,0.3727,0.3292
H006,standard,2026-06-01,0,False,monsoon,False,,0.0,,0.5115,1.0
H006,deluxe,2026-06-01,0,False,monsoon,False,,0.0,,0.5115,1.0
H006,premium,2026-06-01,0,False,monsoon,False,,0.0,,0.5115,0.9822
H006,suite,2026-06-01,0,False,monsoon,False,,0.0,,0.5115,0.9349
H006,standard,2026-06-02,1,False,monsoon,False,,0.0,,0.5323,0.908
H006,deluxe,2026-06-02,1,False,monsoon,False,,0.0,,0.5323,0.894
H006,premium,2026-06-02,1,False,monsoon,False,,0.0,,0.5323,0.8707
H006,suite,2026-06-02,1,False,monsoon,False,,0.0,,0.5323,0.8287
H006,standard,2026-06-03,2,False,monsoon,False,,0.0,,0.5702,1.0
H006,deluxe,2026-06-03,2,False,monsoon,False,,0.0,,0.5702,1.0
H006,premium,2026-06-03,2,False,monsoon,False,,0.0,,0.5702,1.0
H006,suite,2026-06-03,2,False,monsoon,False,,0.0,,0.5702,0.9556
H006,standard,2026-06-04,3,False,monsoon,False,,0.0,,0.6479,1.0
H006,deluxe,2026-06-04,3,False,monsoon,False,,0.0,,0.6479,1.0
H006,premium,2026-06-04,3,False,monsoon,False,,0.0,,0.6479,1.0
H006,suite,2026-06-04,3,False,monsoon,False,,0.0,,0.6479,1.0
H006,standard,2026-06-05,4,False,monsoon,False,,0.0,,0.6456,0.5796
H006,deluxe,2026-06-05,4,False,monsoon,False,,0.0,,0.6456,0.5706
H006,premium,2026-06-05,4,False,monsoon,False,,0.0,,0.6456,0.5557
H006,suite,2026-06-05,4,False,monsoon,False,,0.0,,0.6456,0.5289
H006,standard,2026-06-06,5,True,monsoon,False,,0.0,,0.5541,1.0
H006,deluxe,2026-06-06,5,True,monsoon,False,,0.0,,0.5541,1.0
H006,premium,2026-06-06,5,True,monsoon,False,,0.0,,0.5541,1.0
H006,suite,2026-06-06,5,True,monsoon,False,,0.0,,0.5541,0.9792
H006,standard,2026-06-07,6,True,monsoon,False,,0.0,,0.5554,0.365
H006,deluxe,2026-06-07,6,True,monsoon,False,,0.0,,0.5554,0.3594
H006,premium,2026-06-07,6,True,monsoon,False,,0.0,,0.5554,0.35
H006,suite,2026-06-07,6,True,monsoon,False,,0.0,,0.5554,0.3331
H006,standard,2026-06-08,0,False,monsoon,False,,0.0,,0.6329,1.0
H006,deluxe,2026-06-08,0,False,monsoon,False,,0.0,,0.6329,1.0
H006,premium,2026-06-08,0,False,monsoon,False,,0.0,,0.6329,0.974
H006,suite,2026-06-08,0,False,monsoon,False,,0.0,,0.6329,0.927
H006,standard,2026-06-09,1,False,monsoon,False,,0.0,,0.5758,1.0
H006,deluxe,2026-06-09,1,False,monsoon,False,,0.0,,0.5758,1.0
H006,premium,2026-06-09,1,False,monsoon,False,,0.0,,0.5758,1.0
H006,suite,2026-06-09,1,False,monsoon,False,,0.0,,0.5758,1.0
H006,standard,2026-06-10,2,False,monsoon,False,,0.0,,0.566,0.8258
H006,deluxe,2026-06-10,2,False,monsoon,False,,0.0,,0.566,0.813
H006,premium,2026-06-10,2,False,monsoon,False,,0.0,,0.566,0.7918
H006,suite,2026-06-10,2,False,monsoon,False,,0.0,,0.566,0.7537
H006,standard,2026-06-11,3,False,monsoon,False,,0.0,,0.5818,0.8669
H006,deluxe,2026-06-11,3,False,monsoon,False,,0.0,,0.5818,0.8535
H006,premium,2026-06-11,3,False,monsoon,False,,0.0,,0.5818,0.8313
H006,suite,2026-06-11,3,False,monsoon,False,,0.0,,0.5818,0.7912
H006,standard,2026-06-12,4,False,monsoon,False,,0.0,,0.5274,0.6022
H006,deluxe,2026-06-12,4,False,monsoon,False,,0.0,,0.5274,0.5929
H006,premium,2026-06-12,4,False,monsoon,False,,0.0,,0.5274,0.5775
H006,suite,2026-06-12,4,False,monsoon,False,,0.0,,0.5274,0.5496
H006,standard,2026-06-13,5,True,monsoon,False,,0.0,,0.5877,0.9018
H006,deluxe,2026-06-13,5,True,monsoon,False,,0.0,,0.5877,0.8879
H006,premium,2026-06-13,5,True,monsoon,False,,0.0,,0.5877,0.8648
H006,suite,2026-06-13,5,True,monsoon,False,,0.0,,0.5877,0.8231
H006,standard,2026-06-14,6,True,monsoon,False,,0.0,,0.6662,0.4561
H006,deluxe,2026-06-14,6,True,monsoon,False,,0.0,,0.6662,0.4491
H006,premium,2026-06-14,6,True,monsoon,False,,0.0,,0.6662,0.4374
H006,suite,2026-06-14,6,True,monsoon,False,,0.0,,0.6662,0.4163
H006,standard,2026-06-15,0,False,monsoon,False,,0.0,,0.5814,1.0
H006,deluxe,2026-06-15,0,False,monsoon,False,,0.0,,0.5814,1.0
H006,premium,2026-06-15,0,False,monsoon,False,,0.0,,0.5814,1.0
H006,suite,2026-06-15,0,False,monsoon,False,,0.0,,0.5814,0.9864
H006,standard,2026-06-16,1,False,monsoon,False,,0.0,,0.5292,1.0
H006,deluxe,2026-06-16,1,False,monsoon,False,,0.0,,0.5292,1.0
H006,premium,2026-06-16,1,False,monsoon,False,,0.0,,0.5292,1.0
H006,suite,2026-06-16,1,False,monsoon,False,,0.0,,0.5292,1.0
H006,standard,2026-06-17,2,False,monsoon,False,,0.0,,0.4845,0.8566
H006,deluxe,2026-06-17,2,False,monsoon,False,,0.0,,0.4845,0.8434
H006,premium,2026-06-17,2,False,monsoon,False,,0.0,,0.4845,0.8214
H006,suite,2026-06-17,2,False,monsoon,False,,0.0,,0.4845,0.7818
H006,standard,2026-06-18,3,False,monsoon,False,,0.0,,0.5483,0.971
H006,deluxe,2026-06-18,3,False,monsoon,False,,0.0,,0.5483,0.956
H006,premium,2026-06-18,3,False,monsoon,False,,0.0,,0.5483,0.9311
H006,suite,2026-06-18,3,False,monsoon,False,,0.0,,0.5483,0.8862
H006,standard,2026-06-19,4,False,monsoon,False,,0.0,,0.4818,0.589
H006,deluxe,2026-06-19,4,False,monsoon,False,,0.0,,0.4818,0.5799
H006,premium,2026-06-19,4,False,monsoon,False,,0.0,,0.4818,0.5648
H006,suite,2026-06-19,4,False,monsoon,False,,0.0,,0.4818,0.5376
H006,standard,2026-06-20,5,True,monsoon,False,,0.0,,0.4932,0.688
H006,deluxe,2026-06-20,5,True,monsoon,False,,0.0,,0.4932,0.6773
H006,premium,2026-06-20,5,True,monsoon,False,,0.0,,0.4932,0.6597
H006,suite,2026-06-20,5,True,monsoon,False,,0.0,,0.4932,0.6279
H006,standard,2026-06-21,6,True,monsoon,False,,0.0,,0.5645,0.4181
H006,deluxe,2026-06-21,6,True,monsoon,False,,0.0,,0.5645,0.4117
H006,premium,2026-06-21,6,True,monsoon,False,,0.0,,0.5645,0.401
H006,suite,2026-06-21,6,True,monsoon,False,,0.0,,0.5645,0.3816
H006,standard,2026-06-22,0,False,monsoon,False,,0.0,,0.5209,0.8906
H006,deluxe,2026-06-22,0,False,monsoon,False,,0.0,,0.5209,0.8769
H006,premium,2026-06-22,0,False,monsoon,False,,0.0,,0.5209,0.854
H006,suite,2026-06-22,0,False,monsoon,False,,0.0,,0.5209,0.8128
H006,standard,2026-06-23,1,False,monsoon,False,,0.0,,0.5739,0.6669
H006,deluxe,2026-06-23,1,False,monsoon,False,,0.0,,0.5739,0.6566
H006,premium,2026-06-23,1,False,monsoon,False,,0.0,,0.5739,0.6395
H006,suite,2026-06-23,1,False,monsoon,False,,0.0,,0.5739,0.6087
H006,standard,2026-06-24,2,False,monsoon,False,,0.0,,0.6003,0.8581
H006,deluxe,2026-06-24,2,False,monsoon,False,,0.0,,0.6003,0.8449
H006,premium,2026-06-24,2,False,monsoon,False,,0.0,,0.6003,0.8229
H006,suite,2026-06-24,2,False,monsoon,False,,0.0,,0.6003,0.7832
H006,standard,2026-06-25,3,False,monsoon,False,,0.0,,0.5247,0.8188
H006,deluxe,2026-06-25,3,False,monsoon,False,,0.0,,0.5247,0.8061
H006,premium,2026-06-25,3,False,monsoon,False,,0.0,,0.5247,0.7851
H006,suite,2026-06-25,3,False,monsoon,False,,0.0,,0.5247,0.7473
H006,standard,2026-06-26,4,False,monsoon,False,,0.0,,0.6549,0.7024
H006,deluxe,2026-06-26,4,False,monsoon,False,,0.0,,0.6549,0.6916
H006,premium,2026-06-26,4,False,monsoon,False,,0.0,,0.6549,0.6736
H006,suite,2026-06-26,4,False,monsoon,False,,0.0,,0.6549,0.6411
H006,standard,2026-06-27,5,True,monsoon,False,,0.0,,0.555,0.6256
H006,deluxe,2026-06-27,5,True,monsoon,False,,0.0,,0.555,0.6159
H006,premium,2026-06-27,5,True,monsoon,False,,0.0,,0.555,0.5999
H006,suite,2026-06-27,5,True,monsoon,False,,0.0,,0.555,0.5709
H006,standard,2026-06-28,6,True,monsoon,False,,0.0,,0.6272,0.8902
H006,deluxe,2026-06-28,6,True,monsoon,False,,0.0,,0.6272,0.8765
H006,premium,2026-06-28,6,True,monsoon,False,,0.0,,0.6272,0.8537
H006,suite,2026-06-28,6,True,monsoon,False,,0.0,,0.6272,0.8125
H006,standard,2026-06-29,0,False,monsoon,False,,0.0,,0.5407,1.0
H006,deluxe,2026-06-29,0,False,monsoon,False,,0.0,,0.5407,1.0
H006,premium,2026-06-29,0,False,monsoon,False,,0.0,,0.5407,1.0
H006,suite,2026-06-29,0,False,monsoon,False,,0.0,,0.5407,1.0
H006,standard,2026-06-30,1,False,monsoon,False,,0.0,,0.5393,0.607
H006,deluxe,2026-06-30,1,False,monsoon,False,,0.0,,0.5393,0.5977
H006,premium,2026-06-30,1,False,monsoon,False,,0.0,,0.5393,0.5821
H006,suite,2026-06-30,1,False,monsoon,False,,0.0,,0.5393,0.554
H006,standard,2026-07-01,2,False,monsoon,False,,0.0,,0.6471,1.0
H006,deluxe,2026-07-01,2,False,monsoon,False,,0.0,,0.6471,1.0
H006,premium,2026-07-01,2,False,monsoon,False,,0.0,,0.6471,0.9787
H006,suite,2026-07-01,2,False,monsoon,False,,0.0,,0.6471,0.9315
H006,standard,2026-07-02,3,False,monsoon,False,,0.0,,0.6041,0.5153
H006,deluxe,2026-07-02,3,False,monsoon,False,,0.0,,0.6041,0.5074
H006,premium,2026-07-02,3,False,monsoon,False,,0.0,,0.6041,0.4941
H006,suite,2026-07-02,3,False,monsoon,False,,0.0,,0.6041,0.4703
H006,standard,2026-07-03,4,False,monsoon,False,,0.0,,0.5611,0.8285
H006,deluxe,2026-07-03,4,False,monsoon,False,,0.0,,0.5611,0.8157
H006,premium,2026-07-03,4,False,monsoon,False,,0.0,,0.5611,0.7944
H006,suite,2026-07-03,4,False,monsoon,False,,0.0,,0.5611,0.7561
H006,standard,2026-07-04,5,True,monsoon,False,,0.0,,0.5105,0.5588
H006,deluxe,2026-07-04,5,True,monsoon,False,,0.0,,0.5105,0.5502
H006,premium,2026-07-04,5,True,monsoon,False,,0.0,,0.5105,0.5358
H006,suite,2026-07-04,5,True,monsoon,False,,0.0,,0.5105,0.51
H006,standard,2026-07-05,6,True,monsoon,False,,0.0,,0.695,0.5047
H006,deluxe,2026-07-05,6,True,monsoon,False,,0.0,,0.695,0.4969
H006,premium,2026-07-05,6,True,monsoon,False,,0.0,,0.695,0.484
H006,suite,2026-07-05,6,True,monsoon,False,,0.0,,0.695,0.4606
H006,standard,2026-07-06,0,False,monsoon,False,,0.0,,0.673,0.9242
H006,deluxe,2026-07-06,0,False,monsoon,False,,0.0,,0.673,0.91
H006,premium,2026-07-06,0,False,monsoon,False,,0.0,,0.673,0.8863
H006,suite,2026-07-06,0,False,monsoon,False,,0.0,,0.673,0.8435
H006,standard,2026-07-07,1,False,monsoon,False,,0.0,,0.6738,0.9746
H006,deluxe,2026-07-07,1,False,monsoon,False,,0.0,,0.6738,0.9596
H006,premium,2026-07-07,1,False,monsoon,False,,0.0,,0.6738,0.9345
H006,suite,2026-07-07,1,False,monsoon,False,,0.0,,0.6738,0.8895
H006,standard,2026-07-08,2,False,monsoon,False,,0.0,,0.5143,0.369
H006,deluxe,2026-07-08,2,False,monsoon,False,,0.0,,0.5143,0.3633
H006,premium,2026-07-08,2,False,monsoon,False,,0.0,,0.5143,0.3538
H006,suite,2026-07-08,2,False,monsoon,False,,0.0,,0.5143,0.3367
H006,standard,2026-07-09,3,False,monsoon,False,,0.0,,0.4459,0.5356
H006,deluxe,2026-07-09,3,False,monsoon,False,,0.0,,0.4459,0.5274
H006,premium,2026-07-09,3,False,monsoon,False,,0.0,,0.4459,0.5136
H006,suite,2026-07-09,3,False,monsoon,False,,0.0,,0.4459,0.4889
H006,standard,2026-07-10,4,False,monsoon,False,,0.0,,0.4508,0.6727
H006,deluxe,2026-07-10,4,False,monsoon,False,,0.0,,0.4508,0.6623
H006,premium,2026-07-10,4,False,monsoon,False,,0.0,,0.4508,0.645
H006,suite,2026-07-10,4,False,monsoon,False,,0.0,,0.4508,0.6139
H006,standard,2026-07-11,5,True,monsoon,False,,0.0,,0.5739,0.8483
H006,deluxe,2026-07-11,5,True,monsoon,False,,0.0,,0.5739,0.8352
H006,premium,2026-07-11,5,True,monsoon,False,,0.0,,0.5739,0.8135
H006,suite,2026-07-11,5,True,monsoon,False,,0.0,,0.5739,0.7742
H006,standard,2026-07-12,6,True,monsoon,False,,0.0,,0.5825,0.5789
H006,deluxe,2026-07-12,6,True,monsoon,False,,0.0,,0.5825,0.5699
H006,premium,2026-07-12,6,True,monsoon,False,,0.0,,0.5825,0.5551
H006,suite,2026-07-12,6,True,monsoon,False,,0.0,,0.5825,0.5283
H006,standard,2026-07-13,0,False,monsoon,False,,0.0,,0.5501,1.0
H006,deluxe,2026-07-13,0,False,monsoon,False,,0.0,,0.5501,1.0
H006,premium,2026-07-13,0,False,monsoon,False,,0.0,,0.5501,1.0
H006,suite,2026-07-13,0,False,monsoon,False,,0.0,,0.5501,1.0
H006,standard,2026-07-14,1,False,monsoon,False,,0.0,,0.4381,1.0
H006,deluxe,2026-07-14,1,False,monsoon,False,,0.0,,0.4381,1.0
H006,premium,2026-07-14,1,False,monsoon,False,,0.0,,0.4381,1.0
H006,suite,2026-07-14,1,False,monsoon,False,,0.0,,0.4381,1.0
H006,standard,2026-07-15,2,False,monsoon,False,,0.0,,0.5554,1.0
H006,deluxe,2026-07-15,2,False,monsoon,False,,0.0,,0.5554,1.0
H006,premium,2026-07-15,2,False,monsoon,False,,0.0,,0.5554,1.0
H006,suite,2026-07-15,2,False,monsoon,False,,0.0,,0.5554,1.0
H006,standard,2026-07-16,3,False,monsoon,False,,0.0,,0.5911,0.7515
H006,deluxe,2026-07-16,3,False,monsoon,False,,0.0,,0.5911,0.7399
H006,premium,2026-07-16,3,False,monsoon,False,,0.0,,0.5911,0.7206
H006,suite,2026-07-16,3,False,monsoon,False,,0.0,,0.5911,0.6859
H006,standard,2026-07-17,4,False,monsoon,False,,0.0,,0.5168,0.8151
H006,deluxe,2026-07-17,4,False,monsoon,False,,0.0,,0.5168,0.8026
H006,premium,2026-07-17,4,False,monsoon,False,,0.0,,0.5168,0.7816
H006,suite,2026-07-17,4,False,monsoon,False,,0.0,,0.5168,0.744
H006,standard,2026-07-18,5,True,monsoon,False,,0.0,,0.5577,0.4067
H006,deluxe,2026-07-18,5,True,monsoon,False,,0.0,,0.5577,0.4004
H006,premium,2026-07-18,5,True,monsoon,False,,0.0,,0.5577,0.39
H006,suite,2026-07-18,5,True,monsoon,False,,0.0,,0.5577,0.3712
H006,standard,2026-07-19,6,True,monsoon,False,,0.0,,0.5587,0.984
H006,deluxe,2026-07-19,6,True,monsoon,False,,0.0,,0.5587,0.9689
H006,premium,2026-07-19,6,True,monsoon,False,,0.0,,0.5587,0.9436
H006,suite,2026-07-19,6,True,monsoon,False,,0.0,,0.5587,0.8981
H006,standard,2026-07-20,0,False,monsoon,False,,0.0,,0.6706,0.6459
H006,deluxe,2026-07-20,0,False,monsoon,False,,0.0,,0.6706,0.636
H006,premium,2026-07-20,0,False,monsoon,False,,0.0,,0.6706,0.6194
H006,suite,2026-07-20,0,False,monsoon,False,,0.0,,0.6706,0.5895
H006,standard,2026-07-21,1,False,monsoon,False,,0.0,,0.5385,0.6444
H006,deluxe,2026-07-21,1,False,monsoon,False,,0.0,,0.5385,0.6345
H006,premium,2026-07-21,1,False,monsoon,False,,0.0,,0.5385,0.6179
H006,suite,2026-07-21,1,False,monsoon,False,,0.0,,0.5385,0.5881
H006,standard,2026-07-22,2,False,monsoon,False,,0.0,,0.5001,0.5953
H006,deluxe,2026-07-22,2,False,monsoon,False,,0.0,,0.5001,0.5862
H006,premium,2026-07-22,2,False,monsoon,False,,0.0,,0.5001,0.5709
H006,suite,2026-07-22,2,False,monsoon,False,,0.0,,0.5001,0.5433
H006,standard,2026-07-23,3,False,monsoon,False,,0.0,,0.6241,1.0
H006,deluxe,2026-07-23,3,False,monsoon,False,,0.0,,0.6241,1.0
H006,premium,2026-07-23,3,False,monsoon,False,,0.0,,0.6241,1.0
H006,suite,2026-07-23,3,False,monsoon,False,,0.0,,0.6241,1.0
H006,standard,2026-07-24,4,False,monsoon,False,,0.0,,0.5089,0.705
H006,deluxe,2026-07-24,4,False,monsoon,False,,0.0,,0.5089,0.6941
H006,premium,2026-07-24,4,False,monsoon,False,,0.0,,0.5089,0.676
H006,suite,2026-07-24,4,False,monsoon,False,,0.0,,0.5089,0.6434
H006,standard,2026-07-25,5,True,monsoon,False,,0.0,,0.6374,0.5504
H006,deluxe,2026-07-25,5,True,monsoon,False,,0.0,,0.6374,0.5419
H006,premium,2026-07-25,5,True,monsoon,False,,0.0,,0.6374,0.5277
H006,suite,2026-07-25,5,True,monsoon,False,,0.0,,0.6374,0.5023
H006,standard,2026-07-26,6,True,monsoon,False,,0.0,,0.5181,0.759
H006,deluxe,2026-07-26,6,True,monsoon,False,,0.0,,0.5181,0.7473
H006,premium,2026-07-26,6,True,monsoon,False,,0.0,,0.5181,0.7278
H006,suite,2026-07-26,6,True,monsoon,False,,0.0,,0.5181,0.6927
H006,standard,2026-07-27,0,False,monsoon,False,,0.0,,0.4675,1.0
H006,deluxe,2026-07-27,0,False,monsoon,False,,0.0,,0.4675,1.0
H006,premium,2026-07-27,0,False,monsoon,False,,0.0,,0.4675,1.0
H006,suite,2026-07-27,0,False,monsoon,False,,0.0,,0.4675,0.9725
H006,standard,2026-07-28,1,False,monsoon,False,,0.0,,0.5342,1.0
H006,deluxe,2026-07-28,1,False,monsoon,False,,0.0,,0.5342,1.0
H006,premium,2026-07-28,1,False,monsoon,False,,0.0,,0.5342,1.0
H006,suite,2026-07-28,1,False,monsoon,False,,0.0,,0.5342,1.0
H006,standard,2026-07-29,2,False,monsoon,False,,0.0,,0.53,0.951
H006,deluxe,2026-07-29,2,False,monsoon,False,,0.0,,0.53,0.9363
H006,premium,2026-07-29,2,False,monsoon,False,,0.0,,0.53,0.9119
H006,suite,2026-07-29,2,False,monsoon,False,,0.0,,0.53,0.8679
H006,standard,2026-07-30,3,False,monsoon,False,,0.0,,0.4794,0.9232
H006,deluxe,2026-07-30,3,False,monsoon,False,,0.0,,0.4794,0.909
H006,premium,2026-07-30,3,False,monsoon,False,,0.0,,0.4794,0.8852
H006,suite,2026-07-30,3,False,monsoon,False,,0.0,,0.4794,0.8426
H006,standard,2026-07-31,4,False,monsoon,False,,0.0,,0.571,0.7599
H006,deluxe,2026-07-31,4,False,monsoon,False,,0.0,,0.571,0.7482
H006,premium,2026-07-31,4,False,monsoon,False,,0.0,,0.571,0.7287
H006,suite,2026-07-31,4,False,monsoon,False,,0.0,,0.571,0.6935
H006,standard,2026-08-01,5,True,monsoon,False,,0.0,,0.5254,0.7516
H006,deluxe,2026-08-01,5,True,monsoon,False,,0.0,,0.5254,0.74
H006,premium,2026-08-01,5,True,monsoon,False,,0.0,,0.5254,0.7207
H006,suite,2026-08-01,5,True,monsoon,False,,0.0,,0.5254,0.686
H006,standard,2026-08-02,6,True,monsoon,False,,0.0,,0.4679,0.5754
H006,deluxe,2026-08-02,6,True,monsoon,False,,0.0,,0.4679,0.5665
H006,premium,2026-08-02,6,True,monsoon,False,,0.0,,0.4679,0.5517
H006,suite,2026-08-02,6,True,monsoon,False,,0.0,,0.4679,0.5251
H006,standard,2026-08-03,0,False,monsoon,False,,0.0,,0.4829,1.0
H006,deluxe,2026-08-03,0,False,monsoon,False,,0.0,,0.4829,1.0
H006,premium,2026-08-03,0,False,monsoon,False,,0.0,,0.4829,1.0
H006,suite,2026-08-03,0,False,monsoon,False,,0.0,,0.4829,1.0
H006,standard,2026-08-04,1,False,monsoon,False,,0.0,,0.5231,1.0
H006,deluxe,2026-08-04,1,False,monsoon,False,,0.0,,0.5231,1.0
H006,premium,2026-08-04,1,False,monsoon,False,,0.0,,0.5231,1.0
H006,suite,2026-08-04,1,False,monsoon,False,,0.0,,0.5231,1.0
H006,standard,2026-08-05,2,False,monsoon,False,,0.0,,0.4485,1.0
H006,deluxe,2026-08-05,2,False,monsoon,False,,0.0,,0.4485,1.0
H006,premium,2026-08-05,2,False,monsoon,False,,0.0,,0.4485,1.0
H006,suite,2026-08-05,2,False,monsoon,False,,0.0,,0.4485,1.0
H006,standard,2026-08-06,3,False,monsoon,False,,0.0,,0.5746,0.7219
H006,deluxe,2026-08-06,3,False,monsoon,False,,0.0,,0.5746,0.7108
H006,premium,2026-08-06,3,False,monsoon,False,,0.0,,0.5746,0.6923
H006,suite,2026-08-06,3,False,monsoon,False,,0.0,,0.5746,0.6589
H006,standard,2026-08-07,4,False,monsoon,False,,0.0,,0.6616,0.6025
H006,deluxe,2026-08-07,4,False,monsoon,False,,0.0,,0.6616,0.5932
H006,premium,2026-08-07,4,False,monsoon,False,,0.0,,0.6616,0.5777
H006,suite,2026-08-07,4,False,monsoon,False,,0.0,,0.6616,0.5498
H006,standard,2026-08-08,5,True,monsoon,False,,0.0,,0.5739,0.7386
H006,deluxe,2026-08-08,5,True,monsoon,False,,0.0,,0.5739,0.7273
H006,premium,2026-08-08,5,True,monsoon,False,,0.0,,0.5739,0.7083
H006,suite,2026-08-08,5,True,monsoon,False,,0.0,,0.5739,0.6741
H006,standard,2026-08-09,6,True,monsoon,False,,0.0,,0.5558,0.7274
H006,deluxe,2026-08-09,6,True,monsoon,False,,0.0,,0.5558,0.7162
H006,premium,2026-08-09,6,True,monsoon,False,,0.0,,0.5558,0.6975
H006,suite,2026-08-09,6,True,monsoon,False,,0.0,,0.5558,0.6639
H006,standard,2026-08-10,0,False,monsoon,False,,0.0,,0.6094,0.7826
H006,deluxe,2026-08-10,0,False,monsoon,False,,0.0,,0.6094,0.7705
H006,premium,2026-08-10,0,False,monsoon,False,,0.0,,0.6094,0.7504
H006,suite,2026-08-10,0,False,monsoon,False,,0.0,,0.6094,0.7142
H006,standard,2026-08-11,1,False,monsoon,False,,0.0,,0.4863,1.0
H006,deluxe,2026-08-11,1,False,monsoon,False,,0.0,,0.4863,1.0
H006,premium,2026-08-11,1,False,monsoon,False,,0.0,,0.4863,1.0
H006,suite,2026-08-11,1,False,monsoon,False,,0.0,,0.4863,1.0
H006,standard,2026-08-12,2,False,monsoon,False,,0.0,,0.4883,0.7695
H006,deluxe,2026-08-12,2,False,monsoon,False,,0.0,,0.4883,0.7576
H006,premium,2026-08-12,2,False,monsoon,False,,0.0,,0.4883,0.7379
H006,suite,2026-08-12,2,False,monsoon,False,,0.0,,0.4883,0.7023
H006,standard,2026-08-13,3,False,monsoon,False,,0.0,,0.5538,1.0
H006,deluxe,2026-08-13,3,False,monsoon,False,,0.0,,0.5538,1.0
H006,premium,2026-08-13,3,False,monsoon,False,,0.0,,0.5538,1.0
H006,suite,2026-08-13,3,False,monsoon,False,,0.0,,0.5538,0.9573
H006,standard,2026-08-14,4,False,monsoon,False,,0.0,,0.5248,0.9165
H006,deluxe,2026-08-14,4,False,monsoon,False,,0.0,,0.5248,0.9024
H006,premium,2026-08-14,4,False,monsoon,False,,0.0,,0.5248,0.8789
H006,suite,2026-08-14,4,False,monsoon,False,,0.0,,0.5248,0.8365
H006,standard,2026-08-15,5,True,monsoon,True,Independence Day,0.0,,0.6031,0.8625
H006,deluxe,2026-08-15,5,True,monsoon,True,Independence Day,0.0,,0.6031,0.8492
H006,premium,2026-08-15,5,True,monsoon,True,Independence Day,0.0,,0.6031,0.827
H006,suite,2026-08-15,5,True,monsoon,True,Independence Day,0.0,,0.6031,0.7871
H006,standard,2026-08-16,6,True,monsoon,False,,0.0,,0.507,0.3451
H006,deluxe,2026-08-16,6,True,monsoon,False,,0.0,,0.507,0.3398
H006,premium,2026-08-16,6,True,monsoon,False,,0.0,,0.507,0.331
H006,suite,2026-08-16,6,True,monsoon,False,,0.0,,0.507,0.315
H006,standard,2026-08-17,0,False,monsoon,False,,0.0,,0.4763,1.0
H006,deluxe,2026-08-17,0,False,monsoon,False,,0.0,,0.4763,1.0
H006,premium,2026-08-17,0,False,monsoon,False,,0.0,,0.4763,1.0
H006,suite,2026-08-17,0,False,monsoon,False,,0.0,,0.4763,1.0
H006,standard,2026-08-18,1,False,monsoon,False,,0.0,,0.6468,0.9274
H006,deluxe,2026-08-18,1,False,monsoon,False,,0.0,,0.6468,0.9131
H006,premium,2026-08-18,1,False,monsoon,False,,0.0,,0.6468,0.8893
H006,suite,2026-08-18,1,False,monsoon,False,,0.0,,0.6468,0.8464
H006,standard,2026-08-19,2,False,monsoon,False,,0.0,,0.4382,1.0
H006,deluxe,2026-08-19,2,False,monsoon,False,,0.0,,0.4382,1.0
H006,premium,2026-08-19,2,False,monsoon,False,,0.0,,0.4382,1.0
H006,suite,2026-08-19,2,False,monsoon,False,,0.0,,0.4382,1.0
H006,standard,2026-08-20,3,False,monsoon,False,,0.0,,0.4941,1.0
H006,deluxe,2026-08-20,3,False,monsoon,False,,0.0,,0.4941,1.0
H006,premium,2026-08-20,3,False,monsoon,False,,0.0,,0.4941,1.0
H006,suite,2026-08-20,3,False,monsoon,False,,0.0,,0.4941,0.9807
H006,standard,2026-08-21,4,False,monsoon,False,,0.0,,0.5967,0.6488
H006,deluxe,2026-08-21,4,False,monsoon,False,,0.0,,0.5967,0.6388
H006,premium,2026-08-21,4,False,monsoon,False,,0.0,,0.5967,0.6222
H006,suite,2026-08-21,4,False,monsoon,False,,0.0,,0.5967,0.5922
H006,standard,2026-08-22,5,True,monsoon,False,,0.0,,0.6041,0.5574
H006,deluxe,2026-08-22,5,True,monsoon,False,,0.0,,0.6041,0.5488
H006,premium,2026-08-22,5,True,monsoon,False,,0.0,,0.6041,0.5345
H006,suite,2026-08-22,5,True,monsoon,False,,0.0,,0.6041,0.5087
H006,standard,2026-08-23,6,True,monsoon,False,,0.0,,0.5404,0.8879
H006,deluxe,2026-08-23,6,True,monsoon,False,,0.0,,0.5404,0.8742
H006,premium,2026-08-23,6,True,monsoon,False,,0.0,,0.5404,0.8514
H006,suite,2026-08-23,6,True,monsoon,False,,0.0,,0.5404,0.8104
H006,standard,2026-08-24,0,False,monsoon,False,,0.0,,0.6208,1.0
H006,deluxe,2026-08-24,0,False,monsoon,False,,0.0,,0.6208,1.0
H006,premium,2026-08-24,0,False,monsoon,False,,0.0,,0.6208,1.0
H006,suite,2026-08-24,0,False,monsoon,False,,0.0,,0.6208,1.0
H007,standard,2025-08-25,0,False,monsoon,False,,0.0,,0.5941,0.5984
H007,deluxe,2025-08-25,0,False,monsoon,False,,0.0,,0.5941,0.5891
H007,premium,2025-08-25,0,False,monsoon,False,,0.0,,0.5941,0.5738
H007,suite,2025-08-25,0,False,monsoon,False,,0.0,,0.5941,0.5461
H007,standard,2025-08-26,1,False,monsoon,False,,0.0,,0.7358,0.7966
H007,deluxe,2025-08-26,1,False,monsoon,False,,0.0,,0.7358,0.7843
H007,premium,2025-08-26,1,False,monsoon,False,,0.0,,0.7358,0.7638
H007,suite,2025-08-26,1,False,monsoon,False,,0.0,,0.7358,0.727
H007,standard,2025-08-27,2,False,monsoon,True,Ganesh Chaturthi,0.0,,0.5654,0.6783
H007,deluxe,2025-08-27,2,False,monsoon,True,Ganesh Chaturthi,0.0,,0.5654,0.6678
H007,premium,2025-08-27,2,False,monsoon,True,Ganesh Chaturthi,0.0,,0.5654,0.6504
H007,suite,2025-08-27,2,False,monsoon,True,Ganesh Chaturthi,0.0,,0.5654,0.619
H007,standard,2025-08-28,3,False,monsoon,False,,0.0,,0.5501,0.5089
H007,deluxe,2025-08-28,3,False,monsoon,False,,0.0,,0.5501,0.5011
H007,premium,2025-08-28,3,False,monsoon,False,,0.0,,0.5501,0.488
H007,suite,2025-08-28,3,False,monsoon,False,,0.0,,0.5501,0.4645
H007,standard,2025-08-29,4,False,monsoon,False,,0.0,,0.7248,1.0
H007,deluxe,2025-08-29,4,False,monsoon,False,,0.0,,0.7248,1.0
H007,premium,2025-08-29,4,False,monsoon,False,,0.0,,0.7248,0.9787
H007,suite,2025-08-29,4,False,monsoon,False,,0.0,,0.7248,0.9315
H007,standard,2025-08-30,5,True,monsoon,False,,0.0,,0.6788,0.7761
H007,deluxe,2025-08-30,5,True,monsoon,False,,0.0,,0.6788,0.7642
H007,premium,2025-08-30,5,True,monsoon,False,,0.0,,0.6788,0.7442
H007,suite,2025-08-30,5,True,monsoon,False,,0.0,,0.6788,0.7084
H007,standard,2025-08-31,6,True,monsoon,False,,0.0,,0.5361,0.7899
H007,deluxe,2025-08-31,6,True,monsoon,False,,0.0,,0.5361,0.7777
H007,premium,2025-08-31,6,True,monsoon,False,,0.0,,0.5361,0.7575
H007,suite,2025-08-31,6,True,monsoon,False,,0.0,,0.5361,0.7209
H007,standard,2025-09-01,0,False,monsoon,False,,0.0,,0.7237,0.4103
H007,deluxe,2025-09-01,0,False,monsoon,False,,0.0,,0.7237,0.404
H007,premium,2025-09-01,0,False,monsoon,False,,0.0,,0.7237,0.3935
H007,suite,2025-09-01,0,False,monsoon,False,,0.0,,0.7237,0.3745
H007,standard,2025-09-02,1,False,monsoon,False,,0.0,,0.6744,0.5443
H007,deluxe,2025-09-02,1,False,monsoon,False,,0.0,,0.6744,0.5359
H007,premium,2025-09-02,1,False,monsoon,False,,0.0,,0.6744,0.5219
H007,suite,2025-09-02,1,False,monsoon,False,,0.0,,0.6744,0.4968
H007,standard,2025-09-03,2,False,monsoon,False,,0.0,,0.5011,0.7884
H007,deluxe,2025-09-03,2,False,monsoon,False,,0.0,,0.5011,0.7762
H007,premium,2025-09-03,2,False,monsoon,False,,0.0,,0.5011,0.756
H007,suite,2025-09-03,2,False,monsoon,False,,0.0,,0.5011,0.7196
H007,standard,2025-09-04,3,False,monsoon,False,,0.0,,0.6745,0.4792
H007,deluxe,2025-09-04,3,False,monsoon,False,,0.0,,0.6745,0.4718
H007,premium,2025-09-04,3,False,monsoon,False,,0.0,,0.6745,0.4595
H007,suite,2025-09-04,3,False,monsoon,False,,0.0,,0.6745,0.4374
H007,standard,2025-09-05,4,False,monsoon,False,,0.0,,0.7193,0.7042
H007,deluxe,2025-09-05,4,False,monsoon,False,,0.0,,0.7193,0.6933
H007,premium,2025-09-05,4,False,monsoon,False,,0.0,,0.7193,0.6752
H007,suite,2025-09-05,4,False,monsoon,False,,0.0,,0.7193,0.6427
H007,standard,2025-09-06,5,True,monsoon,False,,0.0,,0.7435,0.564
H007,deluxe,2025-09-06,5,True,monsoon,False,,0.0,,0.7435,0.5553
H007,premium,2025-09-06,5,True,monsoon,False,,0.0,,0.7435,0.5408
H007,suite,2025-09-06,5,True,monsoon,False,,0.0,,0.7435,0.5148
H007,standard,2025-09-07,6,True,monsoon,False,,0.0,,0.5295,0.6749
H007,deluxe,2025-09-07,6,True,monsoon,False,,0.0,,0.5295,0.6645
H007,premium,2025-09-07,6,True,monsoon,False,,0.0,,0.5295,0.6471
H007,suite,2025-09-07,6,True,monsoon,False,,0.0,,0.5295,0.6159
H007,standard,2025-09-08,0,False,monsoon,False,,0.0,,0.6959,0.5373
H007,deluxe,2025-09-08,0,False,monsoon,False,,0.0,,0.6959,0.529
H007,premium,2025-09-08,0,False,monsoon,False,,0.0,,0.6959,0.5152
H007,suite,2025-09-08,0,False,monsoon,False,,0.0,,0.6959,0.4904
H007,standard,2025-09-09,1,False,monsoon,False,,0.0,,0.6596,1.0
H007,deluxe,2025-09-09,1,False,monsoon,False,,0.0,,0.6596,1.0
H007,premium,2025-09-09,1,False,monsoon,False,,0.0,,0.6596,1.0
H007,suite,2025-09-09,1,False,monsoon,False,,0.0,,0.6596,1.0
H007,standard,2025-09-10,2,False,monsoon,False,,0.0,,0.659,0.7459
H007,deluxe,2025-09-10,2,False,monsoon,False,,0.0,,0.659,0.7344
H007,premium,2025-09-10,2,False,monsoon,False,,0.0,,0.659,0.7152
H007,suite,2025-09-10,2,False,monsoon,False,,0.0,,0.659,0.6807
H007,standard,2025-09-11,3,False,monsoon,False,,0.0,,0.58,0.8266
H007,deluxe,2025-09-11,3,False,monsoon,False,,0.0,,0.58,0.8139
H007,premium,2025-09-11,3,False,monsoon,False,,0.0,,0.58,0.7926
H007,suite,2025-09-11,3,False,monsoon,False,,0.0,,0.58,0.7544
H007,standard,2025-09-12,4,False,monsoon,False,,0.0,,0.6056,0.8023
H007,deluxe,2025-09-12,4,False,monsoon,False,,0.0,,0.6056,0.7899
H007,premium,2025-09-12,4,False,monsoon,False,,0.0,,0.6056,0.7693
H007,suite,2025-09-12,4,False,monsoon,False,,0.0,,0.6056,0.7322
H007,standard,2025-09-13,5,True,monsoon,False,,0.0,,0.5641,1.0
H007,deluxe,2025-09-13,5,True,monsoon,False,,0.0,,0.5641,1.0
H007,premium,2025-09-13,5,True,monsoon,False,,0.0,,0.5641,1.0
H007,suite,2025-09-13,5,True,monsoon,False,,0.0,,0.5641,1.0
H007,standard,2025-09-14,6,True,monsoon,False,,0.0,,0.5768,0.4831
H007,deluxe,2025-09-14,6,True,monsoon,False,,0.0,,0.5768,0.4756
H007,premium,2025-09-14,6,True,monsoon,False,,0.0,,0.5768,0.4632
H007,suite,2025-09-14,6,True,monsoon,False,,0.0,,0.5768,0.4409
H007,standard,2025-09-15,0,False,monsoon,False,,0.0,,0.6521,0.4665
H007,deluxe,2025-09-15,0,False,monsoon,False,,0.0,,0.6521,0.4593
H007,premium,2025-09-15,0,False,monsoon,False,,0.0,,0.6521,0.4473
H007,suite,2025-09-15,0,False,monsoon,False,,0.0,,0.6521,0.4258
H007,standard,2025-09-16,1,False,monsoon,False,,0.0,,0.6823,0.375
H007,deluxe,2025-09-16,1,False,monsoon,False,,0.0,,0.6823,0.3693
H007,premium,2025-09-16,1,False,monsoon,False,,0.0,,0.6823,0.3596
H007,suite,2025-09-16,1,False,monsoon,False,,0.0,,0.6823,0.3423
H007,standard,2025-09-17,2,False,monsoon,False,,0.0,,0.7114,0.5238
H007,deluxe,2025-09-17,2,False,monsoon,False,,0.0,,0.7114,0.5158
H007,premium,2025-09-17,2,False,monsoon,False,,0.0,,0.7114,0.5023
H007,suite,2025-09-17,2,False,monsoon,False,,0.0,,0.7114,0.4781
H007,standard,2025-09-18,3,False,monsoon,False,,0.0,,0.7241,0.7441
H007,deluxe,2025-09-18,3,False,monsoon,False,,0.0,,0.7241,0.7327
H007,premium,2025-09-18,3,False,monsoon,False,,0.0,,0.7241,0.7136
H007,suite,2025-09-18,3,False,monsoon,False,,0.0,,0.7241,0.6791
H007,standard,2025-09-19,4,False,monsoon,False,,0.0,,0.7363,0.8677
H007,deluxe,2025-09-19,4,False,monsoon,False,,0.0,,0.7363,0.8543
H007,premium,2025-09-19,4,False,monsoon,False,,0.0,,0.7363,0.832
H007,suite,2025-09-19,4,False,monsoon,False,,0.0,,0.7363,0.7919
H007,standard,2025-09-20,5,True,monsoon,False,,0.0,,0.6701,1.0
H007,deluxe,2025-09-20,5,True,monsoon,False,,0.0,,0.6701,0.9899
H007,premium,2025-09-20,5,True,monsoon,False,,0.0,,0.6701,0.9641
H007,suite,2025-09-20,5,True,monsoon,False,,0.0,,0.6701,0.9176
H007,standard,2025-09-21,6,True,monsoon,False,,0.0,,0.6745,0.671
H007,deluxe,2025-09-21,6,True,monsoon,False,,0.0,,0.6745,0.6607
H007,premium,2025-09-21,6,True,monsoon,False,,0.0,,0.6745,0.6434
H007,suite,2025-09-21,6,True,monsoon,False,,0.0,,0.6745,0.6124
H007,standard,2025-09-22,0,False,monsoon,False,,0.0,,0.7162,0.3604
H007,deluxe,2025-09-22,0,False,monsoon,False,,0.0,,0.7162,0.3549
H007,premium,2025-09-22,0,False,monsoon,False,,0.0,,0.7162,0.3456
H007,suite,2025-09-22,0,False,monsoon,False,,0.0,,0.7162,0.329
H007,standard,2025-09-23,1,False,monsoon,False,,0.0,,0.6336,0.4837
H007,deluxe,2025-09-23,1,False,monsoon,False,,0.0,,0.6336,0.4762
H007,premium,2025-09-23,1,False,monsoon,False,,0.0,,0.6336,0.4638
H007,suite,2025-09-23,1,False,monsoon,False,,0.0,,0.6336,0.4414
H007,standard,2025-09-24,2,False,monsoon,False,,0.0,,0.764,0.555
H007,deluxe,2025-09-24,2,False,monsoon,False,,0.0,,0.764,0.5465
H007,premium,2025-09-24,2,False,monsoon,False,,0.0,,0.764,0.5322
H007,suite,2025-09-24,2,False,monsoon,False,,0.0,,0.764,0.5066
H007,standard,2025-09-25,3,False,monsoon,False,,0.0,,0.7005,0.4665
H007,deluxe,2025-09-25,3,False,monsoon,False,,0.0,,0.7005,0.4593
H007,premium,2025-09-25,3,False,monsoon,False,,0.0,,0.7005,0.4473
H007,suite,2025-09-25,3,False,monsoon,False,,0.0,,0.7005,0.4258
H007,standard,2025-09-26,4,False,monsoon,False,,0.0,,0.6446,0.499
H007,deluxe,2025-09-26,4,False,monsoon,False,,0.0,,0.6446,0.4913
H007,premium,2025-09-26,4,False,monsoon,False,,0.0,,0.6446,0.4785
H007,suite,2025-09-26,4,False,monsoon,False,,0.0,,0.6446,0.4554
H007,standard,2025-09-27,5,True,monsoon,False,,0.0,,0.5924,1.0
H007,deluxe,2025-09-27,5,True,monsoon,False,,0.0,,0.5924,1.0
H007,premium,2025-09-27,5,True,monsoon,False,,0.0,,0.5924,1.0
H007,suite,2025-09-27,5,True,monsoon,False,,0.0,,0.5924,1.0
H007,standard,2025-09-28,6,True,monsoon,False,,0.0,,0.732,0.694
H007,deluxe,2025-09-28,6,True,monsoon,False,,0.0,,0.732,0.6833
H007,premium,2025-09-28,6,True,monsoon,False,,0.0,,0.732,0.6655
H007,suite,2025-09-28,6,True,monsoon,False,,0.0,,0.732,0.6334
H007,standard,2025-09-29,0,False,monsoon,False,,0.0,,0.6419,0.7384
H007,deluxe,2025-09-29,0,False,monsoon,False,,0.0,,0.6419,0.727
H007,premium,2025-09-29,0,False,monsoon,False,,0.0,,0.6419,0.7081
H007,suite,2025-09-29,0,False,monsoon,False,,0.0,,0.6419,0.6739
H007,standard,2025-09-30,1,False,monsoon,False,,0.0,,0.7238,0.6912
H007,deluxe,2025-09-30,1,False,monsoon,False,,0.0,,0.7238,0.6806
H007,premium,2025-09-30,1,False,monsoon,False,,0.0,,0.7238,0.6628
H007,suite,2025-09-30,1,False,monsoon,False,,0.0,,0.7238,0.6309
H007,standard,2025-10-01,2,False,autumn,False,,0.0,,0.7918,0.8477
H007,deluxe,2025-10-01,2,False,autumn,False,,0.0,,0.7918,0.8347
H007,premium,2025-10-01,2,False,autumn,False,,0.0,,0.7918,0.8129
H007,suite,2025-10-01,2,False,autumn,False,,0.0,,0.7918,0.7737
H007,standard,2025-10-02,3,False,autumn,True,Dussehra,0.0,,0.8907,1.0
H007,deluxe,2025-10-02,3,False,autumn,True,Dussehra,0.0,,0.8907,1.0
H007,premium,2025-10-02,3,False,autumn,True,Dussehra,0.0,,0.8907,1.0
H007,suite,2025-10-02,3,False,autumn,True,Dussehra,0.0,,0.8907,1.0
H007,standard,2025-10-03,4,False,autumn,False,,0.0,,0.9385,1.0
H007,deluxe,2025-10-03,4,False,autumn,False,,0.0,,0.9385,1.0
H007,premium,2025-10-03,4,False,autumn,False,,0.0,,0.9385,1.0
H007,suite,2025-10-03,4,False,autumn,False,,0.0,,0.9385,1.0
H007,standard,2025-10-04,5,True,autumn,False,,0.0,,0.9343,1.0
H007,deluxe,2025-10-04,5,True,autumn,False,,0.0,,0.9343,1.0
H007,premium,2025-10-04,5,True,autumn,False,,0.0,,0.9343,1.0
H007,suite,2025-10-04,5,True,autumn,False,,0.0,,0.9343,1.0
H007,standard,2025-10-05,6,True,autumn,False,,0.0,,0.8179,0.9303
H007,deluxe,2025-10-05,6,True,autumn,False,,0.0,,0.8179,0.916
H007,premium,2025-10-05,6,True,autumn,False,,0.0,,0.8179,0.8921
H007,suite,2025-10-05,6,True,autumn,False,,0.0,,0.8179,0.8491
H007,standard,2025-10-06,0,False,autumn,False,,0.0,,0.9121,0.4698
H007,deluxe,2025-10-06,0,False,autumn,False,,0.0,,0.9121,0.4625
H007,premium,2025-10-06,0,False,autumn,False,,0.0,,0.9121,0.4505
H007,suite,2025-10-06,0,False,autumn,False,,0.0,,0.9121,0.4287
H007,standard,2025-10-07,1,False,autumn,False,,0.0,,0.892,0.5554
H007,deluxe,2025-10-07,1,False,autumn,False,,0.0,,0.892,0.5468
H007,premium,2025-10-07,1,False,autumn,False,,0.0,,0.892,0.5326
H007,suite,2025-10-07,1,False,autumn,False,,0.0,,0.892,0.5069
H007,standard,2025-10-08,2,False,autumn,False,,0.0,,0.8766,0.4797
H007,deluxe,2025-10-08,2,False,autumn,False,,0.0,,0.8766,0.4723
H007,premium,2025-10-08,2,False,autumn,False,,0.0,,0.8766,0.46
H007,suite,2025-10-08,2,False,autumn,False,,0.0,,0.8766,0.4378
H007,standard,2025-10-09,3,False,autumn,False,,0.0,,0.8862,0.5459
H007,deluxe,2025-10-09,3,False,autumn,False,,0.0,,0.8862,0.5375
H007,premium,2025-10-09,3,False,autumn,False,,0.0,,0.8862,0.5235
H007,suite,2025-10-09,3,False,autumn,False,,0.0,,0.8862,0.4982
H007,standard,2025-10-10,4,False,autumn,False,,0.0,,0.8791,0.7926
H007,deluxe,2025-10-10,4,False,autumn,False,,0.0,,0.8791,0.7804
H007,premium,2025-10-10,4,False,autumn,False,,0.0,,0.8791,0.76
H007,suite,2025-10-10,4,False,autumn,False,,0.0,,0.8791,0.7234
H007,standard,2025-10-11,5,True,autumn,False,,0.0,,0.9117,1.0
H007,deluxe,2025-10-11,5,True,autumn,False,,0.0,,0.9117,1.0
H007,premium,2025-10-11,5,True,autumn,False,,0.0,,0.9117,1.0
H007,suite,2025-10-11,5,True,autumn,False,,0.0,,0.9117,1.0
H007,standard,2025-10-12,6,True,autumn,False,,0.0,,0.9347,0.8566
H007,deluxe,2025-10-12,6,True,autumn,False,,0.0,,0.9347,0.8434
H007,premium,2025-10-12,6,True,autumn,False,,0.0,,0.9347,0.8214
H007,suite,2025-10-12,6,True,autumn,False,,0.0,,0.9347,0.7818
H007,standard,2025-10-13,0,False,autumn,False,,0.0,,0.8023,1.0
H007,deluxe,2025-10-13,0,False,autumn,False,,0.0,,0.8023,0.9979
H007,premium,2025-10-13,0,False,autumn,False,,0.0,,0.8023,0.9718
H007,suite,2025-10-13,0,False,autumn,False,,0.0,,0.8023,0.925
H007,standard,2025-10-14,1,False,autumn,False,,0.0,,0.9459,0.6223
H007,deluxe,2025-10-14,1,False,autumn,False,,0.0,,0.9459,0.6127
H007,premium,2025-10-14,1,False,autumn,False,,0.0,,0.9459,0.5967
H007,suite,2025-10-14,1,False,autumn,False,,0.0,,0.9459,0.568
H007,standard,2025-10-15,2,False,autumn,False,,0.0,,0.9073,1.0
H007,deluxe,2025-10-15,2,False,autumn,False,,0.0,,0.9073,0.9979
H007,premium,2025-10-15,2,False,autumn,False,,0.0,,0.9073,0.9718
H007,suite,2025-10-15,2,False,autumn,False,,0.0,,0.9073,0.925
H007,standard,2025-10-16,3,False,autumn,False,,0.0,,1.0,1.0
H007,deluxe,2025-10-16,3,False,autumn,False,,0.0,,1.0,1.0
H007,premium,2025-10-16,3,False,autumn,False,,0.0,,1.0,1.0
H007,suite,2025-10-16,3,False,autumn,False,,0.0,,1.0,0.9843
H007,standard,2025-10-17,4,False,autumn,False,,0.0,,0.928,0.9405
H007,deluxe,2025-10-17,4,False,autumn,False,,0.0,,0.928,0.926
H007,premium,2025-10-17,4,False,autumn,False,,0.0,,0.928,0.9018
H007,suite,2025-10-17,4,False,autumn,False,,0.0,,0.928,0.8583
H007,standard,2025-10-18,5,True,autumn,False,,0.0,,0.9164,1.0
H007,deluxe,2025-10-18,5,True,autumn,False,,0.0,,0.9164,1.0
H007,premium,2025-10-18,5,True,autumn,False,,0.0,,0.9164,1.0
H007,suite,2025-10-18,5,True,autumn,False,,0.0,,0.9164,1.0
H007,standard,2025-10-19,6,True,autumn,False,,0.0,,0.9604,1.0
H007,deluxe,2025-10-19,6,True,autumn,False,,0.0,,0.9604,1.0
H007,premium,2025-10-19,6,True,autumn,False,,0.0,,0.9604,1.0
H007,suite,2025-10-19,6,True,autumn,False,,0.0,,0.9604,0.981
H007,standard,2025-10-20,0,False,autumn,True,Diwali,0.0,,0.8683,0.9839
H007,deluxe,2025-10-20,0,False,autumn,True,Diwali,0.0,,0.8683,0.9688
H007,premium,2025-10-20,0,False,autumn,True,Diwali,0.0,,0.8683,0.9435
H007,suite,2025-10-20,0,False,autumn,True,Diwali,0.0,,0.8683,0.898
H007,standard,2025-10-21,1,False,autumn,False,,0.0,,0.9648,0.8689
H007,deluxe,2025-10-21,1,False,autumn,False,,0.0,,0.9648,0.8555
H007,premium,2025-10-21,1,False,autumn,False,,0.0,,0.9648,0.8332
H007,suite,2025-10-21,1,False,autumn,False,,0.0,,0.9648,0.793
H007,standard,2025-10-22,2,False,autumn,False,,0.0,,1.0,0.8865
H007,deluxe,2025-10-22,2,False,autumn,False,,0.0,,1.0,0.8728
H007,premium,2025-10-22,2,False,autumn,False,,0.0,,1.0,0.8501
H007,suite,2025-10-22,2,False,autumn,False,,0.0,,1.0,0.8091
H007,standard,2025-10-23,3,False,autumn,False,,0.0,,0.8496,0.8405
H007,deluxe,2025-10-23,3,False,autumn,False,,0.0,,0.8496,0.8275
H007,premium,2025-10-23,3,False,autumn,False,,0.0,,0.8496,0.806
H007,suite,2025-10-23,3,False,autumn,False,,0.0,,0.8496,0.7671
H007,standard,2025-10-24,4,False,autumn,False,,0.0,,0.8621,1.0
H007,deluxe,2025-10-24,4,False,autumn,False,,0.0,,0.8621,1.0
H007,premium,2025-10-24,4,False,autumn,False,,0.0,,0.8621,1.0
H007,suite,2025-10-24,4,False,autumn,False,,0.0,,0.8621,1.0
H007,standard,2025-10-25,5,True,autumn,False,,0.0,,0.8945,0.9385
H007,deluxe,2025-10-25,5,True,autumn,False,,0.0,,0.8945,0.924
H007,premium,2025-10-25,5,True,autumn,False,,0.0,,0.8945,0.8999
H007,suite,2025-10-25,5,True,autumn,False,,0.0,,0.8945,0.8565
H007,standard,2025-10-26,6,True,autumn,False,,0.0,,0.9514,1.0
H007,deluxe,2025-10-26,6,True,autumn,False,,0.0,,0.9514,1.0
H007,premium,2025-10-26,6,True,autumn,False,,0.0,,0.9514,1.0
H007,suite,2025-10-26,6,True,autumn,False,,0.0,,0.9514,1.0
H007,standard,2025-10-27,0,False,autumn,False,,0.0,,0.8686,1.0
H007,deluxe,2025-10-27,0,False,autumn,False,,0.0,,0.8686,1.0
H007,premium,2025-10-27,0,False,autumn,False,,0.0,,0.8686,1.0
H007,suite,2025-10-27,0,False,autumn,False,,0.0,,0.8686,0.9654
H007,standard,2025-10-28,1,False,autumn,False,,0.0,,0.9278,0.4142
H007,deluxe,2025-10-28,1,False,autumn,False,,0.0,,0.9278,0.4078
H007,premium,2025-10-28,1,False,autumn,False,,0.0,,0.9278,0.3972
H007,suite,2025-10-28,1,False,autumn,False,,0.0,,0.9278,0.378
H007,standard,2025-10-29,2,False,autumn,False,,0.0,,0.8975,0.854
H007,deluxe,2025-10-29,2,False,autumn,False,,0.0,,0.8975,0.8409
H007,premium,2025-10-29,2,False,autumn,False,,0.0,,0.8975,0.8189
H007,suite,2025-10-29,2,False,autumn,False,,0.0,,0.8975,0.7795
H007,standard,2025-10-30,3,False,autumn,False,,0.0,,0.8855,0.7566
H007,deluxe,2025-10-30,3,False,autumn,False,,0.0,,0.8855,0.745
H007,premium,2025-10-30,3,False,autumn,False,,0.0,,0.8855,0.7255
H007,suite,2025-10-30,3,False,autumn,False,,0.0,,0.8855,0.6906
H007,standard,2025-10-31,4,False,autumn,False,,0.0,,0.9321,0.8641
H007,deluxe,2025-10-31,4,False,autumn,False,,0.0,,0.9321,0.8508
H007,premium,2025-10-31,4,False,autumn,False,,0.0,,0.9321,0.8286
H007,suite,2025-10-31,4,False,autumn,False,,0.0,,0.9321,0.7886
H007,standard,2025-11-01,5,True,autumn,False,,0.9,Destination Wedding Season,0.99,1.0
H007,deluxe,2025-11-01,5,True,autumn,False,,0.9,Destination Wedding Season,0.99,1.0
H007,premium,2025-11-01,5,True,autumn,False,,0.9,Destination Wedding Season,0.99,1.0
H007,suite,2025-11-01,5,True,autumn,False,,0.9,Destination Wedding Season,0.99,1.0
H007,standard,2025-11-02,6,True,autumn,False,,0.9,Destination Wedding Season,0.9186,1.0
H007,deluxe,2025-11-02,6,True,autumn,False,,0.9,Destination Wedding Season,0.9186,1.0
H007,premium,2025-11-02,6,True,autumn,False,,0.9,Destination Wedding Season,0.9186,1.0
H007,suite,2025-11-02,6,True,autumn,False,,0.9,Destination Wedding Season,0.9186,1.0
H007,standard,2025-11-03,0,False,autumn,False,,0.9,Destination Wedding Season,0.9293,1.0
H007,deluxe,2025-11-03,0,False,autumn,False,,0.9,Destination Wedding Season,0.9293,1.0
H007,premium,2025-11-03,0,False,autumn,False,,0.9,Destination Wedding Season,0.9293,1.0
H007,suite,2025-11-03,0,False,autumn,False,,0.9,Destination Wedding Season,0.9293,1.0
H007,standard,2025-11-04,1,False,autumn,False,,0.9,Destination Wedding Season,0.8988,1.0
H007,deluxe,2025-11-04,1,False,autumn,False,,0.9,Destination Wedding Season,0.8988,1.0
H007,premium,2025-11-04,1,False,autumn,False,,0.9,Destination Wedding Season,0.8988,1.0
H007,suite,2025-11-04,1,False,autumn,False,,0.9,Destination Wedding Season,0.8988,1.0
H007,standard,2025-11-05,2,False,autumn,True,Guru Nanak Jayanti,0.9,Destination Wedding Season,0.8672,1.0
H007,deluxe,2025-11-05,2,False,autumn,True,Guru Nanak Jayanti,0.9,Destination Wedding Season,0.8672,1.0
H007,premium,2025-11-05,2,False,autumn,True,Guru Nanak Jayanti,0.9,Destination Wedding Season,0.8672,0.9996
H007,suite,2025-11-05,2,False,autumn,True,Guru Nanak Jayanti,0.9,Destination Wedding Season,0.8672,0.9514
H007,standard,2025-11-06,3,False,autumn,False,,0.9,Destination Wedding Season,0.787,1.0
H007,deluxe,2025-11-06,3,False,autumn,False,,0.9,Destination Wedding Season,0.787,1.0
H007,premium,2025-11-06,3,False,autumn,False,,0.9,Destination Wedding Season,0.787,1.0
H007,suite,2025-11-06,3,False,autumn,False,,0.9,Destination Wedding Season,0.787,1.0
H007,standard,2025-11-07,4,False,autumn,False,,0.9,Destination Wedding Season,0.8295,1.0
H007,deluxe,2025-11-07,4,False,autumn,False,,0.9,Destination Wedding Season,0.8295,1.0
H007,premium,2025-11-07,4,False,autumn,False,,0.9,Destination Wedding Season,0.8295,1.0
H007,suite,2025-11-07,4,False,autumn,False,,0.9,Destination Wedding Season,0.8295,1.0
H007,standard,2025-11-08,5,True,autumn,False,,0.9,Destination Wedding Season,0.8495,1.0
H007,deluxe,2025-11-08,5,True,autumn,False,,0.9,Destination Wedding Season,0.8495,1.0
H007,premium,2025-11-08,5,True,autumn,False,,0.9,Destination Wedding Season,0.8495,1.0
H007,suite,2025-11-08,5,True,autumn,False,,0.9,Destination Wedding Season,0.8495,1.0
H007,standard,2025-11-09,6,True,autumn,False,,0.9,Destination Wedding Season,0.8724,1.0
H007,deluxe,2025-11-09,6,True,autumn,False,,0.9,Destination Wedding Season,0.8724,1.0
H007,premium,2025-11-09,6,True,autumn,False,,0.9,Destination Wedding Season,0.8724,1.0
H007,suite,2025-11-09,6,True,autumn,False,,0.9,Destination Wedding Season,0.8724,1.0
H007,standard,2025-11-10,0,False,autumn,False,,0.9,Destination Wedding Season,0.8592,0.8004
H007,deluxe,2025-11-10,0,False,autumn,False,,0.9,Destination Wedding Season,0.8592,0.7881
H007,premium,2025-11-10,0,False,autumn,False,,0.9,Destination Wedding Season,0.8592,0.7675
H007,suite,2025-11-10,0,False,autumn,False,,0.9,Destination Wedding Season,0.8592,0.7305
H007,standard,2025-11-11,1,False,autumn,False,,0.9,Destination Wedding Season,0.9627,1.0
H007,deluxe,2025-11-11,1,False,autumn,False,,0.9,Destination Wedding Season,0.9627,1.0
H007,premium,2025-11-11,1,False,autumn,False,,0.9,Destination Wedding Season,0.9627,1.0
H007,suite,2025-11-11,1,False,autumn,False,,0.9,Destination Wedding Season,0.9627,0.9772
H007,standard,2025-11-12,2,False,autumn,False,,0.9,Destination Wedding Season,0.9702,1.0
H007,deluxe,2025-11-12,2,False,autumn,False,,0.9,Destination Wedding Season,0.9702,1.0
H007,premium,2025-11-12,2,False,autumn,False,,0.9,Destination Wedding Season,0.9702,1.0
H007,suite,2025-11-12,2,False,autumn,False,,0.9,Destination Wedding Season,0.9702,1.0
H007,standard,2025-11-13,3,False,autumn,False,,0.9,Destination Wedding Season,0.9239,1.0
H007,deluxe,2025-11-13,3,False,autumn,False,,0.9,Destination Wedding Season,0.9239,1.0
H007,premium,2025-11-13,3,False,autumn,False,,0.9,Destination Wedding Season,0.9239,1.0
H007,suite,2025-11-13,3,False,autumn,False,,0.9,Destination Wedding Season,0.9239,1.0
H007,standard,2025-11-14,4,False,autumn,False,,0.9,Destination Wedding Season,0.8749,1.0
H007,deluxe,2025-11-14,4,False,autumn,False,,0.9,Destination Wedding Season,0.8749,1.0
H007,premium,2025-11-14,4,False,autumn,False,,0.9,Destination Wedding Season,0.8749,1.0
H007,suite,2025-11-14,4,False,autumn,False,,0.9,Destination Wedding Season,0.8749,1.0
H007,standard,2025-11-15,5,True,autumn,False,,0.9,Destination Wedding Season,0.9329,1.0
H007,deluxe,2025-11-15,5,True,autumn,False,,0.9,Destination Wedding Season,0.9329,1.0
H007,premium,2025-11-15,5,True,autumn,False,,0.9,Destination Wedding Season,0.9329,1.0
H007,suite,2025-11-15,5,True,autumn,False,,0.9,Destination Wedding Season,0.9329,1.0
H007,standard,2025-11-16,6,True,autumn,False,,0.9,Destination Wedding Season,0.8226,1.0
H007,deluxe,2025-11-16,6,True,autumn,False,,0.9,Destination Wedding Season,0.8226,1.0
H007,premium,2025-11-16,6,True,autumn,False,,0.9,Destination Wedding Season,0.8226,1.0
H007,suite,2025-11-16,6,True,autumn,False,,0.9,Destination Wedding Season,0.8226,1.0
H007,standard,2025-11-17,0,False,autumn,False,,0.9,Destination Wedding Season,0.8185,0.9603
H007,deluxe,2025-11-17,0,False,autumn,False,,0.9,Destination Wedding Season,0.8185,0.9455
H007,premium,2025-11-17,0,False,autumn,False,,0.9,Destination Wedding Season,0.8185,0.9209
H007,suite,2025-11-17,0,False,autumn,False,,0.9,Destination Wedding Season,0.8185,0.8765
H007,standard,2025-11-18,1,False,autumn,False,,0.9,Destination Wedding Season,0.9282,1.0
H007,deluxe,2025-11-18,1,False,autumn,False,,0.9,Destination Wedding Season,0.9282,1.0
H007,premium,2025-11-18,1,False,autumn,False,,0.9,Destination Wedding Season,0.9282,1.0
H007,suite,2025-11-18,1,False,autumn,False,,0.9,Destination Wedding Season,0.9282,1.0
H007,standard,2025-11-19,2,False,autumn,False,,0.9,Destination Wedding Season,0.946,1.0
H007,deluxe,2025-11-19,2,False,autumn,False,,0.9,Destination Wedding Season,0.946,1.0
H007,premium,2025-11-19,2,False,autumn,False,,0.9,Destination Wedding Season,0.946,1.0
H007,suite,2025-11-19,2,False,autumn,False,,0.9,Destination Wedding Season,0.946,0.9871
H007,standard,2025-11-20,3,False,autumn,False,,0.9,Destination Wedding Season,0.8781,1.0
H007,deluxe,2025-11-20,3,False,autumn,False,,0.9,Destination Wedding Season,0.8781,1.0
H007,premium,2025-11-20,3,False,autumn,False,,0.9,Destination Wedding Season,0.8781,1.0
H007,suite,2025-11-20,3,False,autumn,False,,0.9,Destination Wedding Season,0.8781,1.0
H007,standard,2025-11-21,4,False,autumn,False,,0.9,Destination Wedding Season,1.0,1.0
H007,deluxe,2025-11-21,4,False,autumn,False,,0.9,Destination Wedding Season,1.0,1.0
H007,premium,2025-11-21,4,False,autumn,False,,0.9,Destination Wedding Season,1.0,1.0
H007,suite,2025-11-21,4,False,autumn,False,,0.9,Destination Wedding Season,1.0,1.0
H007,standard,2025-11-22,5,True,autumn,False,,0.9,Destination Wedding Season,0.8844,1.0
H007,deluxe,2025-11-22,5,True,autumn,False,,0.9,Destination Wedding Season,0.8844,1.0
H007,premium,2025-11-22,5,True,autumn,False,,0.9,Destination Wedding Season,0.8844,1.0
H007,suite,2025-11-22,5,True,autumn,False,,0.9,Destination Wedding Season,0.8844,1.0
H007,standard,2025-11-23,6,True,autumn,False,,0.9,Destination Wedding Season,0.8957,1.0
H007,deluxe,2025-11-23,6,True,autumn,False,,0.9,Destination Wedding Season,0.8957,1.0
H007,premium,2025-11-23,6,True,autumn,False,,0.9,Destination Wedding Season,0.8957,1.0
H007,suite,2025-11-23,6,True,autumn,False,,0.9,Destination Wedding Season,0.8957,1.0
H007,standard,2025-11-24,0,False,autumn,False,,0.9,Destination Wedding Season,0.9203,1.0
H007,deluxe,2025-11-24,0,False,autumn,False,,0.9,Destination Wedding Season,0.9203,1.0
H007,premium,2025-11-24,0,False,autumn,False,,0.9,Destination Wedding Season,0.9203,1.0
H007,suite,2025-11-24,0,False,autumn,False,,0.9,Destination Wedding Season,0.9203,0.9702
H007,standard,2025-11-25,1,False,autumn,False,,0.9,Destination Wedding Season,0.8325,1.0
H007,deluxe,2025-11-25,1,False,autumn,False,,0.9,Destination Wedding Season,0.8325,1.0
H007,premium,2025-11-25,1,False,autumn,False,,0.9,Destination Wedding Season,0.8325,1.0
H007,suite,2025-11-25,1,False,autumn,False,,0.9,Destination Wedding Season,0.8325,1.0
H007,standard,2025-11-26,2,False,autumn,False,,0.9,Destination Wedding Season,0.8738,1.0
H007,deluxe,2025-11-26,2,False,autumn,False,,0.9,Destination Wedding Season,0.8738,1.0
H007,premium,2025-11-26,2,False,autumn,False,,0.9,Destination Wedding Season,0.8738,1.0
H007,suite,2025-11-26,2,False,autumn,False,,0.9,Destination Wedding Season,0.8738,1.0
H007,standard,2025-11-27,3,False,autumn,False,,0.9,Destination Wedding Season,0.9113,1.0
H007,deluxe,2025-11-27,3,False,autumn,False,,0.9,Destination Wedding Season,0.9113,1.0
H007,premium,2025-11-27,3,False,autumn,False,,0.9,Destination Wedding Season,0.9113,1.0
H007,suite,2025-11-27,3,False,autumn,False,,0.9,Destination Wedding Season,0.9113,1.0
H007,standard,2025-11-28,4,False,autumn,False,,0.9,Destination Wedding Season,0.8897,1.0
H007,deluxe,2025-11-28,4,False,autumn,False,,0.9,Destination Wedding Season,0.8897,1.0
H007,premium,2025-11-28,4,False,autumn,False,,0.9,Destination Wedding Season,0.8897,1.0
H007,suite,2025-11-28,4,False,autumn,False,,0.9,Destination Wedding Season,0.8897,1.0
H007,standard,2025-11-29,5,True,autumn,False,,0.9,Destination Wedding Season,0.8068,1.0
H007,deluxe,2025-11-29,5,True,autumn,False,,0.9,Destination Wedding Season,0.8068,1.0
H007,premium,2025-11-29,5,True,autumn,False,,0.9,Destination Wedding Season,0.8068,1.0
H007,suite,2025-11-29,5,True,autumn,False,,0.9,Destination Wedding Season,0.8068,1.0
H007,standard,2025-11-30,6,True,autumn,False,,0.9,Destination Wedding Season,0.8974,1.0
H007,deluxe,2025-11-30,6,True,autumn,False,,0.9,Destination Wedding Season,0.8974,1.0
H007,premium,2025-11-30,6,True,autumn,False,,0.9,Destination Wedding Season,0.8974,1.0
H007,suite,2025-11-30,6,True,autumn,False,,0.9,Destination Wedding Season,0.8974,1.0
H007,standard,2025-12-01,0,False,winter,False,,0.9,Destination Wedding Season,0.8589,1.0
H007,deluxe,2025-12-01,0,False,winter,False,,0.9,Destination Wedding Season,0.8589,1.0
H007,premium,2025-12-01,0,False,winter,False,,0.9,Destination Wedding Season,0.8589,1.0
H007,suite,2025-12-01,0,False,winter,False,,0.9,Destination Wedding Season,0.8589,1.0
H007,standard,2025-12-02,1,False,winter,False,,0.9,Destination Wedding Season,0.8584,0.931
H007,deluxe,2025-12-02,1,False,winter,False,,0.9,Destination Wedding Season,0.8584,0.9167
H007,premium,2025-12-02,1,False,winter,False,,0.9,Destination Wedding Season,0.8584,0.8928
H007,suite,2025-12-02,1,False,winter,False,,0.9,Destination Wedding Season,0.8584,0.8497
H007,standard,2025-12-03,2,False,winter,False,,0.9,Destination Wedding Season,0.8017,1.0
H007,deluxe,2025-12-03,2,False,winter,False,,0.9,Destination Wedding Season,0.8017,1.0
H007,premium,2025-12-03,2,False,winter,False,,0.9,Destination Wedding Season,0.8017,1.0
H007,suite,2025-12-03,2,False,winter,False,,0.9,Destination Wedding Season,0.8017,1.0
H007,standard,2025-12-04,3,False,winter,False,,0.9,Destination Wedding Season,0.8749,1.0
H007,deluxe,2025-12-04,3,False,winter,False,,0.9,Destination Wedding Season,0.8749,1.0
H007,premium,2025-12-04,3,False,winter,False,,0.9,Destination Wedding Season,0.8749,1.0
H007,suite,2025-12-04,3,False,winter,False,,0.9,Destination Wedding Season,0.8749,1.0
H007,standard,2025-12-05,4,False,winter,False,,0.9,Destination Wedding Season,0.8536,1.0
H007,deluxe,2025-12-05,4,False,winter,False,,0.9,Destination Wedding Season,0.8536,1.0
H007,premium,2025-12-05,4,False,winter,False,,0.9,Destination Wedding Season,0.8536,1.0
H007,suite,2025-12-05,4,False,winter,False,,0.9,Destination Wedding Season,0.8536,1.0
H007,standard,2025-12-06,5,True,winter,False,,0.9,Destination Wedding Season,0.9083,1.0
H007,deluxe,2025-12-06,5,True,winter,False,,0.9,Destination Wedding Season,0.9083,1.0
H007,premium,2025-12-06,5,True,winter,False,,0.9,Destination Wedding Season,0.9083,1.0
H007,suite,2025-12-06,5,True,winter,False,,0.9,Destination Wedding Season,0.9083,1.0
H007,standard,2025-12-07,6,True,winter,False,,0.9,Destination Wedding Season,0.8661,1.0
H007,deluxe,2025-12-07,6,True,winter,False,,0.9,Destination Wedding Season,0.8661,1.0
H007,premium,2025-12-07,6,True,winter,False,,0.9,Destination Wedding Season,0.8661,1.0
H007,suite,2025-12-07,6,True,winter,False,,0.9,Destination Wedding Season,0.8661,1.0
H007,standard,2025-12-08,0,False,winter,False,,0.9,Destination Wedding Season,0.9204,1.0
H007,deluxe,2025-12-08,0,False,winter,False,,0.9,Destination Wedding Season,0.9204,1.0
H007,premium,2025-12-08,0,False,winter,False,,0.9,Destination Wedding Season,0.9204,1.0
H007,suite,2025-12-08,0,False,winter,False,,0.9,Destination Wedding Season,0.9204,1.0
H007,standard,2025-12-09,1,False,winter,False,,0.9,Destination Wedding Season,0.9055,1.0
H007,deluxe,2025-12-09,1,False,winter,False,,0.9,Destination Wedding Season,0.9055,1.0
H007,premium,2025-12-09,1,False,winter,False,,0.9,Destination Wedding Season,0.9055,1.0
H007,suite,2025-12-09,1,False,winter,False,,0.9,Destination Wedding Season,0.9055,1.0
H007,standard,2025-12-10,2,False,winter,False,,0.9,Destination Wedding Season,0.9858,1.0
H007,deluxe,2025-12-10,2,False,winter,False,,0.9,Destination Wedding Season,0.9858,1.0
H007,premium,2025-12-10,2,False,winter,False,,0.9,Destination Wedding Season,0.9858,1.0
H007,suite,2025-12-10,2,False,winter,False,,0.9,Destination Wedding Season,0.9858,1.0
H007,standard,2025-12-11,3,False,winter,False,,0.9,Destination Wedding Season,1.0,1.0
H007,deluxe,2025-12-11,3,False,winter,False,,0.9,Destination Wedding Season,1.0,1.0
H007,premium,2025-12-11,3,False,winter,False,,0.9,Destination Wedding Season,1.0,1.0
H007,suite,2025-12-11,3,False,winter,False,,0.9,Destination Wedding Season,1.0,1.0
H007,standard,2025-12-12,4,False,winter,False,,0.9,Destination Wedding Season,0.7792,1.0
H007,deluxe,2025-12-12,4,False,winter,False,,0.9,Destination Wedding Season,0.7792,1.0
H007,premium,2025-12-12,4,False,winter,False,,0.9,Destination Wedding Season,0.7792,1.0
H007,suite,2025-12-12,4,False,winter,False,,0.9,Destination Wedding Season,0.7792,1.0
H007,standard,2025-12-13,5,True,winter,False,,0.9,Destination Wedding Season,0.9808,1.0
H007,deluxe,2025-12-13,5,True,winter,False,,0.9,Destination Wedding Season,0.9808,1.0
H007,premium,2025-12-13,5,True,winter,False,,0.9,Destination Wedding Season,0.9808,1.0
H007,suite,2025-12-13,5,True,winter,False,,0.9,Destination Wedding Season,0.9808,1.0
H007,standard,2025-12-14,6,True,winter,False,,0.9,Destination Wedding Season,0.9087,1.0
H007,deluxe,2025-12-14,6,True,winter,False,,0.9,Destination Wedding Season,0.9087,1.0
H007,premium,2025-12-14,6,True,winter,False,,0.9,Destination Wedding Season,0.9087,1.0
H007,suite,2025-12-14,6,True,winter,False,,0.9,Destination Wedding Season,0.9087,1.0
H007,standard,2025-12-15,0,False,winter,False,,0.9,Destination Wedding Season,0.9119,1.0
H007,deluxe,2025-12-15,0,False,winter,False,,0.9,Destination Wedding Season,0.9119,1.0
H007,premium,2025-12-15,0,False,winter,False,,0.9,Destination Wedding Season,0.9119,1.0
H007,suite,2025-12-15,0,False,winter,False,,0.9,Destination Wedding Season,0.9119,1.0
H007,standard,2025-12-16,1,False,winter,False,,0.9,Destination Wedding Season,0.9021,1.0
H007,deluxe,2025-12-16,1,False,winter,False,,0.9,Destination Wedding Season,0.9021,1.0
H007,premium,2025-12-16,1,False,winter,False,,0.9,Destination Wedding Season,0.9021,1.0
H007,suite,2025-12-16,1,False,winter,False,,0.9,Destination Wedding Season,0.9021,1.0
H007,standard,2025-12-17,2,False,winter,False,,0.9,Destination Wedding Season,0.9178,1.0
H007,deluxe,2025-12-17,2,False,winter,False,,0.9,Destination Wedding Season,0.9178,1.0
H007,premium,2025-12-17,2,False,winter,False,,0.9,Destination Wedding Season,0.9178,1.0
H007,suite,2025-12-17,2,False,winter,False,,0.9,Destination Wedding Season,0.9178,1.0
H007,standard,2025-12-18,3,False,winter,False,,0.9,Destination Wedding Season,0.8475,1.0
H007,deluxe,2025-12-18,3,False,winter,False,,0.9,Destination Wedding Season,0.8475,1.0
H007,premium,2025-12-18,3,False,winter,False,,0.9,Destination Wedding Season,0.8475,1.0
H007,suite,2025-12-18,3,False,winter,False,,0.9,Destination Wedding Season,0.8475,1.0
H007,standard,2025-12-19,4,False,winter,False,,0.9,Destination Wedding Season,0.7737,1.0
H007,deluxe,2025-12-19,4,False,winter,False,,0.9,Destination Wedding Season,0.7737,1.0
H007,premium,2025-12-19,4,False,winter,False,,0.9,Destination Wedding Season,0.7737,1.0
H007,suite,2025-12-19,4,False,winter,False,,0.9,Destination Wedding Season,0.7737,1.0
H007,standard,2025-12-20,5,True,winter,False,,0.9,Destination Wedding Season,0.9815,1.0
H007,deluxe,2025-12-20,5,True,winter,False,,0.9,Destination Wedding Season,0.9815,1.0
H007,premium,2025-12-20,5,True,winter,False,,0.9,Destination Wedding Season,0.9815,1.0
H007,suite,2025-12-20,5,True,winter,False,,0.9,Destination Wedding Season,0.9815,1.0
H007,standard,2025-12-21,6,True,winter,False,,0.9,Destination Wedding Season,1.0,0.9056
H007,deluxe,2025-12-21,6,True,winter,False,,0.9,Destination Wedding Season,1.0,0.8916
H007,premium,2025-12-21,6,True,winter,False,,0.9,Destination Wedding Season,1.0,0.8683
H007,suite,2025-12-21,6,True,winter,False,,0.9,Destination Wedding Season,1.0,0.8265
H007,standard,2025-12-22,0,False,winter,False,,0.9,Destination Wedding Season,0.8779,1.0
H007,deluxe,2025-12-22,0,False,winter,False,,0.9,Destination Wedding Season,0.8779,1.0
H007,premium,2025-12-22,0,False,winter,False,,0.9,Destination Wedding Season,0.8779,1.0
H007,suite,2025-12-22,0,False,winter,False,,0.9,Destination Wedding Season,0.8779,1.0
H007,standard,2025-12-23,1,False,winter,False,,0.9,Destination Wedding Season,0.8549,1.0
H007,deluxe,2025-12-23,1,False,winter,False,,0.9,Destination Wedding Season,0.8549,1.0
H007,premium,2025-12-23,1,False,winter,False,,0.9,Destination Wedding Season,0.8549,1.0
H007,suite,2025-12-23,1,False,winter,False,,0.9,Destination Wedding Season,0.8549,1.0
H007,standard,2025-12-24,2,False,winter,False,,0.9,Destination Wedding Season,0.9241,1.0
H007,deluxe,2025-12-24,2,False,winter,False,,0.9,Destination Wedding Season,0.9241,1.0
H007,premium,2025-12-24,2,False,winter,False,,0.9,Destination Wedding Season,0.9241,1.0
H007,suite,2025-12-24,2,False,winter,False,,0.9,Destination Wedding Season,0.9241,1.0
H007,standard,2025-12-25,3,False,winter,True,Christmas,0.9,Destination Wedding Season,0.7969,1.0
H007,deluxe,2025-12-25,3,False,winter,True,Christmas,0.9,Destination Wedding Season,0.7969,1.0
H007,premium,2025-12-25,3,False,winter,True,Christmas,0.9,Destination Wedding Season,0.7969,1.0
H007,suite,2025-12-25,3,False,winter,True,Christmas,0.9,Destination Wedding Season,0.7969,1.0
H007,standard,2025-12-26,4,False,winter,False,,0.9,Destination Wedding Season,0.8717,0.7984
H007,deluxe,2025-12-26,4,False,winter,False,,0.9,Destination Wedding Season,0.8717,0.7861
H007,premium,2025-12-26,4,False,winter,False,,0.9,Destination Wedding Season,0.8717,0.7656
H007,suite,2025-12-26,4,False,winter,False,,0.9,Destination Wedding Season,0.8717,0.7287
H007,standard,2025-12-27,5,True,winter,False,,0.9,Destination Wedding Season,0.8768,1.0
H007,deluxe,2025-12-27,5,True,winter,False,,0.9,Destination Wedding Season,0.8768,1.0
H007,premium,2025-12-27,5,True,winter,False,,0.9,Destination Wedding Season,0.8768,1.0
H007,suite,2025-12-27,5,True,winter,False,,0.9,Destination Wedding Season,0.8768,1.0
H007,standard,2025-12-28,6,True,winter,False,,0.9,Destination Wedding Season,0.8547,1.0
H007,deluxe,2025-12-28,6,True,winter,False,,0.9,Destination Wedding Season,0.8547,1.0
H007,premium,2025-12-28,6,True,winter,False,,0.9,Destination Wedding Season,0.8547,1.0
H007,suite,2025-12-28,6,True,winter,False,,0.9,Destination Wedding Season,0.8547,1.0
H007,standard,2025-12-29,0,False,winter,False,,0.9,Destination Wedding Season,0.8949,1.0
H007,deluxe,2025-12-29,0,False,winter,False,,0.9,Destination Wedding Season,0.8949,1.0
H007,premium,2025-12-29,0,False,winter,False,,0.9,Destination Wedding Season,0.8949,1.0
H007,suite,2025-12-29,0,False,winter,False,,0.9,Destination Wedding Season,0.8949,1.0
H007,standard,2025-12-30,1,False,winter,False,,0.9,Destination Wedding Season,0.9312,1.0
H007,deluxe,2025-12-30,1,False,winter,False,,0.9,Destination Wedding Season,0.9312,1.0
H007,premium,2025-12-30,1,False,winter,False,,0.9,Destination Wedding Season,0.9312,1.0
H007,suite,2025-12-30,1,False,winter,False,,0.9,Destination Wedding Season,0.9312,1.0
H007,standard,2025-12-31,2,False,winter,True,New Year's Eve,0.9,Destination Wedding Season,1.0,1.0
H007,deluxe,2025-12-31,2,False,winter,True,New Year's Eve,0.9,Destination Wedding Season,1.0,1.0
H007,premium,2025-12-31,2,False,winter,True,New Year's Eve,0.9,Destination Wedding Season,1.0,1.0
H007,suite,2025-12-31,2,False,winter,True,New Year's Eve,0.9,Destination Wedding Season,1.0,1.0
H007,standard,2026-01-01,3,False,winter,True,New Year's Day,0.9,Destination Wedding Season,0.9285,1.0
H007,deluxe,2026-01-01,3,False,winter,True,New Year's Day,0.9,Destination Wedding Season,0.9285,1.0
H007,premium,2026-01-01,3,False,winter,True,New Year's Day,0.9,Destination Wedding Season,0.9285,1.0
H007,suite,2026-01-01,3,False,winter,True,New Year's Day,0.9,Destination Wedding Season,0.9285,1.0
H007,standard,2026-01-02,4,False,winter,False,,0.9,Destination Wedding Season,0.9703,1.0
H007,deluxe,2026-01-02,4,False,winter,False,,0.9,Destination Wedding Season,0.9703,1.0
H007,premium,2026-01-02,4,False,winter,False,,0.9,Destination Wedding Season,0.9703,1.0
H007,suite,2026-01-02,4,False,winter,False,,0.9,Destination Wedding Season,0.9703,1.0
H007,standard,2026-01-03,5,True,winter,False,,0.9,Destination Wedding Season,0.9309,1.0
H007,deluxe,2026-01-03,5,True,winter,False,,0.9,Destination Wedding Season,0.9309,1.0
H007,premium,2026-01-03,5,True,winter,False,,0.9,Destination Wedding Season,0.9309,1.0
H007,suite,2026-01-03,5,True,winter,False,,0.9,Destination Wedding Season,0.9309,1.0
H007,standard,2026-01-04,6,True,winter,False,,0.9,Destination Wedding Season,0.8685,1.0
H007,deluxe,2026-01-04,6,True,winter,False,,0.9,Destination Wedding Season,0.8685,1.0
H007,premium,2026-01-04,6,True,winter,False,,0.9,Destination Wedding Season,0.8685,1.0
H007,suite,2026-01-04,6,True,winter,False,,0.9,Destination Wedding Season,0.8685,1.0
H007,standard,2026-01-05,0,False,winter,False,,0.9,Destination Wedding Season,0.9414,1.0
H007,deluxe,2026-01-05,0,False,winter,False,,0.9,Destination Wedding Season,0.9414,1.0
H007,premium,2026-01-05,0,False,winter,False,,0.9,Destination Wedding Season,0.9414,1.0
H007,suite,2026-01-05,0,False,winter,False,,0.9,Destination Wedding Season,0.9414,1.0
H007,standard,2026-01-06,1,False,winter,False,,0.9,Destination Wedding Season,0.8494,1.0
H007,deluxe,2026-01-06,1,False,winter,False,,0.9,Destination Wedding Season,0.8494,1.0
H007,premium,2026-01-06,1,False,winter,False,,0.9,Destination Wedding Season,0.8494,1.0
H007,suite,2026-01-06,1,False,winter,False,,0.9,Destination Wedding Season,0.8494,1.0
H007,standard,2026-01-07,2,False,winter,False,,0.9,Destination Wedding Season,0.8468,1.0
H007,deluxe,2026-01-07,2,False,winter,False,,0.9,Destination Wedding Season,0.8468,1.0
H007,premium,2026-01-07,2,False,winter,False,,0.9,Destination Wedding Season,0.8468,1.0
H007,suite,2026-01-07,2,False,winter,False,,0.9,Destination Wedding Season,0.8468,1.0
H007,standard,2026-01-08,3,False,winter,False,,0.9,Destination Wedding Season,0.9206,1.0
H007,deluxe,2026-01-08,3,False,winter,False,,0.9,Destination Wedding Season,0.9206,1.0
H007,premium,2026-01-08,3,False,winter,False,,0.9,Destination Wedding Season,0.9206,1.0
H007,suite,2026-01-08,3,False,winter,False,,0.9,Destination Wedding Season,0.9206,1.0
H007,standard,2026-01-09,4,False,winter,False,,0.9,Destination Wedding Season,0.9607,1.0
H007,deluxe,2026-01-09,4,False,winter,False,,0.9,Destination Wedding Season,0.9607,1.0
H007,premium,2026-01-09,4,False,winter,False,,0.9,Destination Wedding Season,0.9607,1.0
H007,suite,2026-01-09,4,False,winter,False,,0.9,Destination Wedding Season,0.9607,1.0
H007,standard,2026-01-10,5,True,winter,False,,0.9,Destination Wedding Season,0.8399,1.0
H007,deluxe,2026-01-10,5,True,winter,False,,0.9,Destination Wedding Season,0.8399,1.0
H007,premium,2026-01-10,5,True,winter,False,,0.9,Destination Wedding Season,0.8399,1.0
H007,suite,2026-01-10,5,True,winter,False,,0.9,Destination Wedding Season,0.8399,1.0
H007,standard,2026-01-11,6,True,winter,False,,0.9,Destination Wedding Season,1.0,1.0
H007,deluxe,2026-01-11,6,True,winter,False,,0.9,Destination Wedding Season,1.0,1.0
H007,premium,2026-01-11,6,True,winter,False,,0.9,Destination Wedding Season,1.0,1.0
H007,suite,2026-01-11,6,True,winter,False,,0.9,Destination Wedding Season,1.0,1.0
H007,standard,2026-01-12,0,False,winter,False,,0.9,Destination Wedding Season,0.8842,0.8764
H007,deluxe,2026-01-12,0,False,winter,False,,0.9,Destination Wedding Season,0.8842,0.8628
H007,premium,2026-01-12,0,False,winter,False,,0.9,Destination Wedding Season,0.8842,0.8403
H007,suite,2026-01-12,0,False,winter,False,,0.9,Destination Wedding Season,0.8842,0.7998
H007,standard,2026-01-13,1,False,winter,False,,0.9,Destination Wedding Season,0.8433,1.0
H007,deluxe,2026-01-13,1,False,winter,False,,0.9,Destination Wedding Season,0.8433,1.0
H007,premium,2026-01-13,1,False,winter,False,,0.9,Destination Wedding Season,0.8433,1.0
H007,suite,2026-01-13,1,False,winter,False,,0.9,Destination Wedding Season,0.8433,1.0
H007,standard,2026-01-14,2,False,winter,True,Makar Sankranti / Pongal,0.9,Destination Wedding Season,0.87,1.0
H007,deluxe,2026-01-14,2,False,winter,True,Makar Sankranti / Pongal,0.9,Destination Wedding Season,0.87,1.0
H007,premium,2026-01-14,2,False,winter,True,Makar Sankranti / Pongal,0.9,Destination Wedding Season,0.87,1.0
H007,suite,2026-01-14,2,False,winter,True,Makar Sankranti / Pongal,0.9,Destination Wedding Season,0.87,1.0
H007,standard,2026-01-15,3,False,winter,False,,0.9,Destination Wedding Season,0.9338,1.0
H007,deluxe,2026-01-15,3,False,winter,False,,0.9,Destination Wedding Season,0.9338,1.0
H007,premium,2026-01-15,3,False,winter,False,,0.9,Destination Wedding Season,0.9338,1.0
H007,suite,2026-01-15,3,False,winter,False,,0.9,Destination Wedding Season,0.9338,1.0
H007,standard,2026-01-16,4,False,winter,False,,0.9,Destination Wedding Season,0.819,1.0
H007,deluxe,2026-01-16,4,False,winter,False,,0.9,Destination Wedding Season,0.819,1.0
H007,premium,2026-01-16,4,False,winter,False,,0.9,Destination Wedding Season,0.819,1.0
H007,suite,2026-01-16,4,False,winter,False,,0.9,Destination Wedding Season,0.819,1.0
H007,standard,2026-01-17,5,True,winter,False,,0.9,Destination Wedding Season,0.9021,1.0
H007,deluxe,2026-01-17,5,True,winter,False,,0.9,Destination Wedding Season,0.9021,1.0
H007,premium,2026-01-17,5,True,winter,False,,0.9,Destination Wedding Season,0.9021,1.0
H007,suite,2026-01-17,5,True,winter,False,,0.9,Destination Wedding Season,0.9021,1.0
H007,standard,2026-01-18,6,True,winter,False,,0.9,Destination Wedding Season,0.9197,1.0
H007,deluxe,2026-01-18,6,True,winter,False,,0.9,Destination Wedding Season,0.9197,1.0
H007,premium,2026-01-18,6,True,winter,False,,0.9,Destination Wedding Season,0.9197,1.0
H007,suite,2026-01-18,6,True,winter,False,,0.9,Destination Wedding Season,0.9197,1.0
H007,standard,2026-01-19,0,False,winter,False,,0.9,Destination Wedding Season,0.8297,1.0
H007,deluxe,2026-01-19,0,False,winter,False,,0.9,Destination Wedding Season,0.8297,1.0
H007,premium,2026-01-19,0,False,winter,False,,0.9,Destination Wedding Season,0.8297,1.0
H007,suite,2026-01-19,0,False,winter,False,,0.9,Destination Wedding Season,0.8297,1.0
H007,standard,2026-01-20,1,False,winter,False,,0.9,Destination Wedding Season,0.9116,1.0
H007,deluxe,2026-01-20,1,False,winter,False,,0.9,Destination Wedding Season,0.9116,1.0
H007,premium,2026-01-20,1,False,winter,False,,0.9,Destination Wedding Season,0.9116,1.0
H007,suite,2026-01-20,1,False,winter,False,,0.9,Destination Wedding Season,0.9116,1.0
H007,standard,2026-01-21,2,False,winter,False,,0.9,Destination Wedding Season,1.0,1.0
H007,deluxe,2026-01-21,2,False,winter,False,,0.9,Destination Wedding Season,1.0,1.0
H007,premium,2026-01-21,2,False,winter,False,,0.9,Destination Wedding Season,1.0,1.0
H007,suite,2026-01-21,2,False,winter,False,,0.9,Destination Wedding Season,1.0,1.0
H007,standard,2026-01-22,3,False,winter,False,,0.9,Destination Wedding Season,0.9445,1.0
H007,deluxe,2026-01-22,3,False,winter,False,,0.9,Destination Wedding Season,0.9445,1.0
H007,premium,2026-01-22,3,False,winter,False,,0.9,Destination Wedding Season,0.9445,1.0
H007,suite,2026-01-22,3,False,winter,False,,0.9,Destination Wedding Season,0.9445,1.0
H007,standard,2026-01-23,4,False,winter,False,,0.9,Destination Wedding Season,0.8942,1.0
H007,deluxe,2026-01-23,4,False,winter,False,,0.9,Destination Wedding Season,0.8942,1.0
H007,premium,2026-01-23,4,False,winter,False,,0.9,Destination Wedding Season,0.8942,1.0
H007,suite,2026-01-23,4,False,winter,False,,0.9,Destination Wedding Season,0.8942,1.0
H007,standard,2026-01-24,5,True,winter,False,,0.9,Destination Wedding Season,0.7919,1.0
H007,deluxe,2026-01-24,5,True,winter,False,,0.9,Destination Wedding Season,0.7919,1.0
H007,premium,2026-01-24,5,True,winter,False,,0.9,Destination Wedding Season,0.7919,1.0
H007,suite,2026-01-24,5,True,winter,False,,0.9,Destination Wedding Season,0.7919,1.0
H007,standard,2026-01-25,6,True,winter,False,,0.9,Destination Wedding Season,0.9904,1.0
H007,deluxe,2026-01-25,6,True,winter,False,,0.9,Destination Wedding Season,0.9904,1.0
H007,premium,2026-01-25,6,True,winter,False,,0.9,Destination Wedding Season,0.9904,1.0
H007,suite,2026-01-25,6,True,winter,False,,0.9,Destination Wedding Season,0.9904,1.0
H007,standard,2026-01-26,0,False,winter,True,Republic Day,0.9,Destination Wedding Season,0.8812,1.0
H007,deluxe,2026-01-26,0,False,winter,True,Republic Day,0.9,Destination Wedding Season,0.8812,1.0
H007,premium,2026-01-26,0,False,winter,True,Republic Day,0.9,Destination Wedding Season,0.8812,1.0
H007,suite,2026-01-26,0,False,winter,True,Republic Day,0.9,Destination Wedding Season,0.8812,1.0
H007,standard,2026-01-27,1,False,winter,False,,0.9,Destination Wedding Season,0.9113,1.0
H007,deluxe,2026-01-27,1,False,winter,False,,0.9,Destination Wedding Season,0.9113,0.9898
H007,premium,2026-01-27,1,False,winter,False,,0.9,Destination Wedding Season,0.9113,0.964
H007,suite,2026-01-27,1,False,winter,False,,0.9,Destination Wedding Season,0.9113,0.9175
H007,standard,2026-01-28,2,False,winter,False,,0.9,Destination Wedding Season,0.8555,1.0
H007,deluxe,2026-01-28,2,False,winter,False,,0.9,Destination Wedding Season,0.8555,1.0
H007,premium,2026-01-28,2,False,winter,False,,0.9,Destination Wedding Season,0.8555,1.0
H007,suite,2026-01-28,2,False,winter,False,,0.9,Destination Wedding Season,0.8555,1.0
H007,standard,2026-01-29,3,False,winter,False,,0.9,Destination Wedding Season,0.9884,1.0
H007,deluxe,2026-01-29,3,False,winter,False,,0.9,Destination Wedding Season,0.9884,1.0
H007,premium,2026-01-29,3,False,winter,False,,0.9,Destination Wedding Season,0.9884,1.0
H007,suite,2026-01-29,3,False,winter,False,,0.9,Destination Wedding Season,0.9884,1.0
H007,standard,2026-01-30,4,False,winter,False,,0.9,Destination Wedding Season,0.8079,1.0
H007,deluxe,2026-01-30,4,False,winter,False,,0.9,Destination Wedding Season,0.8079,1.0
H007,premium,2026-01-30,4,False,winter,False,,0.9,Destination Wedding Season,0.8079,1.0
H007,suite,2026-01-30,4,False,winter,False,,0.9,Destination Wedding Season,0.8079,1.0
H007,standard,2026-01-31,5,True,winter,False,,0.9,Destination Wedding Season,0.7428,1.0
H007,deluxe,2026-01-31,5,True,winter,False,,0.9,Destination Wedding Season,0.7428,1.0
H007,premium,2026-01-31,5,True,winter,False,,0.9,Destination Wedding Season,0.7428,1.0
H007,suite,2026-01-31,5,True,winter,False,,0.9,Destination Wedding Season,0.7428,1.0
H007,standard,2026-02-01,6,True,winter,False,,0.9,Destination Wedding Season,0.8727,1.0
H007,deluxe,2026-02-01,6,True,winter,False,,0.9,Destination Wedding Season,0.8727,1.0
H007,premium,2026-02-01,6,True,winter,False,,0.9,Destination Wedding Season,0.8727,1.0
H007,suite,2026-02-01,6,True,winter,False,,0.9,Destination Wedding Season,0.8727,1.0
H007,standard,2026-02-02,0,False,winter,False,,0.9,Destination Wedding Season,0.8969,1.0
H007,deluxe,2026-02-02,0,False,winter,False,,0.9,Destination Wedding Season,0.8969,1.0
H007,premium,2026-02-02,0,False,winter,False,,0.9,Destination Wedding Season,0.8969,1.0
H007,suite,2026-02-02,0,False,winter,False,,0.9,Destination Wedding Season,0.8969,1.0
H007,standard,2026-02-03,1,False,winter,False,,0.9,Destination Wedding Season,0.9681,1.0
H007,deluxe,2026-02-03,1,False,winter,False,,0.9,Destination Wedding Season,0.9681,1.0
H007,premium,2026-02-03,1,False,winter,False,,0.9,Destination Wedding Season,0.9681,1.0
H007,suite,2026-02-03,1,False,winter,False,,0.9,Destination Wedding Season,0.9681,1.0
H007,standard,2026-02-04,2,False,winter,False,,0.9,Destination Wedding Season,0.8774,1.0
H007,deluxe,2026-02-04,2,False,winter,False,,0.9,Destination Wedding Season,0.8774,1.0
H007,premium,2026-02-04,2,False,winter,False,,0.9,Destination Wedding Season,0.8774,1.0
H007,suite,2026-02-04,2,False,winter,False,,0.9,Destination Wedding Season,0.8774,1.0
H007,standard,2026-02-05,3,False,winter,False,,0.9,Destination Wedding Season,0.9549,1.0
H007,deluxe,2026-02-05,3,False,winter,False,,0.9,Destination Wedding Season,0.9549,1.0
H007,premium,2026-02-05,3,False,winter,False,,0.9,Destination Wedding Season,0.9549,0.9753
H007,suite,2026-02-05,3,False,winter,False,,0.9,Destination Wedding Season,0.9549,0.9283
H007,standard,2026-02-06,4,False,winter,False,,0.9,Destination Wedding Season,0.7978,1.0
H007,deluxe,2026-02-06,4,False,winter,False,,0.9,Destination Wedding Season,0.7978,1.0
H007,premium,2026-02-06,4,False,winter,False,,0.9,Destination Wedding Season,0.7978,1.0
H007,suite,2026-02-06,4,False,winter,False,,0.9,Destination Wedding Season,0.7978,1.0
H007,standard,2026-02-07,5,True,winter,False,,0.9,Destination Wedding Season,0.828,1.0
H007,deluxe,2026-02-07,5,True,winter,False,,0.9,Destination Wedding Season,0.828,1.0
H007,premium,2026-02-07,5,True,winter,False,,0.9,Destination Wedding Season,0.828,1.0
H007,suite,2026-02-07,5,True,winter,False,,0.9,Destination Wedding Season,0.828,1.0
H007,standard,2026-02-08,6,True,winter,False,,0.9,Destination Wedding Season,0.8708,1.0
H007,deluxe,2026-02-08,6,True,winter,False,,0.9,Destination Wedding Season,0.8708,1.0
H007,premium,2026-02-08,6,True,winter,False,,0.9,Destination Wedding Season,0.8708,1.0
H007,suite,2026-02-08,6,True,winter,False,,0.9,Destination Wedding Season,0.8708,1.0
H007,standard,2026-02-09,0,False,winter,False,,0.9,Destination Wedding Season,0.9352,1.0
H007,deluxe,2026-02-09,0,False,winter,False,,0.9,Destination Wedding Season,0.9352,1.0
H007,premium,2026-02-09,0,False,winter,False,,0.9,Destination Wedding Season,0.9352,1.0
H007,suite,2026-02-09,0,False,winter,False,,0.9,Destination Wedding Season,0.9352,1.0
H007,standard,2026-02-10,1,False,winter,False,,0.9,Destination Wedding Season,0.7823,1.0
H007,deluxe,2026-02-10,1,False,winter,False,,0.9,Destination Wedding Season,0.7823,1.0
H007,premium,2026-02-10,1,False,winter,False,,0.9,Destination Wedding Season,0.7823,1.0
H007,suite,2026-02-10,1,False,winter,False,,0.9,Destination Wedding Season,0.7823,1.0
H007,standard,2026-02-11,2,False,winter,False,,0.9,Destination Wedding Season,0.9503,1.0
H007,deluxe,2026-02-11,2,False,winter,False,,0.9,Destination Wedding Season,0.9503,1.0
H007,premium,2026-02-11,2,False,winter,False,,0.9,Destination Wedding Season,0.9503,1.0
H007,suite,2026-02-11,2,False,winter,False,,0.9,Destination Wedding Season,0.9503,1.0
H007,standard,2026-02-12,3,False,winter,False,,0.9,Destination Wedding Season,0.8581,0.9447
H007,deluxe,2026-02-12,3,False,winter,False,,0.9,Destination Wedding Season,0.8581,0.9301
H007,premium,2026-02-12,3,False,winter,False,,0.9,Destination Wedding Season,0.8581,0.9059
H007,suite,2026-02-12,3,False,winter,False,,0.9,Destination Wedding Season,0.8581,0.8622
H007,standard,2026-02-13,4,False,winter,False,,0.9,Destination Wedding Season,0.7735,1.0
H007,deluxe,2026-02-13,4,False,winter,False,,0.9,Destination Wedding Season,0.7735,1.0
H007,premium,2026-02-13,4,False,winter,False,,0.9,Destination Wedding Season,0.7735,1.0
H007,suite,2026-02-13,4,False,winter,False,,0.9,Destination Wedding Season,0.7735,1.0
H007,standard,2026-02-14,5,True,winter,False,,0.9,Destination Wedding Season,0.7772,1.0
H007,deluxe,2026-02-14,5,True,winter,False,,0.9,Destination Wedding Season,0.7772,1.0
H007,premium,2026-02-14,5,True,winter,False,,0.9,Destination Wedding Season,0.7772,1.0
H007,suite,2026-02-14,5,True,winter,False,,0.9,Destination Wedding Season,0.7772,1.0
H007,standard,2026-02-15,6,True,winter,True,Maha Shivaratri,0.9,Destination Wedding Season,0.9488,1.0
H007,deluxe,2026-02-15,6,True,winter,True,Maha Shivaratri,0.9,Destination Wedding Season,0.9488,1.0
H007,premium,2026-02-15,6,True,winter,True,Maha Shivaratri,0.9,Destination Wedding Season,0.9488,1.0
H007,suite,2026-02-15,6,True,winter,True,Maha Shivaratri,0.9,Destination Wedding Season,0.9488,1.0
H007,standard,2026-02-16,0,False,winter,False,,0.9,Destination Wedding Season,0.9268,1.0
H007,deluxe,2026-02-16,0,False,winter,False,,0.9,Destination Wedding Season,0.9268,0.9933
H007,premium,2026-02-16,0,False,winter,False,,0.9,Destination Wedding Season,0.9268,0.9673
H007,suite,2026-02-16,0,False,winter,False,,0.9,Destination Wedding Season,0.9268,0.9207
H007,standard,2026-02-17,1,False,winter,False,,0.9,Destination Wedding Season,0.9317,1.0
H007,deluxe,2026-02-17,1,False,winter,False,,0.9,Destination Wedding Season,0.9317,1.0
H007,premium,2026-02-17,1,False,winter,False,,0.9,Destination Wedding Season,0.9317,1.0
H007,suite,2026-02-17,1,False,winter,False,,0.9,Destination Wedding Season,0.9317,1.0
H007,standard,2026-02-18,2,False,winter,False,,0.9,Destination Wedding Season,0.8749,1.0
H007,deluxe,2026-02-18,2,False,winter,False,,0.9,Destination Wedding Season,0.8749,1.0
H007,premium,2026-02-18,2,False,winter,False,,0.9,Destination Wedding Season,0.8749,1.0
H007,suite,2026-02-18,2,False,winter,False,,0.9,Destination Wedding Season,0.8749,1.0
H007,standard,2026-02-19,3,False,winter,False,,0.9,Destination Wedding Season,0.9456,1.0
H007,deluxe,2026-02-19,3,False,winter,False,,0.9,Destination Wedding Season,0.9456,1.0
H007,premium,2026-02-19,3,False,winter,False,,0.9,Destination Wedding Season,0.9456,1.0
H007,suite,2026-02-19,3,False,winter,False,,0.9,Destination Wedding Season,0.9456,1.0
H007,standard,2026-02-20,4,False,winter,False,,0.9,Destination Wedding Season,0.9586,1.0
H007,deluxe,2026-02-20,4,False,winter,False,,0.9,Destination Wedding Season,0.9586,1.0
H007,premium,2026-02-20,4,False,winter,False,,0.9,Destination Wedding Season,0.9586,1.0
H007,suite,2026-02-20,4,False,winter,False,,0.9,Destination Wedding Season,0.9586,0.9853
H007,standard,2026-02-21,5,True,winter,False,,0.0,,0.851,0.9432
H007,deluxe,2026-02-21,5,True,winter,False,,0.0,,0.851,0.9286
H007,premium,2026-02-21,5,True,winter,False,,0.0,,0.851,0.9044
H007,suite,2026-02-21,5,True,winter,False,,0.0,,0.851,0.8608
H007,standard,2026-02-22,6,True,winter,False,,0.0,,0.8956,1.0
H007,deluxe,2026-02-22,6,True,winter,False,,0.0,,0.8956,1.0
H007,premium,2026-02-22,6,True,winter,False,,0.0,,0.8956,1.0
H007,suite,2026-02-22,6,True,winter,False,,0.0,,0.8956,1.0
H007,standard,2026-02-23,0,False,winter,False,,0.0,,0.9629,0.6908
H007,deluxe,2026-02-23,0,False,winter,False,,0.0,,0.9629,0.6801
H007,premium,2026-02-23,0,False,winter,False,,0.0,,0.9629,0.6624
H007,suite,2026-02-23,0,False,winter,False,,0.0,,0.9629,0.6304
H007,standard,2026-02-24,1,False,winter,False,,0.0,,0.9035,1.0
H007,deluxe,2026-02-24,1,False,winter,False,,0.0,,0.9035,1.0
H007,premium,2026-02-24,1,False,winter,False,,0.0,,0.9035,1.0
H007,suite,2026-02-24,1,False,winter,False,,0.0,,0.9035,0.9919
H007,standard,2026-02-25,2,False,winter,False,,0.0,,0.9064,0.7311
H007,deluxe,2026-02-25,2,False,winter,False,,0.0,,0.9064,0.7198
H007,premium,2026-02-25,2,False,winter,False,,0.0,,0.9064,0.701
H007,suite,2026-02-25,2,False,winter,False,,0.0,,0.9064,0.6672
H007,standard,2026-02-26,3,False,winter,False,,0.0,,0.8801,0.7784
H007,deluxe,2026-02-26,3,False,winter,False,,0.0,,0.8801,0.7664
H007,premium,2026-02-26,3,False,winter,False,,0.0,,0.8801,0.7464
H007,suite,2026-02-26,3,False,winter,False,,0.0,,0.8801,0.7104
H007,standard,2026-02-27,4,False,winter,False,,0.0,,0.8397,0.7603
H007,deluxe,2026-02-27,4,False,winter,False,,0.0,,0.8397,0.7485
H007,premium,2026-02-27,4,False,winter,False,,0.0,,0.8397,0.729
H007,suite,2026-02-27,4,False,winter,False,,0.0,,0.8397,0.6939
H007,standard,2026-02-28,5,True,winter,False,,0.0,,0.9039,0.7819
H007,deluxe,2026-02-28,5,True,winter,False,,0.0,,0.9039,0.7698
H007,premium,2026-02-28,5,True,winter,False,,0.0,,0.9039,0.7497
H007,suite,2026-02-28,5,True,winter,False,,0.0,,0.9039,0.7136
H007,standard,2026-03-01,6,True,summer,False,,0.0,,0.3809,0.6677
H007,deluxe,2026-03-01,6,True,summer,False,,0.0,,0.3809,0.6575
H007,premium,2026-03-01,6,True,summer,False,,0.0,,0.3809,0.6403
H007,suite,2026-03-01,6,True,summer,False,,0.0,,0.3809,0.6094
H007,standard,2026-03-02,0,False,summer,False,,0.0,,0.3427,0.6445
H007,deluxe,2026-03-02,0,False,summer,False,,0.0,,0.3427,0.6346
H007,premium,2026-03-02,0,False,summer,False,,0.0,,0.3427,0.618
H007,suite,2026-03-02,0,False,summer,False,,0.0,,0.3427,0.5882
H007,standard,2026-03-03,1,False,summer,False,,0.0,,0.1677,0.6175
H007,deluxe,2026-03-03,1,False,summer,False,,0.0,,0.1677,0.608
H007,premium,2026-03-03,1,False,summer,False,,0.0,,0.1677,0.5921
H007,suite,2026-03-03,1,False,summer,False,,0.0,,0.1677,0.5636
H007,standard,2026-03-04,2,False,summer,True,Holi,0.0,,0.2721,0.3053
H007,deluxe,2026-03-04,2,False,summer,True,Holi,0.0,,0.2721,0.3006
H007,premium,2026-03-04,2,False,summer,True,Holi,0.0,,0.2721,0.2928
H007,suite,2026-03-04,2,False,summer,True,Holi,0.0,,0.2721,0.2787
H007,standard,2026-03-05,3,False,summer,False,,0.0,,0.3975,0.3947
H007,deluxe,2026-03-05,3,False,summer,False,,0.0,,0.3975,0.3886
H007,premium,2026-03-05,3,False,summer,False,,0.0,,0.3975,0.3784
H007,suite,2026-03-05,3,False,summer,False,,0.0,,0.3975,0.3602
H007,standard,2026-03-06,4,False,summer,False,,0.0,,0.3852,0.7339
H007,deluxe,2026-03-06,4,False,summer,False,,0.0,,0.3852,0.7225
H007,premium,2026-03-06,4,False,summer,False,,0.0,,0.3852,0.7037
H007,suite,2026-03-06,4,False,summer,False,,0.0,,0.3852,0.6698
H007,standard,2026-03-07,5,True,summer,False,,0.0,,0.2931,1.0
H007,deluxe,2026-03-07,5,True,summer,False,,0.0,,0.2931,1.0
H007,premium,2026-03-07,5,True,summer,False,,0.0,,0.2931,1.0
H007,suite,2026-03-07,5,True,summer,False,,0.0,,0.2931,0.9566
H007,standard,2026-03-08,6,True,summer,False,,0.0,,0.3767,0.6534
H007,deluxe,2026-03-08,6,True,summer,False,,0.0,,0.3767,0.6433
H007,premium,2026-03-08,6,True,summer,False,,0.0,,0.3767,0.6265
H007,suite,2026-03-08,6,True,summer,False,,0.0,,0.3767,0.5963
H007,standard,2026-03-09,0,False,summer,False,,0.0,,0.4565,0.8188
H007,deluxe,2026-03-09,0,False,summer,False,,0.0,,0.4565,0.8061
H007,premium,2026-03-09,0,False,summer,False,,0.0,,0.4565,0.7851
H007,suite,2026-03-09,0,False,summer,False,,0.0,,0.4565,0.7473
H007,standard,2026-03-10,1,False,summer,False,,0.0,,0.3183,0.536
H007,deluxe,2026-03-10,1,False,summer,False,,0.0,,0.3183,0.5277
H007,premium,2026-03-10,1,False,summer,False,,0.0,,0.3183,0.514
H007,suite,2026-03-10,1,False,summer,False,,0.0,,0.3183,0.4892
H007,standard,2026-03-11,2,False,summer,False,,0.0,,0.3542,0.4733
H007,deluxe,2026-03-11,2,False,summer,False,,0.0,,0.3542,0.466
H007,premium,2026-03-11,2,False,summer,False,,0.0,,0.3542,0.4538
H007,suite,2026-03-11,2,False,summer,False,,0.0,,0.3542,0.4319
H007,standard,2026-03-12,3,False,summer,False,,0.0,,0.3775,0.5699
H007,deluxe,2026-03-12,3,False,summer,False,,0.0,,0.3775,0.5611
H007,premium,2026-03-12,3,False,summer,False,,0.0,,0.3775,0.5464
H007,suite,2026-03-12,3,False,summer,False,,0.0,,0.3775,0.5201
H007,standard,2026-03-13,4,False,summer,False,,0.0,,0.3822,0.5942
H007,deluxe,2026-03-13,4,False,summer,False,,0.0,,0.3822,0.585
H007,premium,2026-03-13,4,False,summer,False,,0.0,,0.3822,0.5697
H007,suite,2026-03-13,4,False,summer,False,,0.0,,0.3822,0.5423
H007,standard,2026-03-14,5,True,summer,False,,0.0,,0.238,0.6698
H007,deluxe,2026-03-14,5,True,summer,False,,0.0,,0.238,0.6595
H007,premium,2026-03-14,5,True,summer,False,,0.0,,0.238,0.6423
H007,suite,2026-03-14,5,True,summer,False,,0.0,,0.238,0.6114
H007,standard,2026-03-15,6,True,summer,False,,0.0,,0.3054,0.4901
H007,deluxe,2026-03-15,6,True,summer,False,,0.0,,0.3054,0.4825
H007,premium,2026-03-15,6,True,summer,False,,0.0,,0.3054,0.47
H007,suite,2026-03-15,6,True,summer,False,,0.0,,0.3054,0.4473
H007,standard,2026-03-16,0,False,summer,False,,0.0,,0.5115,0.4946
H007,deluxe,2026-03-16,0,False,summer,False,,0.0,,0.5115,0.487
H007,premium,2026-03-16,0,False,summer,False,,0.0,,0.5115,0.4743
H007,suite,2026-03-16,0,False,summer,False,,0.0,,0.5115,0.4515
H007,standard,2026-03-17,1,False,summer,False,,0.0,,0.3808,0.4798
H007,deluxe,2026-03-17,1,False,summer,False,,0.0,,0.3808,0.4724
H007,premium,2026-03-17,1,False,summer,False,,0.0,,0.3808,0.4601
H007,suite,2026-03-17,1,False,summer,False,,0.0,,0.3808,0.4379
H007,standard,2026-03-18,2,False,summer,False,,0.0,,0.3608,0.5396
H007,deluxe,2026-03-18,2,False,summer,False,,0.0,,0.3608,0.5313
H007,premium,2026-03-18,2,False,summer,False,,0.0,,0.3608,0.5174
H007,suite,2026-03-18,2,False,summer,False,,0.0,,0.3608,0.4925
H007,standard,2026-03-19,3,False,summer,False,,0.0,,0.2859,0.5117
H007,deluxe,2026-03-19,3,False,summer,False,,0.0,,0.2859,0.5038
H007,premium,2026-03-19,3,False,summer,False,,0.0,,0.2859,0.4907
H007,suite,2026-03-19,3,False,summer,False,,0.0,,0.2859,0.467
H007,standard,2026-03-20,4,False,summer,False,,0.5,Mewar Festival,0.3055,0.6702
H007,deluxe,2026-03-20,4,False,summer,False,,0.5,Mewar Festival,0.3055,0.6599
H007,premium,2026-03-20,4,False,summer,False,,0.5,Mewar Festival,0.3055,0.6427
H007,suite,2026-03-20,4,False,summer,False,,0.5,Mewar Festival,0.3055,0.6117
H007,standard,2026-03-21,5,True,summer,True,Eid al-Fitr,0.5,Mewar Festival,0.3162,0.8877
H007,deluxe,2026-03-21,5,True,summer,True,Eid al-Fitr,0.5,Mewar Festival,0.3162,0.874
H007,premium,2026-03-21,5,True,summer,True,Eid al-Fitr,0.5,Mewar Festival,0.3162,0.8512
H007,suite,2026-03-21,5,True,summer,True,Eid al-Fitr,0.5,Mewar Festival,0.3162,0.8102
H007,standard,2026-03-22,6,True,summer,False,,0.5,Mewar Festival,0.3666,1.0
H007,deluxe,2026-03-22,6,True,summer,False,,0.5,Mewar Festival,0.3666,1.0
H007,premium,2026-03-22,6,True,summer,False,,0.5,Mewar Festival,0.3666,1.0
H007,suite,2026-03-22,6,True,summer,False,,0.5,Mewar Festival,0.3666,1.0
H007,standard,2026-03-23,0,False,summer,False,,0.5,Mewar Festival,0.4693,0.8603
H007,deluxe,2026-03-23,0,False,summer,False,,0.5,Mewar Festival,0.4693,0.8471
H007,premium,2026-03-23,0,False,summer,False,,0.5,Mewar Festival,0.4693,0.825
H007,suite,2026-03-23,0,False,summer,False,,0.5,Mewar Festival,0.4693,0.7852
H007,standard,2026-03-24,1,False,summer,False,,0.5,Mewar Festival,0.4027,0.4054
H007,deluxe,2026-03-24,1,False,summer,False,,0.5,Mewar Festival,0.4027,0.3992
H007,premium,2026-03-24,1,False,summer,False,,0.5,Mewar Festival,0.4027,0.3888
H007,suite,2026-03-24,1,False,summer,False,,0.5,Mewar Festival,0.4027,0.37
H007,standard,2026-03-25,2,False,summer,False,,0.0,,0.5409,0.4741
H007,deluxe,2026-03-25,2,False,summer,False,,0.0,,0.5409,0.4668
H007,premium,2026-03-25,2,False,summer,False,,0.0,,0.5409,0.4546
H007,suite,2026-03-25,2,False,summer,False,,0.0,,0.5409,0.4327
H007,standard,2026-03-26,3,False,summer,True,Ram Navami,0.0,,0.2696,0.3011
H007,deluxe,2026-03-26,3,False,summer,True,Ram Navami,0.0,,0.2696,0.2965
H007,premium,2026-03-26,3,False,summer,True,Ram Navami,0.0,,0.2696,0.2887
H007,suite,2026-03-26,3,False,summer,True,Ram Navami,0.0,,0.2696,0.2748
H007,standard,2026-03-27,4,False,summer,False,,0.0,,0.3846,0.7556
H007,deluxe,2026-03-27,4,False,summer,False,,0.0,,0.3846,0.7439
H007,premium,2026-03-27,4,False,summer,False,,0.0,,0.3846,0.7245
H007,suite,2026-03-27,4,False,summer,False,,0.0,,0.3846,0.6896
H007,standard,2026-03-28,5,True,summer,False,,0.0,,0.3428,0.8644
H007,deluxe,2026-03-28,5,True,summer,False,,0.0,,0.3428,0.8511
H007,premium,2026-03-28,5,True,summer,False,,0.0,,0.3428,0.8289
H007,suite,2026-03-28,5,True,summer,False,,0.0,,0.3428,0.7889
H007,standard,2026-03-29,6,True,summer,False,,0.0,,0.2744,0.4316
H007,deluxe,2026-03-29,6,True,summer,False,,0.0,,0.2744,0.4249
H007,premium,2026-03-29,6,True,summer,False,,0.0,,0.2744,0.4138
H007,suite,2026-03-29,6,True,summer,False,,0.0,,0.2744,0.3939
H007,standard,2026-03-30,0,False,summer,False,,0.0,,0.3531,0.6001
H007,deluxe,2026-03-30,0,False,summer,False,,0.0,,0.3531,0.5909
H007,premium,2026-03-30,0,False,summer,False,,0.0,,0.3531,0.5755
H007,suite,2026-03-30,0,False,summer,False,,0.0,,0.3531,0.5477
H007,standard,2026-03-31,1,False,summer,False,,0.0,,0.261,0.4793
H007,deluxe,2026-03-31,1,False,summer,False,,0.0,,0.261,0.472
H007,premium,2026-03-31,1,False,summer,False,,0.0,,0.261,0.4596
H007,suite,2026-03-31,1,False,summer,False,,0.0,,0.261,0.4375
H007,standard,2026-04-01,2,False,summer,False,,0.0,,0.3003,0.1996
H007,deluxe,2026-04-01,2,False,summer,False,,0.0,,0.3003,0.1965
H007,premium,2026-04-01,2,False,summer,False,,0.0,,0.3003,0.1914
H007,suite,2026-04-01,2,False,summer,False,,0.0,,0.3003,0.1822
H007,standard,2026-04-02,3,False,summer,False,,0.0,,0.3994,0.3343
H007,deluxe,2026-04-02,3,False,summer,False,,0.0,,0.3994,0.3291
H007,premium,2026-04-02,3,False,summer,False,,0.0,,0.3994,0.3205
H007,suite,2026-04-02,3,False,summer,False,,0.0,,0.3994,0.3051
H007,standard,2026-04-03,4,False,summer,True,Good Friday,0.0,,0.2914,0.6305
H007,deluxe,2026-04-03,4,False,summer,True,Good Friday,0.0,,0.2914,0.6208
H007,premium,2026-04-03,4,False,summer,True,Good Friday,0.0,,0.2914,0.6046
H007,suite,2026-04-03,4,False,summer,True,Good Friday,0.0,,0.2914,0.5754
H007,standard,2026-04-04,5,True,summer,False,,0.0,,0.3413,0.3692
H007,deluxe,2026-04-04,5,True,summer,False,,0.0,,0.3413,0.3635
H007,premium,2026-04-04,5,True,summer,False,,0.0,,0.3413,0.354
H007,suite,2026-04-04,5,True,summer,False,,0.0,,0.3413,0.337
H007,standard,2026-04-05,6,True,summer,False,,0.0,,0.3328,0.4546
H007,deluxe,2026-04-05,6,True,summer,False,,0.0,,0.3328,0.4476
H007,premium,2026-04-05,6,True,summer,False,,0.0,,0.3328,0.4359
H007,suite,2026-04-05,6,True,summer,False,,0.0,,0.3328,0.4149
H007,standard,2026-04-06,0,False,summer,False,,0.0,,0.4808,0.7558
H007,deluxe,2026-04-06,0,False,summer,False,,0.0,,0.4808,0.7442
H007,premium,2026-04-06,0,False,summer,False,,0.0,,0.4808,0.7248
H007,suite,2026-04-06,0,False,summer,False,,0.0,,0.4808,0.6898
H007,standard,2026-04-07,1,False,summer,False,,0.0,,0.2656,0.7949
H007,deluxe,2026-04-07,1,False,summer,False,,0.0,,0.2656,0.7827
H007,premium,2026-04-07,1,False,summer,False,,0.0,,0.2656,0.7623
H007,suite,2026-04-07,1,False,summer,False,,0.0,,0.2656,0.7255
H007,standard,2026-04-08,2,False,summer,False,,0.0,,0.3387,0.4013
H007,deluxe,2026-04-08,2,False,summer,False,,0.0,,0.3387,0.3951
H007,premium,2026-04-08,2,False,summer,False,,0.0,,0.3387,0.3848
H007,suite,2026-04-08,2,False,summer,False,,0.0,,0.3387,0.3663
H007,standard,2026-04-09,3,False,summer,False,,0.0,,0.3651,0.605
H007,deluxe,2026-04-09,3,False,summer,False,,0.0,,0.3651,0.5957
H007,premium,2026-04-09,3,False,summer,False,,0.0,,0.3651,0.5802
H007,suite,2026-04-09,3,False,summer,False,,0.0,,0.3651,0.5522
H007,standard,2026-04-10,4,False,summer,False,,0.0,,0.3956,0.6595
H007,deluxe,2026-04-10,4,False,summer,False,,0.0,,0.3956,0.6493
H007,premium,2026-04-10,4,False,summer,False,,0.0,,0.3956,0.6324
H007,suite,2026-04-10,4,False,summer,False,,0.0,,0.3956,0.6019
H007,standard,2026-04-11,5,True,summer,False,,0.0,,0.3102,0.6375
H007,deluxe,2026-04-11,5,True,summer,False,,0.0,,0.3102,0.6277
H007,premium,2026-04-11,5,True,summer,False,,0.0,,0.3102,0.6113
H007,suite,2026-04-11,5,True,summer,False,,0.0,,0.3102,0.5818
H007,standard,2026-04-12,6,True,summer,False,,0.0,,0.4696,0.5101
H007,deluxe,2026-04-12,6,True,summer,False,,0.0,,0.4696,0.5022
H007,premium,2026-04-12,6,True,summer,False,,0.0,,0.4696,0.4891
H007,suite,2026-04-12,6,True,summer,False,,0.0,,0.4696,0.4655
H007,standard,2026-04-13,0,False,summer,False,,0.0,,0.3675,0.7223
H007,deluxe,2026-04-13,0,False,summer,False,,0.0,,0.3675,0.7112
H007,premium,2026-04-13,0,False,summer,False,,0.0,,0.3675,0.6926
H007,suite,2026-04-13,0,False,summer,False,,0.0,,0.3675,0.6592
H007,standard,2026-04-14,1,False,summer,True,Ambedkar Jayanti,0.0,,0.2366,0.5638
H007,deluxe,2026-04-14,1,False,summer,True,Ambedkar Jayanti,0.0,,0.2366,0.5551
H007,premium,2026-04-14,1,False,summer,True,Ambedkar Jayanti,0.0,,0.2366,0.5406
H007,suite,2026-04-14,1,False,summer,True,Ambedkar Jayanti,0.0,,0.2366,0.5146
H007,standard,2026-04-15,2,False,summer,False,,0.0,,0.3581,0.557
H007,deluxe,2026-04-15,2,False,summer,False,,0.0,,0.3581,0.5484
H007,premium,2026-04-15,2,False,summer,False,,0.0,,0.3581,0.5341
H007,suite,2026-04-15,2,False,summer,False,,0.0,,0.3581,0.5084
H007,standard,2026-04-16,3,False,summer,False,,0.0,,0.3799,1.0
H007,deluxe,2026-04-16,3,False,summer,False,,0.0,,0.3799,1.0
H007,premium,2026-04-16,3,False,summer,False,,0.0,,0.3799,0.9789
H007,suite,2026-04-16,3,False,summer,False,,0.0,,0.3799,0.9317
H007,standard,2026-04-17,4,False,summer,False,,0.0,,0.3949,0.6273
H007,deluxe,2026-04-17,4,False,summer,False,,0.0,,0.3949,0.6177
H007,premium,2026-04-17,4,False,summer,False,,0.0,,0.3949,0.6016
H007,suite,2026-04-17,4,False,summer,False,,0.0,,0.3949,0.5725
H007,standard,2026-04-18,5,True,summer,False,,0.0,,0.3943,1.0
H007,deluxe,2026-04-18,5,True,summer,False,,0.0,,0.3943,1.0
H007,premium,2026-04-18,5,True,summer,False,,0.0,,0.3943,1.0
H007,suite,2026-04-18,5,True,summer,False,,0.0,,0.3943,1.0
H007,standard,2026-04-19,6,True,summer,False,,0.0,,0.374,0.734
H007,deluxe,2026-04-19,6,True,summer,False,,0.0,,0.374,0.7227
H007,premium,2026-04-19,6,True,summer,False,,0.0,,0.374,0.7038
H007,suite,2026-04-19,6,True,summer,False,,0.0,,0.374,0.6699
H007,standard,2026-04-20,0,False,summer,False,,0.0,,0.4298,0.6551
H007,deluxe,2026-04-20,0,False,summer,False,,0.0,,0.4298,0.645
H007,premium,2026-04-20,0,False,summer,False,,0.0,,0.4298,0.6282
H007,suite,2026-04-20,0,False,summer,False,,0.0,,0.4298,0.5979
H007,standard,2026-04-21,1,False,summer,False,,0.0,,0.3924,0.7128
H007,deluxe,2026-04-21,1,False,summer,False,,0.0,,0.3924,0.7018
H007,premium,2026-04-21,1,False,summer,False,,0.0,,0.3924,0.6835
H007,suite,2026-04-21,1,False,summer,False,,0.0,,0.3924,0.6506
H007,standard,2026-04-22,2,False,summer,False,,0.0,,0.2917,0.3618
H007,deluxe,2026-04-22,2,False,summer,False,,0.0,,0.2917,0.3563
H007,premium,2026-04-22,2,False,summer,False,,0.0,,0.2917,0.347
H007,suite,2026-04-22,2,False,summer,False,,0.0,,0.2917,0.3302
H007,standard,2026-04-23,3,False,summer,False,,0.0,,0.4274,0.511
H007,deluxe,2026-04-23,3,False,summer,False,,0.0,,0.4274,0.5031
H007,premium,2026-04-23,3,False,summer,False,,0.0,,0.4274,0.49
H007,suite,2026-04-23,3,False,summer,False,,0.0,,0.4274,0.4664
H007,standard,2026-04-24,4,False,summer,False,,0.0,,0.4631,0.9895
H007,deluxe,2026-04-24,4,False,summer,False,,0.0,,0.4631,0.9743
H007,premium,2026-04-24,4,False,summer,False,,0.0,,0.4631,0.9489
H007,suite,2026-04-24,4,False,summer,False,,0.0,,0.4631,0.9031
H007,standard,2026-04-25,5,True,summer,False,,0.0,,0.2614,0.8718
H007,deluxe,2026-04-25,5,True,summer,False,,0.0,,0.2614,0.8584
H007,premium,2026-04-25,5,True,summer,False,,0.0,,0.2614,0.836
H007,suite,2026-04-25,5,True,summer,False,,0.0,,0.2614,0.7957
H007,standard,2026-04-26,6,True,summer,False,,0.0,,0.3282,0.6743
H007,deluxe,2026-04-26,6,True,summer,False,,0.0,,0.3282,0.6639
H007,premium,2026-04-26,6,True,summer,False,,0.0,,0.3282,0.6466
H007,suite,2026-04-26,6,True,summer,False,,0.0,,0.3282,0.6154
H007,standard,2026-04-27,0,False,summer,False,,0.0,,0.267,0.7636
H007,deluxe,2026-04-27,0,False,summer,False,,0.0,,0.267,0.7519
H007,premium,2026-04-27,0,False,summer,False,,0.0,,0.267,0.7323
H007,suite,2026-04-27,0,False,summer,False,,0.0,,0.267,0.697
H007,standard,2026-04-28,1,False,summer,False,,0.0,,0.3707,0.3981
H007,deluxe,2026-04-28,1,False,summer,False,,0.0,,0.3707,0.3919
H007,premium,2026-04-28,1,False,summer,False,,0.0,,0.3707,0.3817
H007,suite,2026-04-28,1,False,summer,False,,0.0,,0.3707,0.3633
H007,standard,2026-04-29,2,False,summer,False,,0.0,,0.318,0.5998
H007,deluxe,2026-04-29,2,False,summer,False,,0.0,,0.318,0.5905
H007,premium,2026-04-29,2,False,summer,False,,0.0,,0.318,0.5751
H007,suite,2026-04-29,2,False,summer,False,,0.0,,0.318,0.5474
H007,standard,2026-04-30,3,False,summer,False,,0.0,,0.2007,0.2581
H007,deluxe,2026-04-30,3,False,summer,False,,0.0,,0.2007,0.2541
H007,premium,2026-04-30,3,False,summer,False,,0.0,,0.2007,0.2475
H007,suite,2026-04-30,3,False,summer,False,,0.0,,0.2007,0.2356
H007,standard,2026-05-01,4,False,summer,True,Buddha Purnima,0.0,,0.2838,0.8463
H007,deluxe,2026-05-01,4,False,summer,True,Buddha Purnima,0.0,,0.2838,0.8333
H007,premium,2026-05-01,4,False,summer,True,Buddha Purnima,0.0,,0.2838,0.8116
H007,suite,2026-05-01,4,False,summer,True,Buddha Purnima,0.0,,0.2838,0.7724
H007,standard,2026-05-02,5,True,summer,False,,0.0,,0.3826,1.0
H007,deluxe,2026-05-02,5,True,summer,False,,0.0,,0.3826,1.0
H007,premium,2026-05-02,5,True,summer,False,,0.0,,0.3826,1.0
H007,suite,2026-05-02,5,True,summer,False,,0.0,,0.3826,1.0
H007,standard,2026-05-03,6,True,summer,False,,0.0,,0.4234,0.7113
H007,deluxe,2026-05-03,6,True,summer,False,,0.0,,0.4234,0.7003
H007,premium,2026-05-03,6,True,summer,False,,0.0,,0.4234,0.6821
H007,suite,2026-05-03,6,True,summer,False,,0.0,,0.4234,0.6492
H007,standard,2026-05-04,0,False,summer,False,,0.0,,0.3083,1.0
H007,deluxe,2026-05-04,0,False,summer,False,,0.0,,0.3083,0.9898
H007,premium,2026-05-04,0,False,summer,False,,0.0,,0.3083,0.964
H007,suite,2026-05-04,0,False,summer,False,,0.0,,0.3083,0.9175
H007,standard,2026-05-05,1,False,summer,False,,0.0,,0.4489,0.6118
H007,deluxe,2026-05-05,1,False,summer,False,,0.0,,0.4489,0.6024
H007,premium,2026-05-05,1,False,summer,False,,0.0,,0.4489,0.5867
H007,suite,2026-05-05,1,False,summer,False,,0.0,,0.4489,0.5584
H007,standard,2026-05-06,2,False,summer,False,,0.0,,0.3684,0.5186
H007,deluxe,2026-05-06,2,False,summer,False,,0.0,,0.3684,0.5106
H007,premium,2026-05-06,2,False,summer,False,,0.0,,0.3684,0.4973
H007,suite,2026-05-06,2,False,summer,False,,0.0,,0.3684,0.4733
H007,standard,2026-05-07,3,False,summer,False,,0.0,,0.1778,0.985
H007,deluxe,2026-05-07,3,False,summer,False,,0.0,,0.1778,0.9698
H007,premium,2026-05-07,3,False,summer,False,,0.0,,0.1778,0.9445
H007,suite,2026-05-07,3,False,summer,False,,0.0,,0.1778,0.899
H007,standard,2026-05-08,4,False,summer,False,,0.0,,0.3164,0.8316
H007,deluxe,2026-05-08,4,False,summer,False,,0.0,,0.3164,0.8188
H007,premium,2026-05-08,4,False,summer,False,,0.0,,0.3164,0.7974
H007,suite,2026-05-08,4,False,summer,False,,0.0,,0.3164,0.759
H007,standard,2026-05-09,5,True,summer,False,,0.0,,0.2987,0.6766
H007,deluxe,2026-05-09,5,True,summer,False,,0.0,,0.2987,0.6662
H007,premium,2026-05-09,5,True,summer,False,,0.0,,0.2987,0.6488
H007,suite,2026-05-09,5,True,summer,False,,0.0,,0.2987,0.6175
H007,standard,2026-05-10,6,True,summer,False,,0.0,,0.3482,0.6558
H007,deluxe,2026-05-10,6,True,summer,False,,0.0,,0.3482,0.6457
H007,premium,2026-05-10,6,True,summer,False,,0.0,,0.3482,0.6289
H007,suite,2026-05-10,6,True,summer,False,,0.0,,0.3482,0.5986
H007,standard,2026-05-11,0,False,summer,False,,0.0,,0.4218,0.6228
H007,deluxe,2026-05-11,0,False,summer,False,,0.0,,0.4218,0.6132
H007,premium,2026-05-11,0,False,summer,False,,0.0,,0.4218,0.5972
H007,suite,2026-05-11,0,False,summer,False,,0.0,,0.4218,0.5684
H007,standard,2026-05-12,1,False,summer,False,,0.0,,0.4144,0.6742
H007,deluxe,2026-05-12,1,False,summer,False,,0.0,,0.4144,0.6638
H007,premium,2026-05-12,1,False,summer,False,,0.0,,0.4144,0.6465
H007,suite,2026-05-12,1,False,summer,False,,0.0,,0.4144,0.6153
H007,standard,2026-05-13,2,False,summer,False,,0.0,,0.4793,0.5105
H007,deluxe,2026-05-13,2,False,summer,False,,0.0,,0.4793,0.5027
H007,premium,2026-05-13,2,False,summer,False,,0.0,,0.4793,0.4896
H007,suite,2026-05-13,2,False,summer,False,,0.0,,0.4793,0.4659
H007,standard,2026-05-14,3,False,summer,False,,0.0,,0.3172,0.5314
H007,deluxe,2026-05-14,3,False,summer,False,,0.0,,0.3172,0.5232
H007,premium,2026-05-14,3,False,summer,False,,0.0,,0.3172,0.5096
H007,suite,2026-05-14,3,False,summer,False,,0.0,,0.3172,0.485
H007,standard,2026-05-15,4,False,summer,False,,0.0,,0.3124,0.7912
H007,deluxe,2026-05-15,4,False,summer,False,,0.0,,0.3124,0.779
H007,premium,2026-05-15,4,False,summer,False,,0.0,,0.3124,0.7587
H007,suite,2026-05-15,4,False,summer,False,,0.0,,0.3124,0.7221
H007,standard,2026-05-16,5,True,summer,False,,0.0,,0.3851,0.6996
H007,deluxe,2026-05-16,5,True,summer,False,,0.0,,0.3851,0.6888
H007,premium,2026-05-16,5,True,summer,False,,0.0,,0.3851,0.6709
H007,suite,2026-05-16,5,True,summer,False,,0.0,,0.3851,0.6385
H007,standard,2026-05-17,6,True,summer,False,,0.0,,0.2881,0.8818
H007,deluxe,2026-05-17,6,True,summer,False,,0.0,,0.2881,0.8682
H007,premium,2026-05-17,6,True,summer,False,,0.0,,0.2881,0.8456
H007,suite,2026-05-17,6,True,summer,False,,0.0,,0.2881,0.8048
H007,standard,2026-05-18,0,False,summer,False,,0.0,,0.3038,0.5769
H007,deluxe,2026-05-18,0,False,summer,False,,0.0,,0.3038,0.568
H007,premium,2026-05-18,0,False,summer,False,,0.0,,0.3038,0.5532
H007,suite,2026-05-18,0,False,summer,False,,0.0,,0.3038,0.5265
H007,standard,2026-05-19,1,False,summer,False,,0.0,,0.3892,0.4329
H007,deluxe,2026-05-19,1,False,summer,False,,0.0,,0.3892,0.4262
H007,premium,2026-05-19,1,False,summer,False,,0.0,,0.3892,0.4151
H007,suite,2026-05-19,1,False,summer,False,,0.0,,0.3892,0.3951
H007,standard,2026-05-20,2,False,summer,False,,0.0,,0.4074,0.6771
H007,deluxe,2026-05-20,2,False,summer,False,,0.0,,0.4074,0.6667
H007,premium,2026-05-20,2,False,summer,False,,0.0,,0.4074,0.6493
H007,suite,2026-05-20,2,False,summer,False,,0.0,,0.4074,0.618
H007,standard,2026-05-21,3,False,summer,False,,0.0,,0.3091,0.5701
H007,deluxe,2026-05-21,3,False,summer,False,,0.0,,0.3091,0.5613
H007,premium,2026-05-21,3,False,summer,False,,0.0,,0.3091,0.5467
H007,suite,2026-05-21,3,False,summer,False,,0.0,,0.3091,0.5203
H007,standard,2026-05-22,4,False,summer,False,,0.0,,0.2513,0.7433
H007,deluxe,2026-05-22,4,False,summer,False,,0.0,,0.2513,0.7319
H007,premium,2026-05-22,4,False,summer,False,,0.0,,0.2513,0.7128
H007,suite,2026-05-22,4,False,summer,False,,0.0,,0.2513,0.6784
H007,standard,2026-05-23,5,True,summer,False,,0.0,,0.2949,1.0
H007,deluxe,2026-05-23,5,True,summer,False,,0.0,,0.2949,0.988
H007,premium,2026-05-23,5,True,summer,False,,0.0,,0.2949,0.9622
H007,suite,2026-05-23,5,True,summer,False,,0.0,,0.2949,0.9158
H007,standard,2026-05-24,6,True,summer,False,,0.0,,0.1998,0.4028
H007,deluxe,2026-05-24,6,True,summer,False,,0.0,,0.1998,0.3966
H007,premium,2026-05-24,6,True,summer,False,,0.0,,0.1998,0.3863
H007,suite,2026-05-24,6,True,summer,False,,0.0,,0.1998,0.3677
H007,standard,2026-05-25,0,False,summer,False,,0.0,,0.3702,0.4329
H007,deluxe,2026-05-25,0,False,summer,False,,0.0,,0.3702,0.4262
H007,premium,2026-05-25,0,False,summer,False,,0.0,,0.3702,0.4151
H007,suite,2026-05-25,0,False,summer,False,,0.0,,0.3702,0.3951
H007,standard,2026-05-26,1,False,summer,False,,0.0,,0.4439,0.5265
H007,deluxe,2026-05-26,1,False,summer,False,,0.0,,0.4439,0.5184
H007,premium,2026-05-26,1,False,summer,False,,0.0,,0.4439,0.5049
H007,suite,2026-05-26,1,False,summer,False,,0.0,,0.4439,0.4806
H007,standard,2026-05-27,2,False,summer,True,Bakrid,0.0,,0.3829,0.5135
H007,deluxe,2026-05-27,2,False,summer,True,Bakrid,0.0,,0.3829,0.5055
H007,premium,2026-05-27,2,False,summer,True,Bakrid,0.0,,0.3829,0.4924
H007,suite,2026-05-27,2,False,summer,True,Bakrid,0.0,,0.3829,0.4686
H007,standard,2026-05-28,3,False,summer,False,,0.0,,0.348,0.3144
H007,deluxe,2026-05-28,3,False,summer,False,,0.0,,0.348,0.3096
H007,premium,2026-05-28,3,False,summer,False,,0.0,,0.348,0.3015
H007,suite,2026-05-28,3,False,summer,False,,0.0,,0.348,0.287
H007,standard,2026-05-29,4,False,summer,False,,0.0,,0.3761,0.6447
H007,deluxe,2026-05-29,4,False,summer,False,,0.0,,0.3761,0.6348
H007,premium,2026-05-29,4,False,summer,False,,0.0,,0.3761,0.6182
H007,suite,2026-05-29,4,False,summer,False,,0.0,,0.3761,0.5884
H007,standard,2026-05-30,5,True,summer,False,,0.0,,0.3243,0.9512
H007,deluxe,2026-05-30,5,True,summer,False,,0.0,,0.3243,0.9366
H007,premium,2026-05-30,5,True,summer,False,,0.0,,0.3243,0.9121
H007,suite,2026-05-30,5,True,summer,False,,0.0,,0.3243,0.8682
H007,standard,2026-05-31,6,True,summer,False,,0.0,,0.3589,0.8517
H007,deluxe,2026-05-31,6,True,summer,False,,0.0,,0.3589,0.8386
H007,premium,2026-05-31,6,True,summer,False,,0.0,,0.3589,0.8167
H007,suite,2026-05-31,6,True,summer,False,,0.0,,0.3589,0.7773
H007,standard,2026-06-01,0,False,monsoon,False,,0.0,,0.5644,0.6662
H007,deluxe,2026-06-01,0,False,monsoon,False,,0.0,,0.5644,0.656
H007,premium,2026-06-01,0,False,monsoon,False,,0.0,,0.5644,0.6388
H007,suite,2026-06-01,0,False,monsoon,False,,0.0,,0.5644,0.608
H007,standard,2026-06-02,1,False,monsoon,False,,0.0,,0.7433,0.516
H007,deluxe,2026-06-02,1,False,monsoon,False,,0.0,,0.7433,0.5081
H007,premium,2026-06-02,1,False,monsoon,False,,0.0,,0.7433,0.4948
H007,suite,2026-06-02,1,False,monsoon,False,,0.0,,0.7433,0.471
H007,standard,2026-06-03,2,False,monsoon,False,,0.0,,0.6869,0.4567
H007,deluxe,2026-06-03,2,False,monsoon,False,,0.0,,0.6869,0.4496
H007,premium,2026-06-03,2,False,monsoon,False,,0.0,,0.6869,0.4379
H007,suite,2026-06-03,2,False,monsoon,False,,0.0,,0.6869,0.4168
H007,standard,2026-06-04,3,False,monsoon,False,,0.0,,0.7787,0.8453
H007,deluxe,2026-06-04,3,False,monsoon,False,,0.0,,0.7787,0.8323
H007,premium,2026-06-04,3,False,monsoon,False,,0.0,,0.7787,0.8105
H007,suite,2026-06-04,3,False,monsoon,False,,0.0,,0.7787,0.7715
H007,standard,2026-06-05,4,False,monsoon,False,,0.0,,0.7179,0.7071
H007,deluxe,2026-06-05,4,False,monsoon,False,,0.0,,0.7179,0.6962
H007,premium,2026-06-05,4,False,monsoon,False,,0.0,,0.7179,0.678
H007,suite,2026-06-05,4,False,monsoon,False,,0.0,,0.7179,0.6454
H007,standard,2026-06-06,5,True,monsoon,False,,0.0,,0.654,1.0
H007,deluxe,2026-06-06,5,True,monsoon,False,,0.0,,0.654,0.9982
H007,premium,2026-06-06,5,True,monsoon,False,,0.0,,0.654,0.9722
H007,suite,2026-06-06,5,True,monsoon,False,,0.0,,0.654,0.9253
H007,standard,2026-06-07,6,True,monsoon,False,,0.0,,0.6129,0.5979
H007,deluxe,2026-06-07,6,True,monsoon,False,,0.0,,0.6129,0.5887
H007,premium,2026-06-07,6,True,monsoon,False,,0.0,,0.6129,0.5733
H007,suite,2026-06-07,6,True,monsoon,False,,0.0,,0.6129,0.5457
H007,standard,2026-06-08,0,False,monsoon,False,,0.0,,0.6042,0.5004
H007,deluxe,2026-06-08,0,False,monsoon,False,,0.0,,0.6042,0.4927
H007,premium,2026-06-08,0,False,monsoon,False,,0.0,,0.6042,0.4798
H007,suite,2026-06-08,0,False,monsoon,False,,0.0,,0.6042,0.4567
H007,standard,2026-06-09,1,False,monsoon,False,,0.0,,0.7118,0.4888
H007,deluxe,2026-06-09,1,False,monsoon,False,,0.0,,0.7118,0.4813
H007,premium,2026-06-09,1,False,monsoon,False,,0.0,,0.7118,0.4687
H007,suite,2026-06-09,1,False,monsoon,False,,0.0,,0.7118,0.4461
H007,standard,2026-06-10,2,False,monsoon,False,,0.0,,0.6455,0.7385
H007,deluxe,2026-06-10,2,False,monsoon,False,,0.0,,0.6455,0.7271
H007,premium,2026-06-10,2,False,monsoon,False,,0.0,,0.6455,0.7082
H007,suite,2026-06-10,2,False,monsoon,False,,0.0,,0.6455,0.674
H007,standard,2026-06-11,3,False,monsoon,False,,0.0,,0.6781,0.4957
H007,deluxe,2026-06-11,3,False,monsoon,False,,0.0,,0.6781,0.4881
H007,premium,2026-06-11,3,False,monsoon,False,,0.0,,0.6781,0.4753
H007,suite,2026-06-11,3,False,monsoon,False,,0.0,,0.6781,0.4524
H007,standard,2026-06-12,4,False,monsoon,False,,0.0,,0.6569,0.943
H007,deluxe,2026-06-12,4,False,monsoon,False,,0.0,,0.6569,0.9285
H007,premium,2026-06-12,4,False,monsoon,False,,0.0,,0.6569,0.9043
H007,suite,2026-06-12,4,False,monsoon,False,,0.0,,0.6569,0.8607
H007,standard,2026-06-13,5,True,monsoon,False,,0.0,,0.7545,1.0
H007,deluxe,2026-06-13,5,True,monsoon,False,,0.0,,0.7545,1.0
H007,premium,2026-06-13,5,True,monsoon,False,,0.0,,0.7545,1.0
H007,suite,2026-06-13,5,True,monsoon,False,,0.0,,0.7545,1.0
H007,standard,2026-06-14,6,True,monsoon,False,,0.0,,0.7635,1.0
H007,deluxe,2026-06-14,6,True,monsoon,False,,0.0,,0.7635,1.0
H007,premium,2026-06-14,6,True,monsoon,False,,0.0,,0.7635,1.0
H007,suite,2026-06-14,6,True,monsoon,False,,0.0,,0.7635,0.9864
H007,standard,2026-06-15,0,False,monsoon,False,,0.0,,0.6758,0.5154
H007,deluxe,2026-06-15,0,False,monsoon,False,,0.0,,0.6758,0.5075
H007,premium,2026-06-15,0,False,monsoon,False,,0.0,,0.6758,0.4943
H007,suite,2026-06-15,0,False,monsoon,False,,0.0,,0.6758,0.4704
H007,standard,2026-06-16,1,False,monsoon,False,,0.0,,0.5654,0.3467
H007,deluxe,2026-06-16,1,False,monsoon,False,,0.0,,0.5654,0.3413
H007,premium,2026-06-16,1,False,monsoon,False,,0.0,,0.5654,0.3324
H007,suite,2026-06-16,1,False,monsoon,False,,0.0,,0.5654,0.3164
H007,standard,2026-06-17,2,False,monsoon,False,,0.0,,0.7447,0.424
H007,deluxe,2026-06-17,2,False,monsoon,False,,0.0,,0.7447,0.4174
H007,premium,2026-06-17,2,False,monsoon,False,,0.0,,0.7447,0.4066
H007,suite,2026-06-17,2,False,monsoon,False,,0.0,,0.7447,0.387
H007,standard,2026-06-18,3,False,monsoon,False,,0.0,,0.5843,0.3515
H007,deluxe,2026-06-18,3,False,monsoon,False,,0.0,,0.5843,0.346
H007,premium,2026-06-18,3,False,monsoon,False,,0.0,,0.5843,0.337
H007,suite,2026-06-18,3,False,monsoon,False,,0.0,,0.5843,0.3208
H007,standard,2026-06-19,4,False,monsoon,False,,0.0,,0.6408,0.8797
H007,deluxe,2026-06-19,4,False,monsoon,False,,0.0,,0.6408,0.8662
H007,premium,2026-06-19,4,False,monsoon,False,,0.0,,0.6408,0.8436
H007,suite,2026-06-19,4,False,monsoon,False,,0.0,,0.6408,0.8029
H007,standard,2026-06-20,5,True,monsoon,False,,0.0,,0.7062,0.6319
H007,deluxe,2026-06-20,5,True,monsoon,False,,0.0,,0.7062,0.6221
H007,premium,2026-06-20,5,True,monsoon,False,,0.0,,0.7062,0.6059
H007,suite,2026-06-20,5,True,monsoon,False,,0.0,,0.7062,0.5767
H007,standard,2026-06-21,6,True,monsoon,False,,0.0,,0.5969,0.7916
H007,deluxe,2026-06-21,6,True,monsoon,False,,0.0,,0.5969,0.7794
H007,premium,2026-06-21,6,True,monsoon,False,,0.0,,0.5969,0.759
H007,suite,2026-06-21,6,True,monsoon,False,,0.0,,0.5969,0.7224
H007,standard,2026-06-22,0,False,monsoon,False,,0.0,,0.8084,0.5935
H007,deluxe,2026-06-22,0,False,monsoon,False,,0.0,,0.8084,0.5843
H007,premium,2026-06-22,0,False,monsoon,False,,0.0,,0.8084,0.5691
H007,suite,2026-06-22,0,False,monsoon,False,,0.0,,0.8084,0.5416
H007,standard,2026-06-23,1,False,monsoon,False,,0.0,,0.6599,0.4025
H007,deluxe,2026-06-23,1,False,monsoon,False,,0.0,,0.6599,0.3963
H007,premium,2026-06-23,1,False,monsoon,False,,0.0,,0.6599,0.386
H007,suite,2026-06-23,1,False,monsoon,False,,0.0,,0.6599,0.3673
H007,standard,2026-06-24,2,False,monsoon,False,,0.0,,0.6714,0.6251
H007,deluxe,2026-06-24,2,False,monsoon,False,,0.0,,0.6714,0.6155
H007,premium,2026-06-24,2,False,monsoon,False,,0.0,,0.6714,0.5994
H007,suite,2026-06-24,2,False,monsoon,False,,0.0,,0.6714,0.5705
H007,standard,2026-06-25,3,False,monsoon,False,,0.0,,0.6746,0.6203
H007,deluxe,2026-06-25,3,False,monsoon,False,,0.0,,0.6746,0.6108
H007,premium,2026-06-25,3,False,monsoon,False,,0.0,,0.6746,0.5948
H007,suite,2026-06-25,3,False,monsoon,False,,0.0,,0.6746,0.5662
H007,standard,2026-06-26,4,False,monsoon,False,,0.0,,0.6021,1.0
H007,deluxe,2026-06-26,4,False,monsoon,False,,0.0,,0.6021,1.0
H007,premium,2026-06-26,4,False,monsoon,False,,0.0,,0.6021,1.0
H007,suite,2026-06-26,4,False,monsoon,False,,0.0,,0.6021,1.0
H007,standard,2026-06-27,5,True,monsoon,False,,0.0,,0.6368,0.9613
H007,deluxe,2026-06-27,5,True,monsoon,False,,0.0,,0.6368,0.9464
H007,premium,2026-06-27,5,True,monsoon,False,,0.0,,0.6368,0.9218
H007,suite,2026-06-27,5,True,monsoon,False,,0.0,,0.6368,0.8773
H007,standard,2026-06-28,6,True,monsoon,False,,0.0,,0.6393,0.9963
H007,deluxe,2026-06-28,6,True,monsoon,False,,0.0,,0.6393,0.9809
H007,premium,2026-06-28,6,True,monsoon,False,,0.0,,0.6393,0.9554
H007,suite,2026-06-28,6,True,monsoon,False,,0.0,,0.6393,0.9093
H007,standard,2026-06-29,0,False,monsoon,False,,0.0,,0.7172,0.5214
H007,deluxe,2026-06-29,0,False,monsoon,False,,0.0,,0.7172,0.5134
H007,premium,2026-06-29,0,False,monsoon,False,,0.0,,0.7172,0.5
H007,suite,2026-06-29,0,False,monsoon,False,,0.0,,0.7172,0.4759
H007,standard,2026-06-30,1,False,monsoon,False,,0.0,,0.5996,0.4097
H007,deluxe,2026-06-30,1,False,monsoon,False,,0.0,,0.5996,0.4034
H007,premium,2026-06-30,1,False,monsoon,False,,0.0,,0.5996,0.3929
H007,suite,2026-06-30,1,False,monsoon,False,,0.0,,0.5996,0.374
H007,standard,2026-07-01,2,False,monsoon,False,,0.0,,0.593,0.5825
H007,deluxe,2026-07-01,2,False,monsoon,False,,0.0,,0.593,0.5735
H007,premium,2026-07-01,2,False,monsoon,False,,0.0,,0.593,0.5585
H007,suite,2026-07-01,2,False,monsoon,False,,0.0,,0.593,0.5316
H007,standard,2026-07-02,3,False,monsoon,False,,0.0,,0.762,0.4962
H007,deluxe,2026-07-02,3,False,monsoon,False,,0.0,,0.762,0.4885
H007,premium,2026-07-02,3,False,monsoon,False,,0.0,,0.762,0.4758
H007,suite,2026-07-02,3,False,monsoon,False,,0.0,,0.762,0.4528
H007,standard,2026-07-03,4,False,monsoon,False,,0.0,,0.7161,0.5798
H007,deluxe,2026-07-03,4,False,monsoon,False,,0.0,,0.7161,0.5709
H007,premium,2026-07-03,4,False,monsoon,False,,0.0,,0.7161,0.556
H007,suite,2026-07-03,4,False,monsoon,False,,0.0,,0.7161,0.5292
H007,standard,2026-07-04,5,True,monsoon,False,,0.0,,0.5392,0.9512
H007,deluxe,2026-07-04,5,True,monsoon,False,,0.0,,0.5392,0.9366
H007,premium,2026-07-04,5,True,monsoon,False,,0.0,,0.5392,0.9121
H007,suite,2026-07-04,5,True,monsoon,False,,0.0,,0.5392,0.8682
H007,standard,2026-07-05,6,True,monsoon,False,,0.0,,0.6272,0.5386
H007,deluxe,2026-07-05,6,True,monsoon,False,,0.0,,0.6272,0.5303
H007,premium,2026-07-05,6,True,monsoon,False,,0.0,,0.6272,0.5164
H007,suite,2026-07-05,6,True,monsoon,False,,0.0,,0.6272,0.4915
H007,standard,2026-07-06,0,False,monsoon,False,,0.0,,0.5979,0.4135
H007,deluxe,2026-07-06,0,False,monsoon,False,,0.0,,0.5979,0.4071
H007,premium,2026-07-06,0,False,monsoon,False,,0.0,,0.5979,0.3965
H007,suite,2026-07-06,0,False,monsoon,False,,0.0,,0.5979,0.3774
H007,standard,2026-07-07,1,False,monsoon,False,,0.0,,0.519,0.7829
H007,deluxe,2026-07-07,1,False,monsoon,False,,0.0,,0.519,0.7708
H007,premium,2026-07-07,1,False,monsoon,False,,0.0,,0.519,0.7507
H007,suite,2026-07-07,1,False,monsoon,False,,0.0,,0.519,0.7145
H007,standard,2026-07-08,2,False,monsoon,False,,0.0,,0.6542,0.5502
H007,deluxe,2026-07-08,2,False,monsoon,False,,0.0,,0.6542,0.5418
H007,premium,2026-07-08,2,False,monsoon,False,,0.0,,0.6542,0.5276
H007,suite,2026-07-08,2,False,monsoon,False,,0.0,,0.6542,0.5022
H007,standard,2026-07-09,3,False,monsoon,False,,0.0,,0.6509,0.5186
H007,deluxe,2026-07-09,3,False,monsoon,False,,0.0,,0.6509,0.5106
H007,premium,2026-07-09,3,False,monsoon,False,,0.0,,0.6509,0.4973
H007,suite,2026-07-09,3,False,monsoon,False,,0.0,,0.6509,0.4733
H007,standard,2026-07-10,4,False,monsoon,False,,0.0,,0.5971,0.9543
H007,deluxe,2026-07-10,4,False,monsoon,False,,0.0,,0.5971,0.9395
H007,premium,2026-07-10,4,False,monsoon,False,,0.0,,0.5971,0.915
H007,suite,2026-07-10,4,False,monsoon,False,,0.0,,0.5971,0.8709
H007,standard,2026-07-11,5,True,monsoon,False,,0.0,,0.6065,1.0
H007,deluxe,2026-07-11,5,True,monsoon,False,,0.0,,0.6065,1.0
H007,premium,2026-07-11,5,True,monsoon,False,,0.0,,0.6065,1.0
H007,suite,2026-07-11,5,True,monsoon,False,,0.0,,0.6065,1.0
H007,standard,2026-07-12,6,True,monsoon,False,,0.0,,0.6263,0.6092
H007,deluxe,2026-07-12,6,True,monsoon,False,,0.0,,0.6263,0.5998
H007,premium,2026-07-12,6,True,monsoon,False,,0.0,,0.6263,0.5842
H007,suite,2026-07-12,6,True,monsoon,False,,0.0,,0.6263,0.556
H007,standard,2026-07-13,0,False,monsoon,False,,0.0,,0.6256,0.2934
H007,deluxe,2026-07-13,0,False,monsoon,False,,0.0,,0.6256,0.2889
H007,premium,2026-07-13,0,False,monsoon,False,,0.0,,0.6256,0.2813
H007,suite,2026-07-13,0,False,monsoon,False,,0.0,,0.6256,0.2678
H007,standard,2026-07-14,1,False,monsoon,False,,0.0,,0.7173,0.9301
H007,deluxe,2026-07-14,1,False,monsoon,False,,0.0,,0.7173,0.9157
H007,premium,2026-07-14,1,False,monsoon,False,,0.0,,0.7173,0.8919
H007,suite,2026-07-14,1,False,monsoon,False,,0.0,,0.7173,0.8489
H007,standard,2026-07-15,2,False,monsoon,False,,0.0,,0.5572,0.4649
H007,deluxe,2026-07-15,2,False,monsoon,False,,0.0,,0.5572,0.4577
H007,premium,2026-07-15,2,False,monsoon,False,,0.0,,0.5572,0.4458
H007,suite,2026-07-15,2,False,monsoon,False,,0.0,,0.5572,0.4243
H007,standard,2026-07-16,3,False,monsoon,False,,0.0,,0.6678,0.6512
H007,deluxe,2026-07-16,3,False,monsoon,False,,0.0,,0.6678,0.6411
H007,premium,2026-07-16,3,False,monsoon,False,,0.0,,0.6678,0.6244
H007,suite,2026-07-16,3,False,monsoon,False,,0.0,,0.6678,0.5943
H007,standard,2026-07-17,4,False,monsoon,False,,0.0,,0.5719,0.7744
H007,deluxe,2026-07-17,4,False,monsoon,False,,0.0,,0.5719,0.7624
H007,premium,2026-07-17,4,False,monsoon,False,,0.0,,0.5719,0.7426
H007,suite,2026-07-17,4,False,monsoon,False,,0.0,,0.5719,0.7068
H007,standard,2026-07-18,5,True,monsoon,False,,0.0,,0.6243,0.6993
H007,deluxe,2026-07-18,5,True,monsoon,False,,0.0,,0.6243,0.6885
H007,premium,2026-07-18,5,True,monsoon,False,,0.0,,0.6243,0.6705
H007,suite,2026-07-18,5,True,monsoon,False,,0.0,,0.6243,0.6382
H007,standard,2026-07-19,6,True,monsoon,False,,0.0,,0.6246,0.915
H007,deluxe,2026-07-19,6,True,monsoon,False,,0.0,,0.6246,0.9009
H007,premium,2026-07-19,6,True,monsoon,False,,0.0,,0.6246,0.8774
H007,suite,2026-07-19,6,True,monsoon,False,,0.0,,0.6246,0.8351
H007,standard,2026-07-20,0,False,monsoon,False,,0.0,,0.6817,0.5437
H007,deluxe,2026-07-20,0,False,monsoon,False,,0.0,,0.6817,0.5353
H007,premium,2026-07-20,0,False,monsoon,False,,0.0,,0.6817,0.5214
H007,suite,2026-07-20,0,False,monsoon,False,,0.0,,0.6817,0.4962
H007,standard,2026-07-21,1,False,monsoon,False,,0.0,,0.5903,0.4916
H007,deluxe,2026-07-21,1,False,monsoon,False,,0.0,,0.5903,0.484
H007,premium,2026-07-21,1,False,monsoon,False,,0.0,,0.5903,0.4714
H007,suite,2026-07-21,1,False,monsoon,False,,0.0,,0.5903,0.4487
H007,standard,2026-07-22,2,False,monsoon,False,,0.0,,0.6792,0.6318
H007,deluxe,2026-07-22,2,False,monsoon,False,,0.0,,0.6792,0.622
H007,premium,2026-07-22,2,False,monsoon,False,,0.0,,0.6792,0.6058
H007,suite,2026-07-22,2,False,monsoon,False,,0.0,,0.6792,0.5766
H007,standard,2026-07-23,3,False,monsoon,False,,0.0,,0.8085,0.447
H007,deluxe,2026-07-23,3,False,monsoon,False,,0.0,,0.8085,0.4401
H007,premium,2026-07-23,3,False,monsoon,False,,0.0,,0.8085,0.4286
H007,suite,2026-07-23,3,False,monsoon,False,,0.0,,0.8085,0.408
H007,standard,2026-07-24,4,False,monsoon,False,,0.0,,0.7239,0.7738
H007,deluxe,2026-07-24,4,False,monsoon,False,,0.0,,0.7239,0.7619
H007,premium,2026-07-24,4,False,monsoon,False,,0.0,,0.7239,0.742
H007,suite,2026-07-24,4,False,monsoon,False,,0.0,,0.7239,0.7062
H007,standard,2026-07-25,5,True,monsoon,False,,0.0,,0.6065,0.5818
H007,deluxe,2026-07-25,5,True,monsoon,False,,0.0,,0.6065,0.5728
H007,premium,2026-07-25,5,True,monsoon,False,,0.0,,0.6065,0.5579
H007,suite,2026-07-25,5,True,monsoon,False,,0.0,,0.6065,0.531
H007,standard,2026-07-26,6,True,monsoon,False,,0.0,,0.6634,0.6548
H007,deluxe,2026-07-26,6,True,monsoon,False,,0.0,,0.6634,0.6447
H007,premium,2026-07-26,6,True,monsoon,False,,0.0,,0.6634,0.6279
H007,suite,2026-07-26,6,True,monsoon,False,,0.0,,0.6634,0.5976
H007,standard,2026-07-27,0,False,monsoon,False,,0.0,,0.701,0.4739
H007,deluxe,2026-07-27,0,False,monsoon,False,,0.0,,0.701,0.4666
H007,premium,2026-07-27,0,False,monsoon,False,,0.0,,0.701,0.4544
H007,suite,2026-07-27,0,False,monsoon,False,,0.0,,0.701,0.4325
H007,standard,2026-07-28,1,False,monsoon,False,,0.0,,0.6373,0.4042
H007,deluxe,2026-07-28,1,False,monsoon,False,,0.0,,0.6373,0.398
H007,premium,2026-07-28,1,False,monsoon,False,,0.0,,0.6373,0.3876
H007,suite,2026-07-28,1,False,monsoon,False,,0.0,,0.6373,0.3689
H007,standard,2026-07-29,2,False,monsoon,False,,0.0,,0.718,0.7362
H007,deluxe,2026-07-29,2,False,monsoon,False,,0.0,,0.718,0.7248
H007,premium,2026-07-29,2,False,monsoon,False,,0.0,,0.718,0.7059
H007,suite,2026-07-29,2,False,monsoon,False,,0.0,,0.718,0.6719
H007,standard,2026-07-30,3,False,monsoon,False,,0.0,,0.7102,0.3448
H007,deluxe,2026-07-30,3,False,monsoon,False,,0.0,,0.7102,0.3395
H007,premium,2026-07-30,3,False,monsoon,False,,0.0,,0.7102,0.3306
H007,suite,2026-07-30,3,False,monsoon,False,,0.0,,0.7102,0.3147
H007,standard,2026-07-31,4,False,monsoon,False,,0.0,,0.6697,0.6606
H007,deluxe,2026-07-31,4,False,monsoon,False,,0.0,,0.6697,0.6504
H007,premium,2026-07-31,4,False,monsoon,False,,0.0,,0.6697,0.6335
H007,suite,2026-07-31,4,False,monsoon,False,,0.0,,0.6697,0.6029
H007,standard,2026-08-01,5,True,monsoon,False,,0.0,,0.77,0.967
H007,deluxe,2026-08-01,5,True,monsoon,False,,0.0,,0.77,0.9521
H007,premium,2026-08-01,5,True,monsoon,False,,0.0,,0.77,0.9272
H007,suite,2026-08-01,5,True,monsoon,False,,0.0,,0.77,0.8825
H007,standard,2026-08-02,6,True,monsoon,False,,0.0,,0.7219,0.3671
H007,deluxe,2026-08-02,6,True,monsoon,False,,0.0,,0.7219,0.3614
H007,premium,2026-08-02,6,True,monsoon,False,,0.0,,0.7219,0.352
H007,suite,2026-08-02,6,True,monsoon,False,,0.0,,0.7219,0.335
H007,standard,2026-08-03,0,False,monsoon,False,,0.0,,0.7539,0.737
H007,deluxe,2026-08-03,0,False,monsoon,False,,0.0,,0.7539,0.7256
H007,premium,2026-08-03,0,False,monsoon,False,,0.0,,0.7539,0.7067
H007,suite,2026-08-03,0,False,monsoon,False,,0.0,,0.7539,0.6726
H007,standard,2026-08-04,1,False,monsoon,False,,0.0,,0.6345,0.5091
H007,deluxe,2026-08-04,1,False,monsoon,False,,0.0,,0.6345,0.5013
H007,premium,2026-08-04,1,False,monsoon,False,,0.0,,0.6345,0.4882
H007,suite,2026-08-04,1,False,monsoon,False,,0.0,,0.6345,0.4647
H007,standard,2026-08-05,2,False,monsoon,False,,0.0,,0.5939,0.1214
H007,deluxe,2026-08-05,2,False,monsoon,False,,0.0,,0.5939,0.1195
H007,premium,2026-08-05,2,False,monsoon,False,,0.0,,0.5939,0.1164
H007,suite,2026-08-05,2,False,monsoon,False,,0.0,,0.5939,0.1108
H007,standard,2026-08-06,3,False,monsoon,False,,0.0,,0.682,0.6545
H007,deluxe,2026-08-06,3,False,monsoon,False,,0.0,,0.682,0.6445
H007,premium,2026-08-06,3,False,monsoon,False,,0.0,,0.682,0.6276
H007,suite,2026-08-06,3,False,monsoon,False,,0.0,,0.682,0.5974
H007,standard,2026-08-07,4,False,monsoon,False,,0.0,,0.5637,0.9933
H007,deluxe,2026-08-07,4,False,monsoon,False,,0.0,,0.5637,0.978
H007,premium,2026-08-07,4,False,monsoon,False,,0.0,,0.5637,0.9524
H007,suite,2026-08-07,4,False,monsoon,False,,0.0,,0.5637,0.9065
H007,standard,2026-08-08,5,True,monsoon,False,,0.0,,0.6506,0.9985
H007,deluxe,2026-08-08,5,True,monsoon,False,,0.0,,0.6506,0.9831
H007,premium,2026-08-08,5,True,monsoon,False,,0.0,,0.6506,0.9575
H007,suite,2026-08-08,5,True,monsoon,False,,0.0,,0.6506,0.9113
H007,standard,2026-08-09,6,True,monsoon,False,,0.0,,0.6111,0.5291
H007,deluxe,2026-08-09,6,True,monsoon,False,,0.0,,0.6111,0.521
H007,premium,2026-08-09,6,True,monsoon,False,,0.0,,0.6111,0.5074
H007,suite,2026-08-09,6,True,monsoon,False,,0.0,,0.6111,0.4829
H007,standard,2026-08-10,0,False,monsoon,False,,0.0,,0.5993,0.61
H007,deluxe,2026-08-10,0,False,monsoon,False,,0.0,,0.5993,0.6006
H007,premium,2026-08-10,0,False,monsoon,False,,0.0,,0.5993,0.585
H007,suite,2026-08-10,0,False,monsoon,False,,0.0,,0.5993,0.5568
H007,standard,2026-08-11,1,False,monsoon,False,,0.0,,0.6894,0.7766
H007,deluxe,2026-08-11,1,False,monsoon,False,,0.0,,0.6894,0.7646
H007,premium,2026-08-11,1,False,monsoon,False,,0.0,,0.6894,0.7447
H007,suite,2026-08-11,1,False,monsoon,False,,0.0,,0.6894,0.7088
H007,standard,2026-08-12,2,False,monsoon,False,,0.0,,0.7592,0.3861
H007,deluxe,2026-08-12,2,False,monsoon,False,,0.0,,0.7592,0.3802
H007,premium,2026-08-12,2,False,monsoon,False,,0.0,,0.7592,0.3703
H007,suite,2026-08-12,2,False,monsoon,False,,0.0,,0.7592,0.3524
H007,standard,2026-08-13,3,False,monsoon,False,,0.0,,0.5639,0.7596
H007,deluxe,2026-08-13,3,False,monsoon,False,,0.0,,0.5639,0.7478
H007,premium,2026-08-13,3,False,monsoon,False,,0.0,,0.5639,0.7283
H007,suite,2026-08-13,3,False,monsoon,False,,0.0,,0.5639,0.6932
H007,standard,2026-08-14,4,False,monsoon,False,,0.0,,0.612,1.0
H007,deluxe,2026-08-14,4,False,monsoon,False,,0.0,,0.612,1.0
H007,premium,2026-08-14,4,False,monsoon,False,,0.0,,0.612,0.9987
H007,suite,2026-08-14,4,False,monsoon,False,,0.0,,0.612,0.9506
H007,standard,2026-08-15,5,True,monsoon,True,Independence Day,0.0,,0.6111,1.0
H007,deluxe,2026-08-15,5,True,monsoon,True,Independence Day,0.0,,0.6111,1.0
H007,premium,2026-08-15,5,True,monsoon,True,Independence Day,0.0,,0.6111,1.0
H007,suite,2026-08-15,5,True,monsoon,True,Independence Day,0.0,,0.6111,1.0
H007,standard,2026-08-16,6,True,monsoon,False,,0.0,,0.6025,0.8574
H007,deluxe,2026-08-16,6,True,monsoon,False,,0.0,,0.6025,0.8442
H007,premium,2026-08-16,6,True,monsoon,False,,0.0,,0.6025,0.8222
H007,suite,2026-08-16,6,True,monsoon,False,,0.0,,0.6025,0.7826
H007,standard,2026-08-17,0,False,monsoon,False,,0.0,,0.7066,0.4985
H007,deluxe,2026-08-17,0,False,monsoon,False,,0.0,,0.7066,0.4908
H007,premium,2026-08-17,0,False,monsoon,False,,0.0,,0.7066,0.478
H007,suite,2026-08-17,0,False,monsoon,False,,0.0,,0.7066,0.455
H007,standard,2026-08-18,1,False,monsoon,False,,0.0,,0.6509,0.6182
H007,deluxe,2026-08-18,1,False,monsoon,False,,0.0,,0.6509,0.6087
H007,premium,2026-08-18,1,False,monsoon,False,,0.0,,0.6509,0.5928
H007,suite,2026-08-18,1,False,monsoon,False,,0.0,,0.6509,0.5642
H007,standard,2026-08-19,2,False,monsoon,False,,0.0,,0.6057,0.6565
H007,deluxe,2026-08-19,2,False,monsoon,False,,0.0,,0.6057,0.6464
H007,premium,2026-08-19,2,False,monsoon,False,,0.0,,0.6057,0.6296
H007,suite,2026-08-19,2,False,monsoon,False,,0.0,,0.6057,0.5992
H007,standard,2026-08-20,3,False,monsoon,False,,0.0,,0.5634,0.5466
H007,deluxe,2026-08-20,3,False,monsoon,False,,0.0,,0.5634,0.5382
H007,premium,2026-08-20,3,False,monsoon,False,,0.0,,0.5634,0.5242
H007,suite,2026-08-20,3,False,monsoon,False,,0.0,,0.5634,0.4989
H007,standard,2026-08-21,4,False,monsoon,False,,0.0,,0.4802,0.9061
H007,deluxe,2026-08-21,4,False,monsoon,False,,0.0,,0.4802,0.8922
H007,premium,2026-08-21,4,False,monsoon,False,,0.0,,0.4802,0.8689
H007,suite,2026-08-21,4,False,monsoon,False,,0.0,,0.4802,0.827
H007,standard,2026-08-22,5,True,monsoon,False,,0.0,,0.7443,0.6466
H007,deluxe,2026-08-22,5,True,monsoon,False,,0.0,,0.7443,0.6366
H007,premium,2026-08-22,5,True,monsoon,False,,0.0,,0.7443,0.62
H007,suite,2026-08-22,5,True,monsoon,False,,0.0,,0.7443,0.5901
H007,standard,2026-08-23,6,True,monsoon,False,,0.0,,0.6322,1.0
H007,deluxe,2026-08-23,6,True,monsoon,False,,0.0,,0.6322,1.0
H007,premium,2026-08-23,6,True,monsoon,False,,0.0,,0.6322,1.0
H007,suite,2026-08-23,6,True,monsoon,False,,0.0,,0.6322,1.0
H007,standard,2026-08-24,0,False,monsoon,False,,0.0,,0.6547,0.725
H007,deluxe,2026-08-24,0,False,monsoon,False,,0.0,,0.6547,0.7138
H007,premium,2026-08-24,0,False,monsoon,False,,0.0,,0.6547,0.6952
H007,suite,2026-08-24,0,False,monsoon,False,,0.0,,0.6547,0.6617
H008,standard,2025-08-25,0,False,monsoon,False,,0.0,,0.6907,0.7553
H008,deluxe,2025-08-25,0,False,monsoon,False,,0.0,,0.6907,0.7437
H008,premium,2025-08-25,0,False,monsoon,False,,0.0,,0.6907,0.7243
H008,suite,2025-08-25,0,False,monsoon,False,,0.0,,0.6907,0.6894
H008,standard,2025-08-26,1,False,monsoon,False,,0.0,,0.6915,1.0
H008,deluxe,2025-08-26,1,False,monsoon,False,,0.0,,0.6915,1.0
H008,premium,2025-08-26,1,False,monsoon,False,,0.0,,0.6915,1.0
H008,suite,2025-08-26,1,False,monsoon,False,,0.0,,0.6915,1.0
H008,standard,2025-08-27,2,False,monsoon,True,Ganesh Chaturthi,0.0,,0.78,1.0
H008,deluxe,2025-08-27,2,False,monsoon,True,Ganesh Chaturthi,0.0,,0.78,1.0
H008,premium,2025-08-27,2,False,monsoon,True,Ganesh Chaturthi,0.0,,0.78,1.0
H008,suite,2025-08-27,2,False,monsoon,True,Ganesh Chaturthi,0.0,,0.78,0.9595
H008,standard,2025-08-28,3,False,monsoon,False,,0.0,,0.6869,1.0
H008,deluxe,2025-08-28,3,False,monsoon,False,,0.0,,0.6869,1.0
H008,premium,2025-08-28,3,False,monsoon,False,,0.0,,0.6869,1.0
H008,suite,2025-08-28,3,False,monsoon,False,,0.0,,0.6869,1.0
H008,standard,2025-08-29,4,False,monsoon,False,,0.0,,0.6864,0.8575
H008,deluxe,2025-08-29,4,False,monsoon,False,,0.0,,0.6864,0.8443
H008,premium,2025-08-29,4,False,monsoon,False,,0.0,,0.6864,0.8223
H008,suite,2025-08-29,4,False,monsoon,False,,0.0,,0.6864,0.7827
H008,standard,2025-08-30,5,True,monsoon,False,,0.0,,0.7594,0.7778
H008,deluxe,2025-08-30,5,True,monsoon,False,,0.0,,0.7594,0.7658
H008,premium,2025-08-30,5,True,monsoon,False,,0.0,,0.7594,0.7458
H008,suite,2025-08-30,5,True,monsoon,False,,0.0,,0.7594,0.7098
H008,standard,2025-08-31,6,True,monsoon,False,,0.0,,0.703,0.5291
H008,deluxe,2025-08-31,6,True,monsoon,False,,0.0,,0.703,0.521
H008,premium,2025-08-31,6,True,monsoon,False,,0.0,,0.703,0.5074
H008,suite,2025-08-31,6,True,monsoon,False,,0.0,,0.703,0.4829
H008,standard,2025-09-01,0,False,monsoon,False,,0.0,,0.6474,0.8698
H008,deluxe,2025-09-01,0,False,monsoon,False,,0.0,,0.6474,0.8564
H008,premium,2025-09-01,0,False,monsoon,False,,0.0,,0.6474,0.8341
H008,suite,2025-09-01,0,False,monsoon,False,,0.0,,0.6474,0.7939
H008,standard,2025-09-02,1,False,monsoon,False,,0.0,,0.7118,1.0
H008,deluxe,2025-09-02,1,False,monsoon,False,,0.0,,0.7118,1.0
H008,premium,2025-09-02,1,False,monsoon,False,,0.0,,0.7118,1.0
H008,suite,2025-09-02,1,False,monsoon,False,,0.0,,0.7118,1.0
H008,standard,2025-09-03,2,False,monsoon,False,,0.0,,0.584,0.8806
H008,deluxe,2025-09-03,2,False,monsoon,False,,0.0,,0.584,0.867
H008,premium,2025-09-03,2,False,monsoon,False,,0.0,,0.584,0.8444
H008,suite,2025-09-03,2,False,monsoon,False,,0.0,,0.584,0.8037
H008,standard,2025-09-04,3,False,monsoon,False,,0.0,,0.6594,0.9149
H008,deluxe,2025-09-04,3,False,monsoon,False,,0.0,,0.6594,0.9008
H008,premium,2025-09-04,3,False,monsoon,False,,0.0,,0.6594,0.8773
H008,suite,2025-09-04,3,False,monsoon,False,,0.0,,0.6594,0.835
H008,standard,2025-09-05,4,False,monsoon,False,,0.0,,0.59,0.6314
H008,deluxe,2025-09-05,4,False,monsoon,False,,0.0,,0.59,0.6217
H008,premium,2025-09-05,4,False,monsoon,False,,0.0,,0.59,0.6055
H008,suite,2025-09-05,4,False,monsoon,False,,0.0,,0.59,0.5763
H008,standard,2025-09-06,5,True,monsoon,False,,0.0,,0.7202,1.0
H008,deluxe,2025-09-06,5,True,monsoon,False,,0.0,,0.7202,1.0
H008,premium,2025-09-06,5,True,monsoon,False,,0.0,,0.7202,1.0
H008,suite,2025-09-06,5,True,monsoon,False,,0.0,,0.7202,1.0
H008,standard,2025-09-07,6,True,monsoon,False,,0.0,,0.6943,0.6753
H008,deluxe,2025-09-07,6,True,monsoon,False,,0.0,,0.6943,0.6649
H008,premium,2025-09-07,6,True,monsoon,False,,0.0,,0.6943,0.6476
H008,suite,2025-09-07,6,True,monsoon,False,,0.0,,0.6943,0.6164
H008,standard,2025-09-08,0,False,monsoon,False,,0.0,,0.6291,1.0
H008,deluxe,2025-09-08,0,False,monsoon,False,,0.0,,0.6291,1.0
H008,premium,2025-09-08,0,False,monsoon,False,,0.0,,0.6291,1.0
H008,suite,2025-09-08,0,False,monsoon,False,,0.0,,0.6291,1.0
H008,standard,2025-09-09,1,False,monsoon,False,,0.0,,0.7515,0.8686
H008,deluxe,2025-09-09,1,False,monsoon,False,,0.0,,0.7515,0.8553
H008,premium,2025-09-09,1,False,monsoon,False,,0.0,,0.7515,0.8329
H008,suite,2025-09-09,1,False,monsoon,False,,0.0,,0.7515,0.7928
H008,standard,2025-09-10,2,False,monsoon,False,,0.0,,0.6831,0.9482
H008,deluxe,2025-09-10,2,False,monsoon,False,,0.0,,0.6831,0.9336
H008,premium,2025-09-10,2,False,monsoon,False,,0.0,,0.6831,0.9092
H008,suite,2025-09-10,2,False,monsoon,False,,0.0,,0.6831,0.8654
H008,standard,2025-09-11,3,False,monsoon,False,,0.0,,0.654,1.0
H008,deluxe,2025-09-11,3,False,monsoon,False,,0.0,,0.654,1.0
H008,premium,2025-09-11,3,False,monsoon,False,,0.0,,0.654,1.0
H008,suite,2025-09-11,3,False,monsoon,False,,0.0,,0.654,1.0
H008,standard,2025-09-12,4,False,monsoon,False,,0.0,,0.6268,1.0
H008,deluxe,2025-09-12,4,False,monsoon,False,,0.0,,0.6268,1.0
H008,premium,2025-09-12,4,False,monsoon,False,,0.0,,0.6268,1.0
H008,suite,2025-09-12,4,False,monsoon,False,,0.0,,0.6268,1.0
H008,standard,2025-09-13,5,True,monsoon,False,,0.0,,0.6696,1.0
H008,deluxe,2025-09-13,5,True,monsoon,False,,0.0,,0.6696,1.0
H008,premium,2025-09-13,5,True,monsoon,False,,0.0,,0.6696,1.0
H008,suite,2025-09-13,5,True,monsoon,False,,0.0,,0.6696,1.0
H008,standard,2025-09-14,6,True,monsoon,False,,0.0,,0.6508,0.7891
H008,deluxe,2025-09-14,6,True,monsoon,False,,0.0,,0.6508,0.7769
H008,premium,2025-09-14,6,True,monsoon,False,,0.0,,0.6508,0.7567
H008,suite,2025-09-14,6,True,monsoon,False,,0.0,,0.6508,0.7202
H008,standard,2025-09-15,0,False,monsoon,False,,0.0,,0.6205,0.5944
H008,deluxe,2025-09-15,0,False,monsoon,False,,0.0,,0.6205,0.5852
H008,premium,2025-09-15,0,False,monsoon,False,,0.0,,0.6205,0.57
H008,suite,2025-09-15,0,False,monsoon,False,,0.0,,0.6205,0.5425
H008,standard,2025-09-16,1,False,monsoon,False,,0.0,,0.7303,0.972
H008,deluxe,2025-09-16,1,False,monsoon,False,,0.0,,0.7303,0.957
H008,premium,2025-09-16,1,False,monsoon,False,,0.0,,0.7303,0.9321
H008,suite,2025-09-16,1,False,monsoon,False,,0.0,,0.7303,0.8871
H008,standard,2025-09-17,2,False,monsoon,False,,0.0,,0.6253,1.0
H008,deluxe,2025-09-17,2,False,monsoon,False,,0.0,,0.6253,1.0
H008,premium,2025-09-17,2,False,monsoon,False,,0.0,,0.6253,1.0
H008,suite,2025-09-17,2,False,monsoon,False,,0.0,,0.6253,0.9745
H008,standard,2025-09-18,3,False,monsoon,False,,0.0,,0.6708,0.646
H008,deluxe,2025-09-18,3,False,monsoon,False,,0.0,,0.6708,0.6361
H008,premium,2025-09-18,3,False,monsoon,False,,0.0,,0.6708,0.6195
H008,suite,2025-09-18,3,False,monsoon,False,,0.0,,0.6708,0.5896
H008,standard,2025-09-19,4,False,monsoon,False,,0.0,,0.7683,1.0
H008,deluxe,2025-09-19,4,False,monsoon,False,,0.0,,0.7683,1.0
H008,premium,2025-09-19,4,False,monsoon,False,,0.0,,0.7683,1.0
H008,suite,2025-09-19,4,False,monsoon,False,,0.0,,0.7683,1.0
H008,standard,2025-09-20,5,True,monsoon,False,,0.0,,0.719,0.6857
H008,deluxe,2025-09-20,5,True,monsoon,False,,0.0,,0.719,0.6752
H008,premium,2025-09-20,5,True,monsoon,False,,0.0,,0.719,0.6576
H008,suite,2025-09-20,5,True,monsoon,False,,0.0,,0.719,0.6258
H008,standard,2025-09-21,6,True,monsoon,False,,0.0,,0.6752,1.0
H008,deluxe,2025-09-21,6,True,monsoon,False,,0.0,,0.6752,1.0
H008,premium,2025-09-21,6,True,monsoon,False,,0.0,,0.6752,1.0
H008,suite,2025-09-21,6,True,monsoon,False,,0.0,,0.6752,1.0
H008,standard,2025-09-22,0,False,monsoon,False,,0.0,,0.6761,0.8455
H008,deluxe,2025-09-22,0,False,monsoon,False,,0.0,,0.6761,0.8325
H008,premium,2025-09-22,0,False,monsoon,False,,0.0,,0.6761,0.8108
H008,suite,2025-09-22,0,False,monsoon,False,,0.0,,0.6761,0.7717
H008,standard,2025-09-23,1,False,monsoon,False,,0.0,,0.5618,0.7397
H008,deluxe,2025-09-23,1,False,monsoon,False,,0.0,,0.5618,0.7283
H008,premium,2025-09-23,1,False,monsoon,False,,0.0,,0.5618,0.7093
H008,suite,2025-09-23,1,False,monsoon,False,,0.0,,0.5618,0.6751
H008,standard,2025-09-24,2,False,monsoon,False,,0.0,,0.7254,0.8425
H008,deluxe,2025-09-24,2,False,monsoon,False,,0.0,,0.7254,0.8295
H008,premium,2025-09-24,2,False,monsoon,False,,0.0,,0.7254,0.8079
H008,suite,2025-09-24,2,False,monsoon,False,,0.0,,0.7254,0.7689
H008,standard,2025-09-25,3,False,monsoon,False,,0.0,,0.6909,1.0
H008,deluxe,2025-09-25,3,False,monsoon,False,,0.0,,0.6909,1.0
H008,premium,2025-09-25,3,False,monsoon,False,,0.0,,0.6909,1.0
H008,suite,2025-09-25,3,False,monsoon,False,,0.0,,0.6909,1.0
H008,standard,2025-09-26,4,False,monsoon,False,,0.0,,0.7693,0.778
H008,deluxe,2025-09-26,4,False,monsoon,False,,0.0,,0.7693,0.766
H008,premium,2025-09-26,4,False,monsoon,False,,0.0,,0.7693,0.746
H008,suite,2025-09-26,4,False,monsoon,False,,0.0,,0.7693,0.7101
H008,standard,2025-09-27,5,True,monsoon,False,,0.0,,0.7101,0.911
H008,deluxe,2025-09-27,5,True,monsoon,False,,0.0,,0.7101,0.897
H008,premium,2025-09-27,5,True,monsoon,False,,0.0,,0.7101,0.8736
H008,suite,2025-09-27,5,True,monsoon,False,,0.0,,0.7101,0.8315
H008,standard,2025-09-28,6,True,monsoon,False,,0.0,,0.8844,0.6961
H008,deluxe,2025-09-28,6,True,monsoon,False,,0.0,,0.8844,0.6854
H008,premium,2025-09-28,6,True,monsoon,False,,0.0,,0.8844,0.6675
H008,suite,2025-09-28,6,True,monsoon,False,,0.0,,0.8844,0.6353
H008,standard,2025-09-29,0,False,monsoon,False,,0.0,,0.6321,0.6593
H008,deluxe,2025-09-29,0,False,monsoon,False,,0.0,,0.6321,0.6492
H008,premium,2025-09-29,0,False,monsoon,False,,0.0,,0.6321,0.6322
H008,suite,2025-09-29,0,False,monsoon,False,,0.0,,0.6321,0.6018
H008,standard,2025-09-30,1,False,monsoon,False,,0.0,,0.6867,0.7676
H008,deluxe,2025-09-30,1,False,monsoon,False,,0.0,,0.6867,0.7558
H008,premium,2025-09-30,1,False,monsoon,False,,0.0,,0.6867,0.7361
H008,suite,2025-09-30,1,False,monsoon,False,,0.0,,0.6867,0.7006
H008,standard,2025-10-01,2,False,autumn,False,,0.0,,0.9001,1.0
H008,deluxe,2025-10-01,2,False,autumn,False,,0.0,,0.9001,1.0
H008,premium,2025-10-01,2,False,autumn,False,,0.0,,0.9001,1.0
H008,suite,2025-10-01,2,False,autumn,False,,0.0,,0.9001,1.0
H008,standard,2025-10-02,3,False,autumn,True,Dussehra,0.0,,0.8462,1.0
H008,deluxe,2025-10-02,3,False,autumn,True,Dussehra,0.0,,0.8462,1.0
H008,premium,2025-10-02,3,False,autumn,True,Dussehra,0.0,,0.8462,1.0
H008,suite,2025-10-02,3,False,autumn,True,Dussehra,0.0,,0.8462,1.0
H008,standard,2025-10-03,4,False,autumn,False,,0.0,,0.7974,0.9736
H008,deluxe,2025-10-03,4,False,autumn,False,,0.0,,0.7974,0.9586
H008,premium,2025-10-03,4,False,autumn,False,,0.0,,0.7974,0.9336
H008,suite,2025-10-03,4,False,autumn,False,,0.0,,0.7974,0.8886
H008,standard,2025-10-04,5,True,autumn,False,,0.0,,0.8907,1.0
H008,deluxe,2025-10-04,5,True,autumn,False,,0.0,,0.8907,1.0
H008,premium,2025-10-04,5,True,autumn,False,,0.0,,0.8907,0.9764
H008,suite,2025-10-04,5,True,autumn,False,,0.0,,0.8907,0.9293
H008,standard,2025-10-05,6,True,autumn,False,,0.0,,0.8527,1.0
H008,deluxe,2025-10-05,6,True,autumn,False,,0.0,,0.8527,1.0
H008,premium,2025-10-05,6,True,autumn,False,,0.0,,0.8527,1.0
H008,suite,2025-10-05,6,True,autumn,False,,0.0,,0.8527,0.9698
H008,standard,2025-10-06,0,False,autumn,False,,0.0,,0.9038,0.7504
H008,deluxe,2025-10-06,0,False,autumn,False,,0.0,,0.9038,0.7389
H008,premium,2025-10-06,0,False,autumn,False,,0.0,,0.9038,0.7196
H008,suite,2025-10-06,0,False,autumn,False,,0.0,,0.9038,0.6849
H008,standard,2025-10-07,1,False,autumn,False,,0.0,,0.8103,1.0
H008,deluxe,2025-10-07,1,False,autumn,False,,0.0,,0.8103,1.0
H008,premium,2025-10-07,1,False,autumn,False,,0.0,,0.8103,1.0
H008,suite,2025-10-07,1,False,autumn,False,,0.0,,0.8103,1.0
H008,standard,2025-10-08,2,False,autumn,False,,0.0,,0.9166,0.8985
H008,deluxe,2025-10-08,2,False,autumn,False,,0.0,,0.9166,0.8847
H008,premium,2025-10-08,2,False,autumn,False,,0.0,,0.9166,0.8616
H008,suite,2025-10-08,2,False,autumn,False,,0.0,,0.9166,0.8201
H008,standard,2025-10-09,3,False,autumn,False,,0.0,,0.9027,1.0
H008,deluxe,2025-10-09,3,False,autumn,False,,0.0,,0.9027,1.0
H008,premium,2025-10-09,3,False,autumn,False,,0.0,,0.9027,0.9802
H008,suite,2025-10-09,3,False,autumn,False,,0.0,,0.9027,0.933
H008,standard,2025-10-10,4,False,autumn,False,,0.0,,0.9048,1.0
H008,deluxe,2025-10-10,4,False,autumn,False,,0.0,,0.9048,1.0
H008,premium,2025-10-10,4,False,autumn,False,,0.0,,0.9048,1.0
H008,suite,2025-10-10,4,False,autumn,False,,0.0,,0.9048,0.9959
H008,standard,2025-10-11,5,True,autumn,False,,0.0,,0.9598,0.7374
H008,deluxe,2025-10-11,5,True,autumn,False,,0.0,,0.9598,0.726
H008,premium,2025-10-11,5,True,autumn,False,,0.0,,0.9598,0.7071
H008,suite,2025-10-11,5,True,autumn,False,,0.0,,0.9598,0.673
H008,standard,2025-10-12,6,True,autumn,False,,0.0,,0.7885,0.878
H008,deluxe,2025-10-12,6,True,autumn,False,,0.0,,0.7885,0.8645
H008,premium,2025-10-12,6,True,autumn,False,,0.0,,0.7885,0.8419
H008,suite,2025-10-12,6,True,autumn,False,,0.0,,0.7885,0.8013
H008,standard,2025-10-13,0,False,autumn,False,,0.0,,0.8478,0.4079
H008,deluxe,2025-10-13,0,False,autumn,False,,0.0,,0.8478,0.4016
H008,premium,2025-10-13,0,False,autumn,False,,0.0,,0.8478,0.3911
H008,suite,2025-10-13,0,False,autumn,False,,0.0,,0.8478,0.3722
H008,standard,2025-10-14,1,False,autumn,False,,0.0,,0.8671,0.7701
H008,deluxe,2025-10-14,1,False,autumn,False,,0.0,,0.8671,0.7582
H008,premium,2025-10-14,1,False,autumn,False,,0.0,,0.8671,0.7384
H008,suite,2025-10-14,1,False,autumn,False,,0.0,,0.8671,0.7028
H008,standard,2025-10-15,2,False,autumn,False,,0.0,,0.8286,1.0
H008,deluxe,2025-10-15,2,False,autumn,False,,0.0,,0.8286,1.0
H008,premium,2025-10-15,2,False,autumn,False,,0.0,,0.8286,1.0
H008,suite,2025-10-15,2,False,autumn,False,,0.0,,0.8286,1.0
H008,standard,2025-10-16,3,False,autumn,False,,0.0,,0.9742,1.0
H008,deluxe,2025-10-16,3,False,autumn,False,,0.0,,0.9742,1.0
H008,premium,2025-10-16,3,False,autumn,False,,0.0,,0.9742,1.0
H008,suite,2025-10-16,3,False,autumn,False,,0.0,,0.9742,1.0
H008,standard,2025-10-17,4,False,autumn,False,,0.0,,0.9213,0.9523
H008,deluxe,2025-10-17,4,False,autumn,False,,0.0,,0.9213,0.9376
H008,premium,2025-10-17,4,False,autumn,False,,0.0,,0.9213,0.9131
H008,suite,2025-10-17,4,False,autumn,False,,0.0,,0.9213,0.8691
H008,standard,2025-10-18,5,True,autumn,False,,0.0,,0.8139,1.0
H008,deluxe,2025-10-18,5,True,autumn,False,,0.0,,0.8139,1.0
H008,premium,2025-10-18,5,True,autumn,False,,0.0,,0.8139,1.0
H008,suite,2025-10-18,5,True,autumn,False,,0.0,,0.8139,1.0
H008,standard,2025-10-19,6,True,autumn,False,,0.0,,0.7168,1.0
H008,deluxe,2025-10-19,6,True,autumn,False,,0.0,,0.7168,1.0
H008,premium,2025-10-19,6,True,autumn,False,,0.0,,0.7168,1.0
H008,suite,2025-10-19,6,True,autumn,False,,0.0,,0.7168,1.0
H008,standard,2025-10-20,0,False,autumn,True,Diwali,0.0,,0.8168,1.0
H008,deluxe,2025-10-20,0,False,autumn,True,Diwali,0.0,,0.8168,1.0
H008,premium,2025-10-20,0,False,autumn,True,Diwali,0.0,,0.8168,1.0
H008,suite,2025-10-20,0,False,autumn,True,Diwali,0.0,,0.8168,1.0
H008,standard,2025-10-21,1,False,autumn,False,,0.0,,0.8495,1.0
H008,deluxe,2025-10-21,1,False,autumn,False,,0.0,,0.8495,1.0
H008,premium,2025-10-21,1,False,autumn,False,,0.0,,0.8495,1.0
H008,suite,2025-10-21,1,False,autumn,False,,0.0,,0.8495,0.9992
H008,standard,2025-10-22,2,False,autumn,False,,0.0,,0.8538,1.0
H008,deluxe,2025-10-22,2,False,autumn,False,,0.0,,0.8538,1.0
H008,premium,2025-10-22,2,False,autumn,False,,0.0,,0.8538,1.0
H008,suite,2025-10-22,2,False,autumn,False,,0.0,,0.8538,1.0
H008,standard,2025-10-23,3,False,autumn,False,,0.0,,0.9114,1.0
H008,deluxe,2025-10-23,3,False,autumn,False,,0.0,,0.9114,1.0
H008,premium,2025-10-23,3,False,autumn,False,,0.0,,0.9114,1.0
H008,suite,2025-10-23,3,False,autumn,False,,0.0,,0.9114,0.9791
H008,standard,2025-10-24,4,False,autumn,False,,0.0,,0.8058,1.0
H008,deluxe,2025-10-24,4,False,autumn,False,,0.0,,0.8058,1.0
H008,premium,2025-10-24,4,False,autumn,False,,0.0,,0.8058,1.0
H008,suite,2025-10-24,4,False,autumn,False,,0.0,,0.8058,1.0
H008,standard,2025-10-25,5,True,autumn,False,,0.0,,0.8384,1.0
H008,deluxe,2025-10-25,5,True,autumn,False,,0.0,,0.8384,1.0
H008,premium,2025-10-25,5,True,autumn,False,,0.0,,0.8384,1.0
H008,suite,2025-10-25,5,True,autumn,False,,0.0,,0.8384,0.9932
H008,standard,2025-10-26,6,True,autumn,False,,0.0,,0.8861,1.0
H008,deluxe,2025-10-26,6,True,autumn,False,,0.0,,0.8861,1.0
H008,premium,2025-10-26,6,True,autumn,False,,0.0,,0.8861,1.0
H008,suite,2025-10-26,6,True,autumn,False,,0.0,,0.8861,0.9818
H008,standard,2025-10-27,0,False,autumn,False,,0.0,,0.889,1.0
H008,deluxe,2025-10-27,0,False,autumn,False,,0.0,,0.889,0.9995
H008,premium,2025-10-27,0,False,autumn,False,,0.0,,0.889,0.9734
H008,suite,2025-10-27,0,False,autumn,False,,0.0,,0.889,0.9265
H008,standard,2025-10-28,1,False,autumn,False,,0.0,,0.791,1.0
H008,deluxe,2025-10-28,1,False,autumn,False,,0.0,,0.791,1.0
H008,premium,2025-10-28,1,False,autumn,False,,0.0,,0.791,1.0
H008,suite,2025-10-28,1,False,autumn,False,,0.0,,0.791,1.0
H008,standard,2025-10-29,2,False,autumn,False,,0.0,,0.9016,1.0
H008,deluxe,2025-10-29,2,False,autumn,False,,0.0,,0.9016,1.0
H008,premium,2025-10-29,2,False,autumn,False,,0.0,,0.9016,1.0
H008,suite,2025-10-29,2,False,autumn,False,,0.0,,0.9016,0.9869
H008,standard,2025-10-30,3,False,autumn,False,,0.0,,0.8627,0.8372
H008,deluxe,2025-10-30,3,False,autumn,False,,0.0,,0.8627,0.8243
H008,premium,2025-10-30,3,False,autumn,False,,0.0,,0.8627,0.8028
H008,suite,2025-10-30,3,False,autumn,False,,0.0,,0.8627,0.7641
H008,standard,2025-10-31,4,False,autumn,False,,0.0,,0.8816,1.0
H008,deluxe,2025-10-31,4,False,autumn,False,,0.0,,0.8816,1.0
H008,premium,2025-10-31,4,False,autumn,False,,0.0,,0.8816,1.0
H008,suite,2025-10-31,4,False,autumn,False,,0.0,,0.8816,1.0
H008,standard,2025-11-01,5,True,autumn,False,,0.0,,0.7554,0.9268
H008,deluxe,2025-11-01,5,True,autumn,False,,0.0,,0.7554,0.9125
H008,premium,2025-11-01,5,True,autumn,False,,0.0,,0.7554,0.8887
H008,suite,2025-11-01,5,True,autumn,False,,0.0,,0.7554,0.8459
H008,standard,2025-11-02,6,True,autumn,False,,0.0,,0.719,1.0
H008,deluxe,2025-11-02,6,True,autumn,False,,0.0,,0.719,1.0
H008,premium,2025-11-02,6,True,autumn,False,,0.0,,0.719,1.0
H008,suite,2025-11-02,6,True,autumn,False,,0.0,,0.719,1.0
H008,standard,2025-11-03,0,False,autumn,False,,0.0,,0.7193,1.0
H008,deluxe,2025-11-03,0,False,autumn,False,,0.0,,0.7193,1.0
H008,premium,2025-11-03,0,False,autumn,False,,0.0,,0.7193,1.0
H008,suite,2025-11-03,0,False,autumn,False,,0.0,,0.7193,1.0
H008,standard,2025-11-04,1,False,autumn,False,,0.0,,0.8923,1.0
H008,deluxe,2025-11-04,1,False,autumn,False,,0.0,,0.8923,1.0
H008,premium,2025-11-04,1,False,autumn,False,,0.0,,0.8923,1.0
H008,suite,2025-11-04,1,False,autumn,False,,0.0,,0.8923,1.0
H008,standard,2025-11-05,2,False,autumn,True,Guru Nanak Jayanti,0.0,,0.8361,0.6182
H008,deluxe,2025-11-05,2,False,autumn,True,Guru Nanak Jayanti,0.0,,0.8361,0.6087
H008,premium,2025-11-05,2,False,autumn,True,Guru Nanak Jayanti,0.0,,0.8361,0.5928
H008,suite,2025-11-05,2,False,autumn,True,Guru Nanak Jayanti,0.0,,0.8361,0.5642
H008,standard,2025-11-06,3,False,autumn,False,,0.0,,0.8867,0.6481
H008,deluxe,2025-11-06,3,False,autumn,False,,0.0,,0.8867,0.6381
H008,premium,2025-11-06,3,False,autumn,False,,0.0,,0.8867,0.6215
H008,suite,2025-11-06,3,False,autumn,False,,0.0,,0.8867,0.5915
H008,standard,2025-11-07,4,False,autumn,False,,0.0,,0.7941,0.7431
H008,deluxe,2025-11-07,4,False,autumn,False,,0.0,,0.7941,0.7316
H008,premium,2025-11-07,4,False,autumn,False,,0.0,,0.7941,0.7125
H008,suite,2025-11-07,4,False,autumn,False,,0.0,,0.7941,0.6782
H008,standard,2025-11-08,5,True,autumn,False,,0.0,,0.7816,0.9675
H008,deluxe,2025-11-08,5,True,autumn,False,,0.0,,0.7816,0.9525
H008,premium,2025-11-08,5,True,autumn,False,,0.0,,0.7816,0.9277
H008,suite,2025-11-08,5,True,autumn,False,,0.0,,0.7816,0.883
H008,standard,2025-11-09,6,True,autumn,False,,0.0,,0.7811,1.0
H008,deluxe,2025-11-09,6,True,autumn,False,,0.0,,0.7811,1.0
H008,premium,2025-11-09,6,True,autumn,False,,0.0,,0.7811,1.0
H008,suite,2025-11-09,6,True,autumn,False,,0.0,,0.7811,1.0
H008,standard,2025-11-10,0,False,autumn,False,,0.0,,0.8758,0.8891
H008,deluxe,2025-11-10,0,False,autumn,False,,0.0,,0.8758,0.8754
H008,premium,2025-11-10,0,False,autumn,False,,0.0,,0.8758,0.8525
H008,suite,2025-11-10,0,False,autumn,False,,0.0,,0.8758,0.8114
H008,standard,2025-11-11,1,False,autumn,False,,0.0,,0.8835,1.0
H008,deluxe,2025-11-11,1,False,autumn,False,,0.0,,0.8835,1.0
H008,premium,2025-11-11,1,False,autumn,False,,0.0,,0.8835,0.9876
H008,suite,2025-11-11,1,False,autumn,False,,0.0,,0.8835,0.94
H008,standard,2025-11-12,2,False,autumn,False,,0.0,,0.8826,1.0
H008,deluxe,2025-11-12,2,False,autumn,False,,0.0,,0.8826,1.0
H008,premium,2025-11-12,2,False,autumn,False,,0.0,,0.8826,1.0
H008,suite,2025-11-12,2,False,autumn,False,,0.0,,0.8826,1.0
H008,standard,2025-11-13,3,False,autumn,False,,0.0,,0.8901,1.0
H008,deluxe,2025-11-13,3,False,autumn,False,,0.0,,0.8901,1.0
H008,premium,2025-11-13,3,False,autumn,False,,0.0,,0.8901,1.0
H008,suite,2025-11-13,3,False,autumn,False,,0.0,,0.8901,1.0
H008,standard,2025-11-14,4,False,autumn,False,,0.0,,0.8695,1.0
H008,deluxe,2025-11-14,4,False,autumn,False,,0.0,,0.8695,1.0
H008,premium,2025-11-14,4,False,autumn,False,,0.0,,0.8695,1.0
H008,suite,2025-11-14,4,False,autumn,False,,0.0,,0.8695,1.0
H008,standard,2025-11-15,5,True,autumn,False,,0.0,,0.9061,0.934
H008,deluxe,2025-11-15,5,True,autumn,False,,0.0,,0.9061,0.9197
H008,premium,2025-11-15,5,True,autumn,False,,0.0,,0.9061,0.8957
H008,suite,2025-11-15,5,True,autumn,False,,0.0,,0.9061,0.8525
H008,standard,2025-11-16,6,True,autumn,False,,0.0,,0.8343,1.0
H008,deluxe,2025-11-16,6,True,autumn,False,,0.0,,0.8343,1.0
H008,premium,2025-11-16,6,True,autumn,False,,0.0,,0.8343,1.0
H008,suite,2025-11-16,6,True,autumn,False,,0.0,,0.8343,0.9541
H008,standard,2025-11-17,0,False,autumn,False,,0.0,,0.927,0.8366
H008,deluxe,2025-11-17,0,False,autumn,False,,0.0,,0.927,0.8237
H008,premium,2025-11-17,0,False,autumn,False,,0.0,,0.927,0.8023
H008,suite,2025-11-17,0,False,autumn,False,,0.0,,0.927,0.7636
H008,standard,2025-11-18,1,False,autumn,False,,0.8,Bengaluru Tech Summit,0.864,1.0
H008,deluxe,2025-11-18,1,False,autumn,False,,0.8,Bengaluru Tech Summit,0.864,1.0
H008,premium,2025-11-18,1,False,autumn,False,,0.8,Bengaluru Tech Summit,0.864,1.0
H008,suite,2025-11-18,1,False,autumn,False,,0.8,Bengaluru Tech Summit,0.864,1.0
H008,standard,2025-11-19,2,False,autumn,False,,0.8,Bengaluru Tech Summit,0.9509,0.8234
H008,deluxe,2025-11-19,2,False,autumn,False,,0.8,Bengaluru Tech Summit,0.9509,0.8107
H008,premium,2025-11-19,2,False,autumn,False,,0.8,Bengaluru Tech Summit,0.9509,0.7896
H008,suite,2025-11-19,2,False,autumn,False,,0.8,Bengaluru Tech Summit,0.9509,0.7515
H008,standard,2025-11-20,3,False,autumn,False,,0.8,Bengaluru Tech Summit,0.9709,0.9374
H008,deluxe,2025-11-20,3,False,autumn,False,,0.8,Bengaluru Tech Summit,0.9709,0.923
H008,premium,2025-11-20,3,False,autumn,False,,0.8,Bengaluru Tech Summit,0.9709,0.8989
H008,suite,2025-11-20,3,False,autumn,False,,0.8,Bengaluru Tech Summit,0.9709,0.8556
H008,standard,2025-11-21,4,False,autumn,False,,0.8,Bengaluru Tech Summit,0.9017,1.0
H008,deluxe,2025-11-21,4,False,autumn,False,,0.8,Bengaluru Tech Summit,0.9017,1.0
H008,premium,2025-11-21,4,False,autumn,False,,0.8,Bengaluru Tech Summit,0.9017,1.0
H008,suite,2025-11-21,4,False,autumn,False,,0.8,Bengaluru Tech Summit,0.9017,1.0
H008,standard,2025-11-22,5,True,autumn,False,,0.0,,1.0,1.0
H008,deluxe,2025-11-22,5,True,autumn,False,,0.0,,1.0,1.0
H008,premium,2025-11-22,5,True,autumn,False,,0.0,,1.0,1.0
H008,suite,2025-11-22,5,True,autumn,False,,0.0,,1.0,1.0
H008,standard,2025-11-23,6,True,autumn,False,,0.0,,0.8708,0.7816
H008,deluxe,2025-11-23,6,True,autumn,False,,0.0,,0.8708,0.7696
H008,premium,2025-11-23,6,True,autumn,False,,0.0,,0.8708,0.7495
H008,suite,2025-11-23,6,True,autumn,False,,0.0,,0.8708,0.7134
H008,standard,2025-11-24,0,False,autumn,False,,0.0,,0.8197,0.425
H008,deluxe,2025-11-24,0,False,autumn,False,,0.0,,0.8197,0.4185
H008,premium,2025-11-24,0,False,autumn,False,,0.0,,0.8197,0.4076
H008,suite,2025-11-24,0,False,autumn,False,,0.0,,0.8197,0.3879
H008,standard,2025-11-25,1,False,autumn,False,,0.0,,0.8643,1.0
H008,deluxe,2025-11-25,1,False,autumn,False,,0.0,,0.8643,1.0
H008,premium,2025-11-25,1,False,autumn,False,,0.0,,0.8643,1.0
H008,suite,2025-11-25,1,False,autumn,False,,0.0,,0.8643,1.0
H008,standard,2025-11-26,2,False,autumn,False,,0.0,,0.9563,1.0
H008,deluxe,2025-11-26,2,False,autumn,False,,0.0,,0.9563,1.0
H008,premium,2025-11-26,2,False,autumn,False,,0.0,,0.9563,1.0
H008,suite,2025-11-26,2,False,autumn,False,,0.0,,0.9563,1.0
H008,standard,2025-11-27,3,False,autumn,False,,0.0,,0.8246,1.0
H008,deluxe,2025-11-27,3,False,autumn,False,,0.0,,0.8246,1.0
H008,premium,2025-11-27,3,False,autumn,False,,0.0,,0.8246,1.0
H008,suite,2025-11-27,3,False,autumn,False,,0.0,,0.8246,1.0
H008,standard,2025-11-28,4,False,autumn,False,,0.0,,0.8335,1.0
H008,deluxe,2025-11-28,4,False,autumn,False,,0.0,,0.8335,1.0
H008,premium,2025-11-28,4,False,autumn,False,,0.0,,0.8335,0.992
H008,suite,2025-11-28,4,False,autumn,False,,0.0,,0.8335,0.9442
H008,standard,2025-11-29,5,True,autumn,False,,0.0,,0.852,0.946
H008,deluxe,2025-11-29,5,True,autumn,False,,0.0,,0.852,0.9314
H008,premium,2025-11-29,5,True,autumn,False,,0.0,,0.852,0.9071
H008,suite,2025-11-29,5,True,autumn,False,,0.0,,0.852,0.8634
H008,standard,2025-11-30,6,True,autumn,False,,0.0,,0.9063,1.0
H008,deluxe,2025-11-30,6,True,autumn,False,,0.0,,0.9063,1.0
H008,premium,2025-11-30,6,True,autumn,False,,0.0,,0.9063,1.0
H008,suite,2025-11-30,6,True,autumn,False,,0.0,,0.9063,1.0
H008,standard,2025-12-01,0,False,winter,False,,0.0,,0.9647,1.0
H008,deluxe,2025-12-01,0,False,winter,False,,0.0,,0.9647,1.0
H008,premium,2025-12-01,0,False,winter,False,,0.0,,0.9647,1.0
H008,suite,2025-12-01,0,False,winter,False,,0.0,,0.9647,1.0
H008,standard,2025-12-02,1,False,winter,False,,0.0,,0.9566,0.815
H008,deluxe,2025-12-02,1,False,winter,False,,0.0,,0.9566,0.8025
H008,premium,2025-12-02,1,False,winter,False,,0.0,,0.9566,0.7815
H008,suite,2025-12-02,1,False,winter,False,,0.0,,0.9566,0.7439
H008,standard,2025-12-03,2,False,winter,False,,0.0,,0.9936,1.0
H008,deluxe,2025-12-03,2,False,winter,False,,0.0,,0.9936,1.0
H008,premium,2025-12-03,2,False,winter,False,,0.0,,0.9936,1.0
H008,suite,2025-12-03,2,False,winter,False,,0.0,,0.9936,1.0
H008,standard,2025-12-04,3,False,winter,False,,0.0,,0.9258,1.0
H008,deluxe,2025-12-04,3,False,winter,False,,0.0,,0.9258,1.0
H008,premium,2025-12-04,3,False,winter,False,,0.0,,0.9258,0.9843
H008,suite,2025-12-04,3,False,winter,False,,0.0,,0.9258,0.9368
H008,standard,2025-12-05,4,False,winter,False,,0.0,,0.8422,0.678
H008,deluxe,2025-12-05,4,False,winter,False,,0.0,,0.8422,0.6676
H008,premium,2025-12-05,4,False,winter,False,,0.0,,0.8422,0.6502
H008,suite,2025-12-05,4,False,winter,False,,0.0,,0.8422,0.6188
H008,standard,2025-12-06,5,True,winter,False,,0.0,,0.9018,1.0
H008,deluxe,2025-12-06,5,True,winter,False,,0.0,,0.9018,1.0
H008,premium,2025-12-06,5,True,winter,False,,0.0,,0.9018,1.0
H008,suite,2025-12-06,5,True,winter,False,,0.0,,0.9018,1.0
H008,standard,2025-12-07,6,True,winter,False,,0.0,,0.9573,0.8
H008,deluxe,2025-12-07,6,True,winter,False,,0.0,,0.9573,0.7876
H008,premium,2025-12-07,6,True,winter,False,,0.0,,0.9573,0.7671
H008,suite,2025-12-07,6,True,winter,False,,0.0,,0.9573,0.7301
H008,standard,2025-12-08,0,False,winter,False,,0.0,,1.0,0.9485
H008,deluxe,2025-12-08,0,False,winter,False,,0.0,,1.0,0.9339
H008,premium,2025-12-08,0,False,winter,False,,0.0,,1.0,0.9096
H008,suite,2025-12-08,0,False,winter,False,,0.0,,1.0,0.8657
H008,standard,2025-12-09,1,False,winter,False,,0.0,,0.8125,0.8209
H008,deluxe,2025-12-09,1,False,winter,False,,0.0,,0.8125,0.8082
H008,premium,2025-12-09,1,False,winter,False,,0.0,,0.8125,0.7871
H008,suite,2025-12-09,1,False,winter,False,,0.0,,0.8125,0.7492
H008,standard,2025-12-10,2,False,winter,False,,0.0,,0.8731,1.0
H008,deluxe,2025-12-10,2,False,winter,False,,0.0,,0.8731,1.0
H008,premium,2025-12-10,2,False,winter,False,,0.0,,0.8731,0.9778
H008,suite,2025-12-10,2,False,winter,False,,0.0,,0.8731,0.9306
H008,standard,2025-12-11,3,False,winter,False,,0.0,,0.926,1.0
H008,deluxe,2025-12-11,3,False,winter,False,,0.0,,0.926,1.0
H008,premium,2025-12-11,3,False,winter,False,,0.0,,0.926,1.0
H008,suite,2025-12-11,3,False,winter,False,,0.0,,0.926,1.0
H008,standard,2025-12-12,4,False,winter,False,,0.0,,0.9196,0.9475
H008,deluxe,2025-12-12,4,False,winter,False,,0.0,,0.9196,0.9329
H008,premium,2025-12-12,4,False,winter,False,,0.0,,0.9196,0.9085
H008,suite,2025-12-12,4,False,winter,False,,0.0,,0.9196,0.8647
H008,standard,2025-12-13,5,True,winter,False,,0.0,,0.9475,0.9728
H008,deluxe,2025-12-13,5,True,winter,False,,0.0,,0.9475,0.9578
H008,premium,2025-12-13,5,True,winter,False,,0.0,,0.9475,0.9328
H008,suite,2025-12-13,5,True,winter,False,,0.0,,0.9475,0.8879
H008,standard,2025-12-14,6,True,winter,False,,0.0,,0.846,1.0
H008,deluxe,2025-12-14,6,True,winter,False,,0.0,,0.846,1.0
H008,premium,2025-12-14,6,True,winter,False,,0.0,,0.846,1.0
H008,suite,2025-12-14,6,True,winter,False,,0.0,,0.846,1.0
H008,standard,2025-12-15,0,False,winter,False,,0.0,,0.8108,0.7842
H008,deluxe,2025-12-15,0,False,winter,False,,0.0,,0.8108,0.7721
H008,premium,2025-12-15,0,False,winter,False,,0.0,,0.8108,0.752
H008,suite,2025-12-15,0,False,winter,False,,0.0,,0.8108,0.7157
H008,standard,2025-12-16,1,False,winter,False,,0.0,,0.8683,1.0
H008,deluxe,2025-12-16,1,False,winter,False,,0.0,,0.8683,1.0
H008,premium,2025-12-16,1,False,winter,False,,0.0,,0.8683,1.0
H008,suite,2025-12-16,1,False,winter,False,,0.0,,0.8683,1.0
H008,standard,2025-12-17,2,False,winter,False,,0.0,,0.9449,1.0
H008,deluxe,2025-12-17,2,False,winter,False,,0.0,,0.9449,1.0
H008,premium,2025-12-17,2,False,winter,False,,0.0,,0.9449,1.0
H008,suite,2025-12-17,2,False,winter,False,,0.0,,0.9449,1.0
H008,standard,2025-12-18,3,False,winter,False,,0.0,,0.8654,0.9802
H008,deluxe,2025-12-18,3,False,winter,False,,0.0,,0.8654,0.9651
H008,premium,2025-12-18,3,False,winter,False,,0.0,,0.8654,0.9399
H008,suite,2025-12-18,3,False,winter,False,,0.0,,0.8654,0.8946
H008,standard,2025-12-19,4,False,winter,False,,0.0,,0.9067,1.0
H008,deluxe,2025-12-19,4,False,winter,False,,0.0,,0.9067,1.0
H008,premium,2025-12-19,4,False,winter,False,,0.0,,0.9067,1.0
H008,suite,2025-12-19,4,False,winter,False,,0.0,,0.9067,1.0
H008,standard,2025-12-20,5,True,winter,False,,0.0,,0.9065,1.0
H008,deluxe,2025-12-20,5,True,winter,False,,0.0,,0.9065,1.0
H008,premium,2025-12-20,5,True,winter,False,,0.0,,0.9065,1.0
H008,suite,2025-12-20,5,True,winter,False,,0.0,,0.9065,1.0
H008,standard,2025-12-21,6,True,winter,False,,0.0,,0.8897,0.9615
H008,deluxe,2025-12-21,6,True,winter,False,,0.0,,0.8897,0.9467
H008,premium,2025-12-21,6,True,winter,False,,0.0,,0.8897,0.922
H008,suite,2025-12-21,6,True,winter,False,,0.0,,0.8897,0.8775
H008,standard,2025-12-22,0,False,winter,False,,0.0,,0.8067,0.5374
H008,deluxe,2025-12-22,0,False,winter,False,,0.0,,0.8067,0.5291
H008,premium,2025-12-22,0,False,winter,False,,0.0,,0.8067,0.5153
H008,suite,2025-12-22,0,False,winter,False,,0.0,,0.8067,0.4905
H008,standard,2025-12-23,1,False,winter,False,,0.0,,0.892,0.7596
H008,deluxe,2025-12-23,1,False,winter,False,,0.0,,0.892,0.7478
H008,premium,2025-12-23,1,False,winter,False,,0.0,,0.892,0.7283
H008,suite,2025-12-23,1,False,winter,False,,0.0,,0.892,0.6932
H008,standard,2025-12-24,2,False,winter,False,,0.0,,0.9275,1.0
H008,deluxe,2025-12-24,2,False,winter,False,,0.0,,0.9275,1.0
H008,premium,2025-12-24,2,False,winter,False,,0.0,,0.9275,1.0
H008,suite,2025-12-24,2,False,winter,False,,0.0,,0.9275,1.0
H008,standard,2025-12-25,3,False,winter,True,Christmas,0.0,,0.8977,1.0
H008,deluxe,2025-12-25,3,False,winter,True,Christmas,0.0,,0.8977,1.0
H008,premium,2025-12-25,3,False,winter,True,Christmas,0.0,,0.8977,1.0
H008,suite,2025-12-25,3,False,winter,True,Christmas,0.0,,0.8977,1.0
H008,standard,2025-12-26,4,False,winter,False,,0.0,,0.9121,0.9426
H008,deluxe,2025-12-26,4,False,winter,False,,0.0,,0.9121,0.9281
H008,premium,2025-12-26,4,False,winter,False,,0.0,,0.9121,0.9038
H008,suite,2025-12-26,4,False,winter,False,,0.0,,0.9121,0.8603
H008,standard,2025-12-27,5,True,winter,False,,0.0,,0.9202,1.0
H008,deluxe,2025-12-27,5,True,winter,False,,0.0,,0.9202,1.0
H008,premium,2025-12-27,5,True,winter,False,,0.0,,0.9202,1.0
H008,suite,2025-12-27,5,True,winter,False,,0.0,,0.9202,0.9744
H008,standard,2025-12-28,6,True,winter,False,,0.0,,0.8674,1.0
H008,deluxe,2025-12-28,6,True,winter,False,,0.0,,0.8674,1.0
H008,premium,2025-12-28,6,True,winter,False,,0.0,,0.8674,1.0
H008,suite,2025-12-28,6,True,winter,False,,0.0,,0.8674,1.0
H008,standard,2025-12-29,0,False,winter,False,,0.0,,0.9514,1.0
H008,deluxe,2025-12-29,0,False,winter,False,,0.0,,0.9514,1.0
H008,premium,2025-12-29,0,False,winter,False,,0.0,,0.9514,1.0
H008,suite,2025-12-29,0,False,winter,False,,0.0,,0.9514,0.9714
H008,standard,2025-12-30,1,False,winter,False,,0.0,,0.8743,1.0
H008,deluxe,2025-12-30,1,False,winter,False,,0.0,,0.8743,1.0
H008,premium,2025-12-30,1,False,winter,False,,0.0,,0.8743,1.0
H008,suite,2025-12-30,1,False,winter,False,,0.0,,0.8743,1.0
H008,standard,2025-12-31,2,False,winter,True,New Year's Eve,0.0,,0.8903,1.0
H008,deluxe,2025-12-31,2,False,winter,True,New Year's Eve,0.0,,0.8903,1.0
H008,premium,2025-12-31,2,False,winter,True,New Year's Eve,0.0,,0.8903,1.0
H008,suite,2025-12-31,2,False,winter,True,New Year's Eve,0.0,,0.8903,1.0
H008,standard,2026-01-01,3,False,winter,True,New Year's Day,0.0,,0.8657,0.9469
H008,deluxe,2026-01-01,3,False,winter,True,New Year's Day,0.0,,0.8657,0.9323
H008,premium,2026-01-01,3,False,winter,True,New Year's Day,0.0,,0.8657,0.908
H008,suite,2026-01-01,3,False,winter,True,New Year's Day,0.0,,0.8657,0.8642
H008,standard,2026-01-02,4,False,winter,False,,0.0,,0.86,1.0
H008,deluxe,2026-01-02,4,False,winter,False,,0.0,,0.86,1.0
H008,premium,2026-01-02,4,False,winter,False,,0.0,,0.86,1.0
H008,suite,2026-01-02,4,False,winter,False,,0.0,,0.86,1.0
H008,standard,2026-01-03,5,True,winter,False,,0.0,,0.8741,1.0
H008,deluxe,2026-01-03,5,True,winter,False,,0.0,,0.8741,1.0
H008,premium,2026-01-03,5,True,winter,False,,0.0,,0.8741,1.0
H008,suite,2026-01-03,5,True,winter,False,,0.0,,0.8741,1.0
H008,standard,2026-01-04,6,True,winter,False,,0.0,,0.9042,0.4236
H008,deluxe,2026-01-04,6,True,winter,False,,0.0,,0.9042,0.4171
H008,premium,2026-01-04,6,True,winter,False,,0.0,,0.9042,0.4062
H008,suite,2026-01-04,6,True,winter,False,,0.0,,0.9042,0.3866
H008,standard,2026-01-05,0,False,winter,False,,0.0,,0.8643,0.5121
H008,deluxe,2026-01-05,0,False,winter,False,,0.0,,0.8643,0.5042
H008,premium,2026-01-05,0,False,winter,False,,0.0,,0.8643,0.491
H008,suite,2026-01-05,0,False,winter,False,,0.0,,0.8643,0.4673
H008,standard,2026-01-06,1,False,winter,False,,0.0,,1.0,0.8119
H008,deluxe,2026-01-06,1,False,winter,False,,0.0,,1.0,0.7994
H008,premium,2026-01-06,1,False,winter,False,,0.0,,1.0,0.7785
H008,suite,2026-01-06,1,False,winter,False,,0.0,,1.0,0.741
H008,standard,2026-01-07,2,False,winter,False,,0.0,,0.8425,1.0
H008,deluxe,2026-01-07,2,False,winter,False,,0.0,,0.8425,1.0
H008,premium,2026-01-07,2,False,winter,False,,0.0,,0.8425,1.0
H008,suite,2026-01-07,2,False,winter,False,,0.0,,0.8425,1.0
H008,standard,2026-01-08,3,False,winter,False,,0.0,,0.8598,1.0
H008,deluxe,2026-01-08,3,False,winter,False,,0.0,,0.8598,1.0
H008,premium,2026-01-08,3,False,winter,False,,0.0,,0.8598,1.0
H008,suite,2026-01-08,3,False,winter,False,,0.0,,0.8598,1.0
H008,standard,2026-01-09,4,False,winter,False,,0.0,,0.9909,0.9568
H008,deluxe,2026-01-09,4,False,winter,False,,0.0,,0.9909,0.9421
H008,premium,2026-01-09,4,False,winter,False,,0.0,,0.9909,0.9175
H008,suite,2026-01-09,4,False,winter,False,,0.0,,0.9909,0.8733
H008,standard,2026-01-10,5,True,winter,False,,0.0,,0.9998,1.0
H008,deluxe,2026-01-10,5,True,winter,False,,0.0,,0.9998,1.0
H008,premium,2026-01-10,5,True,winter,False,,0.0,,0.9998,1.0
H008,suite,2026-01-10,5,True,winter,False,,0.0,,0.9998,1.0
H008,standard,2026-01-11,6,True,winter,False,,0.0,,0.8264,1.0
H008,deluxe,2026-01-11,6,True,winter,False,,0.0,,0.8264,1.0
H008,premium,2026-01-11,6,True,winter,False,,0.0,,0.8264,1.0
H008,suite,2026-01-11,6,True,winter,False,,0.0,,0.8264,1.0
H008,standard,2026-01-12,0,False,winter,False,,0.0,,0.7763,1.0
H008,deluxe,2026-01-12,0,False,winter,False,,0.0,,0.7763,1.0
H008,premium,2026-01-12,0,False,winter,False,,0.0,,0.7763,1.0
H008,suite,2026-01-12,0,False,winter,False,,0.0,,0.7763,1.0
H008,standard,2026-01-13,1,False,winter,False,,0.0,,0.9267,0.8288
H008,deluxe,2026-01-13,1,False,winter,False,,0.0,,0.9267,0.816
H008,premium,2026-01-13,1,False,winter,False,,0.0,,0.9267,0.7948
H008,suite,2026-01-13,1,False,winter,False,,0.0,,0.9267,0.7564
H008,standard,2026-01-14,2,False,winter,True,Makar Sankranti / Pongal,0.0,,0.9524,1.0
H008,deluxe,2026-01-14,2,False,winter,True,Makar Sankranti / Pongal,0.0,,0.9524,1.0
H008,premium,2026-01-14,2,False,winter,True,Makar Sankranti / Pongal,0.0,,0.9524,1.0
H008,suite,2026-01-14,2,False,winter,True,Makar Sankranti / Pongal,0.0,,0.9524,1.0
H008,standard,2026-01-15,3,False,winter,False,,0.0,,0.9248,0.9173
H008,deluxe,2026-01-15,3,False,winter,False,,0.0,,0.9248,0.9032
H008,premium,2026-01-15,3,False,winter,False,,0.0,,0.9248,0.8796
H008,suite,2026-01-15,3,False,winter,False,,0.0,,0.9248,0.8372
H008,standard,2026-01-16,4,False,winter,False,,0.0,,0.9967,1.0
H008,deluxe,2026-01-16,4,False,winter,False,,0.0,,0.9967,1.0
H008,premium,2026-01-16,4,False,winter,False,,0.0,,0.9967,1.0
H008,suite,2026-01-16,4,False,winter,False,,0.0,,0.9967,1.0
H008,standard,2026-01-17,5,True,winter,False,,0.0,,0.8635,0.926
H008,deluxe,2026-01-17,5,True,winter,False,,0.0,,0.8635,0.9117
H008,premium,2026-01-17,5,True,winter,False,,0.0,,0.8635,0.8879
H008,suite,2026-01-17,5,True,winter,False,,0.0,,0.8635,0.8451
H008,standard,2026-01-18,6,True,winter,False,,0.0,,0.9434,0.4812
H008,deluxe,2026-01-18,6,True,winter,False,,0.0,,0.9434,0.4738
H008,premium,2026-01-18,6,True,winter,False,,0.0,,0.9434,0.4614
H008,suite,2026-01-18,6,True,winter,False,,0.0,,0.9434,0.4392
H008,standard,2026-01-19,0,False,winter,False,,0.0,,0.9602,1.0
H008,deluxe,2026-01-19,0,False,winter,False,,0.0,,0.9602,1.0
H008,premium,2026-01-19,0,False,winter,False,,0.0,,0.9602,1.0
H008,suite,2026-01-19,0,False,winter,False,,0.0,,0.9602,1.0
H008,standard,2026-01-20,1,False,winter,False,,0.0,,0.9923,1.0
H008,deluxe,2026-01-20,1,False,winter,False,,0.0,,0.9923,1.0
H008,premium,2026-01-20,1,False,winter,False,,0.0,,0.9923,1.0
H008,suite,2026-01-20,1,False,winter,False,,0.0,,0.9923,1.0
H008,standard,2026-01-21,2,False,winter,False,,0.0,,0.8824,0.8376
H008,deluxe,2026-01-21,2,False,winter,False,,0.0,,0.8824,0.8247
H008,premium,2026-01-21,2,False,winter,False,,0.0,,0.8824,0.8032
H008,suite,2026-01-21,2,False,winter,False,,0.0,,0.8824,0.7644
H008,standard,2026-01-22,3,False,winter,False,,0.0,,1.0,0.928
H008,deluxe,2026-01-22,3,False,winter,False,,0.0,,1.0,0.9137
H008,premium,2026-01-22,3,False,winter,False,,0.0,,1.0,0.8898
H008,suite,2026-01-22,3,False,winter,False,,0.0,,1.0,0.8469
H008,standard,2026-01-23,4,False,winter,False,,0.0,,1.0,0.9527
H008,deluxe,2026-01-23,4,False,winter,False,,0.0,,1.0,0.9381
H008,premium,2026-01-23,4,False,winter,False,,0.0,,1.0,0.9136
H008,suite,2026-01-23,4,False,winter,False,,0.0,,1.0,0.8695
H008,standard,2026-01-24,5,True,winter,False,,0.0,,0.8055,1.0
H008,deluxe,2026-01-24,5,True,winter,False,,0.0,,0.8055,1.0
H008,premium,2026-01-24,5,True,winter,False,,0.0,,0.8055,1.0
H008,suite,2026-01-24,5,True,winter,False,,0.0,,0.8055,1.0
H008,standard,2026-01-25,6,True,winter,False,,0.0,,0.9044,1.0
H008,deluxe,2026-01-25,6,True,winter,False,,0.0,,0.9044,1.0
H008,premium,2026-01-25,6,True,winter,False,,0.0,,0.9044,1.0
H008,suite,2026-01-25,6,True,winter,False,,0.0,,0.9044,1.0
H008,standard,2026-01-26,0,False,winter,True,Republic Day,0.0,,0.9479,0.8744
H008,deluxe,2026-01-26,0,False,winter,True,Republic Day,0.0,,0.9479,0.8609
H008,premium,2026-01-26,0,False,winter,True,Republic Day,0.0,,0.9479,0.8384
H008,suite,2026-01-26,0,False,winter,True,Republic Day,0.0,,0.9479,0.798
H008,standard,2026-01-27,1,False,winter,False,,0.0,,0.9449,1.0
H008,deluxe,2026-01-27,1,False,winter,False,,0.0,,0.9449,1.0
H008,premium,2026-01-27,1,False,winter,False,,0.0,,0.9449,1.0
H008,suite,2026-01-27,1,False,winter,False,,0.0,,0.9449,0.9676
H008,standard,2026-01-28,2,False,winter,False,,0.0,,0.8901,1.0
H008,deluxe,2026-01-28,2,False,winter,False,,0.0,,0.8901,1.0
H008,premium,2026-01-28,2,False,winter,False,,0.0,,0.8901,1.0
H008,suite,2026-01-28,2,False,winter,False,,0.0,,0.8901,1.0
H008,standard,2026-01-29,3,False,winter,False,,0.0,,0.9514,1.0
H008,deluxe,2026-01-29,3,False,winter,False,,0.0,,0.9514,1.0
H008,premium,2026-01-29,3,False,winter,False,,0.0,,0.9514,1.0
H008,suite,2026-01-29,3,False,winter,False,,0.0,,0.9514,1.0
H008,standard,2026-01-30,4,False,winter,False,,0.0,,0.9132,1.0
H008,deluxe,2026-01-30,4,False,winter,False,,0.0,,0.9132,1.0
H008,premium,2026-01-30,4,False,winter,False,,0.0,,0.9132,1.0
H008,suite,2026-01-30,4,False,winter,False,,0.0,,0.9132,1.0
H008,standard,2026-01-31,5,True,winter,False,,0.0,,0.9105,0.8573
H008,deluxe,2026-01-31,5,True,winter,False,,0.0,,0.9105,0.8441
H008,premium,2026-01-31,5,True,winter,False,,0.0,,0.9105,0.8221
H008,suite,2026-01-31,5,True,winter,False,,0.0,,0.9105,0.7824
H008,standard,2026-02-01,6,True,winter,False,,0.0,,0.9878,0.6947
H008,deluxe,2026-02-01,6,True,winter,False,,0.0,,0.9878,0.684
H008,premium,2026-02-01,6,True,winter,False,,0.0,,0.9878,0.6662
H008,suite,2026-02-01,6,True,winter,False,,0.0,,0.9878,0.6341
H008,standard,2026-02-02,0,False,winter,False,,0.0,,0.9537,0.7259
H008,deluxe,2026-02-02,0,False,winter,False,,0.0,,0.9537,0.7147
H008,premium,2026-02-02,0,False,winter,False,,0.0,,0.9537,0.6961
H008,suite,2026-02-02,0,False,winter,False,,0.0,,0.9537,0.6625
H008,standard,2026-02-03,1,False,winter,False,,0.0,,0.9284,1.0
H008,deluxe,2026-02-03,1,False,winter,False,,0.0,,0.9284,1.0
H008,premium,2026-02-03,1,False,winter,False,,0.0,,0.9284,1.0
H008,suite,2026-02-03,1,False,winter,False,,0.0,,0.9284,1.0
H008,standard,2026-02-04,2,False,winter,False,,0.0,,0.9723,1.0
H008,deluxe,2026-02-04,2,False,winter,False,,0.0,,0.9723,1.0
H008,premium,2026-02-04,2,False,winter,False,,0.0,,0.9723,1.0
H008,suite,2026-02-04,2,False,winter,False,,0.0,,0.9723,1.0
H008,standard,2026-02-05,3,False,winter,False,,0.0,,0.9837,0.8015
H008,deluxe,2026-02-05,3,False,winter,False,,0.0,,0.9837,0.7891
H008,premium,2026-02-05,3,False,winter,False,,0.0,,0.9837,0.7685
H008,suite,2026-02-05,3,False,winter,False,,0.0,,0.9837,0.7315
H008,standard,2026-02-06,4,False,winter,False,,0.0,,0.8411,0.723
H008,deluxe,2026-02-06,4,False,winter,False,,0.0,,0.8411,0.7118
H008,premium,2026-02-06,4,False,winter,False,,0.0,,0.8411,0.6933
H008,suite,2026-02-06,4,False,winter,False,,0.0,,0.8411,0.6599
H008,standard,2026-02-07,5,True,winter,False,,0.0,,0.9312,1.0
H008,deluxe,2026-02-07,5,True,winter,False,,0.0,,0.9312,1.0
H008,premium,2026-02-07,5,True,winter,False,,0.0,,0.9312,1.0
H008,suite,2026-02-07,5,True,winter,False,,0.0,,0.9312,1.0
H008,standard,2026-02-08,6,True,winter,False,,0.0,,1.0,1.0
H008,deluxe,2026-02-08,6,True,winter,False,,0.0,,1.0,1.0
H008,premium,2026-02-08,6,True,winter,False,,0.0,,1.0,1.0
H008,suite,2026-02-08,6,True,winter,False,,0.0,,1.0,1.0
H008,standard,2026-02-09,0,False,winter,False,,0.0,,0.822,0.8952
H008,deluxe,2026-02-09,0,False,winter,False,,0.0,,0.822,0.8814
H008,premium,2026-02-09,0,False,winter,False,,0.0,,0.822,0.8584
H008,suite,2026-02-09,0,False,winter,False,,0.0,,0.822,0.817
H008,standard,2026-02-10,1,False,winter,False,,0.7,Aero India,0.972,1.0
H008,deluxe,2026-02-10,1,False,winter,False,,0.7,Aero India,0.972,1.0
H008,premium,2026-02-10,1,False,winter,False,,0.7,Aero India,0.972,1.0
H008,suite,2026-02-10,1,False,winter,False,,0.7,Aero India,0.972,1.0
H008,standard,2026-02-11,2,False,winter,False,,0.7,Aero India,0.9496,1.0
H008,deluxe,2026-02-11,2,False,winter,False,,0.7,Aero India,0.9496,1.0
H008,premium,2026-02-11,2,False,winter,False,,0.7,Aero India,0.9496,1.0
H008,suite,2026-02-11,2,False,winter,False,,0.7,Aero India,0.9496,1.0
H008,standard,2026-02-12,3,False,winter,False,,0.7,Aero India,0.9444,1.0
H008,deluxe,2026-02-12,3,False,winter,False,,0.7,Aero India,0.9444,1.0
H008,premium,2026-02-12,3,False,winter,False,,0.7,Aero India,0.9444,1.0
H008,suite,2026-02-12,3,False,winter,False,,0.7,Aero India,0.9444,1.0
H008,standard,2026-02-13,4,False,winter,False,,0.7,Aero India,0.9246,1.0
H008,deluxe,2026-02-13,4,False,winter,False,,0.7,Aero India,0.9246,1.0
H008,premium,2026-02-13,4,False,winter,False,,0.7,Aero India,0.9246,1.0
H008,suite,2026-02-13,4,False,winter,False,,0.7,Aero India,0.9246,1.0
H008,standard,2026-02-14,5,True,winter,False,,0.7,Aero India,0.9619,1.0
H008,deluxe,2026-02-14,5,True,winter,False,,0.7,Aero India,0.9619,1.0
H008,premium,2026-02-14,5,True,winter,False,,0.7,Aero India,0.9619,1.0
H008,suite,2026-02-14,5,True,winter,False,,0.7,Aero India,0.9619,1.0
H008,standard,2026-02-15,6,True,winter,True,Maha Shivaratri,0.0,,0.9265,1.0
H008,deluxe,2026-02-15,6,True,winter,True,Maha Shivaratri,0.0,,0.9265,1.0
H008,premium,2026-02-15,6,True,winter,True,Maha Shivaratri,0.0,,0.9265,1.0
H008,suite,2026-02-15,6,True,winter,True,Maha Shivaratri,0.0,,0.9265,0.9795
H008,standard,2026-02-16,0,False,winter,False,,0.0,,0.9444,0.6891
H008,deluxe,2026-02-16,0,False,winter,False,,0.0,,0.9444,0.6785
H008,premium,2026-02-16,0,False,winter,False,,0.0,,0.9444,0.6608
H008,suite,2026-02-16,0,False,winter,False,,0.0,,0.9444,0.6289
H008,standard,2026-02-17,1,False,winter,False,,0.0,,0.9283,0.904
H008,deluxe,2026-02-17,1,False,winter,False,,0.0,,0.9283,0.8901
H008,premium,2026-02-17,1,False,winter,False,,0.0,,0.9283,0.8669
H008,suite,2026-02-17,1,False,winter,False,,0.0,,0.9283,0.8251
H008,standard,2026-02-18,2,False,winter,False,,0.0,,0.998,1.0
H008,deluxe,2026-02-18,2,False,winter,False,,0.0,,0.998,1.0
H008,premium,2026-02-18,2,False,winter,False,,0.0,,0.998,1.0
H008,suite,2026-02-18,2,False,winter,False,,0.0,,0.998,1.0
H008,standard,2026-02-19,3,False,winter,False,,0.0,,0.8651,1.0
H008,deluxe,2026-02-19,3,False,winter,False,,0.0,,0.8651,1.0
H008,premium,2026-02-19,3,False,winter,False,,0.0,,0.8651,1.0
H008,suite,2026-02-19,3,False,winter,False,,0.0,,0.8651,1.0
H008,standard,2026-02-20,4,False,winter,False,,0.0,,0.9475,1.0
H008,deluxe,2026-02-20,4,False,winter,False,,0.0,,0.9475,1.0
H008,premium,2026-02-20,4,False,winter,False,,0.0,,0.9475,1.0
H008,suite,2026-02-20,4,False,winter,False,,0.0,,0.9475,1.0
H008,standard,2026-02-21,5,True,winter,False,,0.0,,0.9991,1.0
H008,deluxe,2026-02-21,5,True,winter,False,,0.0,,0.9991,1.0
H008,premium,2026-02-21,5,True,winter,False,,0.0,,0.9991,1.0
H008,suite,2026-02-21,5,True,winter,False,,0.0,,0.9991,1.0
H008,standard,2026-02-22,6,True,winter,False,,0.0,,0.7741,0.7574
H008,deluxe,2026-02-22,6,True,winter,False,,0.0,,0.7741,0.7458
H008,premium,2026-02-22,6,True,winter,False,,0.0,,0.7741,0.7263
H008,suite,2026-02-22,6,True,winter,False,,0.0,,0.7741,0.6913
H008,standard,2026-02-23,0,False,winter,False,,0.0,,0.797,0.732
H008,deluxe,2026-02-23,0,False,winter,False,,0.0,,0.797,0.7207
H008,premium,2026-02-23,0,False,winter,False,,0.0,,0.797,0.7019
H008,suite,2026-02-23,0,False,winter,False,,0.0,,0.797,0.6681
H008,standard,2026-02-24,1,False,winter,False,,0.0,,0.9846,0.767
H008,deluxe,2026-02-24,1,False,winter,False,,0.0,,0.9846,0.7552
H008,premium,2026-02-24,1,False,winter,False,,0.0,,0.9846,0.7355
H008,suite,2026-02-24,1,False,winter,False,,0.0,,0.9846,0.7
H008,standard,2026-02-25,2,False,winter,False,,0.0,,0.9348,1.0
H008,deluxe,2026-02-25,2,False,winter,False,,0.0,,0.9348,1.0
H008,premium,2026-02-25,2,False,winter,False,,0.0,,0.9348,0.9803
H008,suite,2026-02-25,2,False,winter,False,,0.0,,0.9348,0.9331
H008,standard,2026-02-26,3,False,winter,False,,0.0,,0.9263,0.5696
H008,deluxe,2026-02-26,3,False,winter,False,,0.0,,0.9263,0.5609
H008,premium,2026-02-26,3,False,winter,False,,0.0,,0.9263,0.5462
H008,suite,2026-02-26,3,False,winter,False,,0.0,,0.9263,0.5199
H008,standard,2026-02-27,4,False,winter,False,,0.0,,0.8206,0.8768
H008,deluxe,2026-02-27,4,False,winter,False,,0.0,,0.8206,0.8633
H008,premium,2026-02-27,4,False,winter,False,,0.0,,0.8206,0.8408
H008,suite,2026-02-27,4,False,winter,False,,0.0,,0.8206,0.8002
H008,standard,2026-02-28,5,True,winter,False,,0.0,,0.8644,1.0
H008,deluxe,2026-02-28,5,True,winter,False,,0.0,,0.8644,1.0
H008,premium,2026-02-28,5,True,winter,False,,0.0,,0.8644,1.0
H008,suite,2026-02-28,5,True,winter,False,,0.0,,0.8644,1.0
H008,standard,2026-03-01,6,True,summer,False,,0.0,,0.7993,0.9117
H008,deluxe,2026-03-01,6,True,summer,False,,0.0,,0.7993,0.8977
H008,premium,2026-03-01,6,True,summer,False,,0.0,,0.7993,0.8743
H008,suite,2026-03-01,6,True,summer,False,,0.0,,0.7993,0.8321
H008,standard,2026-03-02,0,False,summer,False,,0.0,,0.7854,0.8959
H008,deluxe,2026-03-02,0,False,summer,False,,0.0,,0.7854,0.8821
H008,premium,2026-03-02,0,False,summer,False,,0.0,,0.7854,0.859
H008,suite,2026-03-02,0,False,summer,False,,0.0,,0.7854,0.8176
H008,standard,2026-03-03,1,False,summer,False,,0.0,,0.6922,0.4287
H008,deluxe,2026-03-03,1,False,summer,False,,0.0,,0.6922,0.422
H008,premium,2026-03-03,1,False,summer,False,,0.0,,0.6922,0.411
H008,suite,2026-03-03,1,False,summer,False,,0.0,,0.6922,0.3912
H008,standard,2026-03-04,2,False,summer,True,Holi,0.0,,0.6778,1.0
H008,deluxe,2026-03-04,2,False,summer,True,Holi,0.0,,0.6778,1.0
H008,premium,2026-03-04,2,False,summer,True,Holi,0.0,,0.6778,1.0
H008,suite,2026-03-04,2,False,summer,True,Holi,0.0,,0.6778,1.0
H008,standard,2026-03-05,3,False,summer,False,,0.0,,0.8022,1.0
H008,deluxe,2026-03-05,3,False,summer,False,,0.0,,0.8022,1.0
H008,premium,2026-03-05,3,False,summer,False,,0.0,,0.8022,1.0
H008,suite,2026-03-05,3,False,summer,False,,0.0,,0.8022,1.0
H008,standard,2026-03-06,4,False,summer,False,,0.0,,0.7426,1.0
H008,deluxe,2026-03-06,4,False,summer,False,,0.0,,0.7426,1.0
H008,premium,2026-03-06,4,False,summer,False,,0.0,,0.7426,1.0
H008,suite,2026-03-06,4,False,summer,False,,0.0,,0.7426,1.0
H008,standard,2026-03-07,5,True,summer,False,,0.0,,0.7583,1.0
H008,deluxe,2026-03-07,5,True,summer,False,,0.0,,0.7583,1.0
H008,premium,2026-03-07,5,True,summer,False,,0.0,,0.7583,1.0
H008,suite,2026-03-07,5,True,summer,False,,0.0,,0.7583,1.0
H008,standard,2026-03-08,6,True,summer,False,,0.0,,0.938,0.7961
H008,deluxe,2026-03-08,6,True,summer,False,,0.0,,0.938,0.7838
H008,premium,2026-03-08,6,True,summer,False,,0.0,,0.938,0.7634
H008,suite,2026-03-08,6,True,summer,False,,0.0,,0.938,0.7266
H008,standard,2026-03-09,0,False,summer,False,,0.0,,0.7655,0.9567
H008,deluxe,2026-03-09,0,False,summer,False,,0.0,,0.7655,0.942
H008,premium,2026-03-09,0,False,summer,False,,0.0,,0.7655,0.9174
H008,suite,2026-03-09,0,False,summer,False,,0.0,,0.7655,0.8732
H008,standard,2026-03-10,1,False,summer,False,,0.0,,0.7133,0.8024
H008,deluxe,2026-03-10,1,False,summer,False,,0.0,,0.7133,0.7901
H008,premium,2026-03-10,1,False,summer,False,,0.0,,0.7133,0.7694
H008,suite,2026-03-10,1,False,summer,False,,0.0,,0.7133,0.7323
H008,standard,2026-03-11,2,False,summer,False,,0.0,,0.7605,0.9696
H008,deluxe,2026-03-11,2,False,summer,False,,0.0,,0.7605,0.9546
H008,premium,2026-03-11,2,False,summer,False,,0.0,,0.7605,0.9297
H008,suite,2026-03-11,2,False,summer,False,,0.0,,0.7605,0.8849
H008,standard,2026-03-12,3,False,summer,False,,0.0,,0.7447,0.6898
H008,deluxe,2026-03-12,3,False,summer,False,,0.0,,0.7447,0.6792
H008,premium,2026-03-12,3,False,summer,False,,0.0,,0.7447,0.6615
H008,suite,2026-03-12,3,False,summer,False,,0.0,,0.7447,0.6296
H008,standard,2026-03-13,4,False,summer,False,,0.0,,0.6971,0.7141
H008,deluxe,2026-03-13,4,False,summer,False,,0.0,,0.6971,0.7031
H008,premium,2026-03-13,4,False,summer,False,,0.0,,0.6971,0.6848
H008,suite,2026-03-13,4,False,summer,False,,0.0,,0.6971,0.6518
H008,standard,2026-03-14,5,True,summer,False,,0.0,,0.7247,0.683
H008,deluxe,2026-03-14,5,True,summer,False,,0.0,,0.7247,0.6725
H008,premium,2026-03-14,5,True,summer,False,,0.0,,0.7247,0.655
H008,suite,2026-03-14,5,True,summer,False,,0.0,,0.7247,0.6234
H008,standard,2026-03-15,6,True,summer,False,,0.0,,0.6838,0.9666
H008,deluxe,2026-03-15,6,True,summer,False,,0.0,,0.6838,0.9517
H008,premium,2026-03-15,6,True,summer,False,,0.0,,0.6838,0.9269
H008,suite,2026-03-15,6,True,summer,False,,0.0,,0.6838,0.8822
H008,standard,2026-03-16,0,False,summer,False,,0.0,,0.6467,0.8947
H008,deluxe,2026-03-16,0,False,summer,False,,0.0,,0.6467,0.8809
H008,premium,2026-03-16,0,False,summer,False,,0.0,,0.6467,0.8579
H008,suite,2026-03-16,0,False,summer,False,,0.0,,0.6467,0.8166
H008,standard,2026-03-17,1,False,summer,False,,0.0,,0.8571,0.819
H008,deluxe,2026-03-17,1,False,summer,False,,0.0,,0.8571,0.8064
H008,premium,2026-03-17,1,False,summer,False,,0.0,,0.8571,0.7853
H008,suite,2026-03-17,1,False,summer,False,,0.0,,0.8571,0.7475
H008,standard,2026-03-18,2,False,summer,False,,0.0,,0.7649,0.6709
H008,deluxe,2026-03-18,2,False,summer,False,,0.0,,0.7649,0.6606
H008,premium,2026-03-18,2,False,summer,False,,0.0,,0.7649,0.6433
H008,suite,2026-03-18,2,False,summer,False,,0.0,,0.7649,0.6123
H008,standard,2026-03-19,3,False,summer,False,,0.0,,0.7659,0.5851
H008,deluxe,2026-03-19,3,False,summer,False,,0.0,,0.7659,0.576
H008,premium,2026-03-19,3,False,summer,False,,0.0,,0.7659,0.561
H008,suite,2026-03-19,3,False,summer,False,,0.0,,0.7659,0.534
H008,standard,2026-03-20,4,False,summer,False,,0.0,,0.8151,1.0
H008,deluxe,2026-03-20,4,False,summer,False,,0.0,,0.8151,1.0
H008,premium,2026-03-20,4,False,summer,False,,0.0,,0.8151,1.0
H008,suite,2026-03-20,4,False,summer,False,,0.0,,0.8151,1.0
H008,standard,2026-03-21,5,True,summer,True,Eid al-Fitr,0.0,,0.8169,1.0
H008,deluxe,2026-03-21,5,True,summer,True,Eid al-Fitr,0.0,,0.8169,1.0
H008,premium,2026-03-21,5,True,summer,True,Eid al-Fitr,0.0,,0.8169,1.0
H008,suite,2026-03-21,5,True,summer,True,Eid al-Fitr,0.0,,0.8169,1.0
H008,standard,2026-03-22,6,True,summer,False,,0.0,,0.8168,0.9548
H008,deluxe,2026-03-22,6,True,summer,False,,0.0,,0.8168,0.9401
H008,premium,2026-03-22,6,True,summer,False,,0.0,,0.8168,0.9156
H008,suite,2026-03-22,6,True,summer,False,,0.0,,0.8168,0.8715
H008,standard,2026-03-23,0,False,summer,False,,0.0,,0.7515,0.9498
H008,deluxe,2026-03-23,0,False,summer,False,,0.0,,0.7515,0.9352
H008,premium,2026-03-23,0,False,summer,False,,0.0,,0.7515,0.9108
H008,suite,2026-03-23,0,False,summer,False,,0.0,,0.7515,0.8669
H008,standard,2026-03-24,1,False,summer,False,,0.0,,0.6671,0.8925
H008,deluxe,2026-03-24,1,False,summer,False,,0.0,,0.6671,0.8787
H008,premium,2026-03-24,1,False,summer,False,,0.0,,0.6671,0.8558
H008,suite,2026-03-24,1,False,summer,False,,0.0,,0.6671,0.8145
H008,standard,2026-03-25,2,False,summer,False,,0.0,,0.8283,1.0
H008,deluxe,2026-03-25,2,False,summer,False,,0.0,,0.8283,1.0
H008,premium,2026-03-25,2,False,summer,False,,0.0,,0.8283,1.0
H008,suite,2026-03-25,2,False,summer,False,,0.0,,0.8283,1.0
H008,standard,2026-03-26,3,False,summer,True,Ram Navami,0.0,,0.7788,0.7086
H008,deluxe,2026-03-26,3,False,summer,True,Ram Navami,0.0,,0.7788,0.6977
H008,premium,2026-03-26,3,False,summer,True,Ram Navami,0.0,,0.7788,0.6795
H008,suite,2026-03-26,3,False,summer,True,Ram Navami,0.0,,0.7788,0.6467
H008,standard,2026-03-27,4,False,summer,False,,0.0,,0.7496,0.861
H008,deluxe,2026-03-27,4,False,summer,False,,0.0,,0.7496,0.8478
H008,premium,2026-03-27,4,False,summer,False,,0.0,,0.7496,0.8257
H008,suite,2026-03-27,4,False,summer,False,,0.0,,0.7496,0.7859
H008,standard,2026-03-28,5,True,summer,False,,0.0,,0.7613,1.0
H008,deluxe,2026-03-28,5,True,summer,False,,0.0,,0.7613,0.9975
H008,premium,2026-03-28,5,True,summer,False,,0.0,,0.7613,0.9715
H008,suite,2026-03-28,5,True,summer,False,,0.0,,0.7613,0.9246
H008,standard,2026-03-29,6,True,summer,False,,0.0,,0.6265,1.0
H008,deluxe,2026-03-29,6,True,summer,False,,0.0,,0.6265,1.0
H008,premium,2026-03-29,6,True,summer,False,,0.0,,0.6265,1.0
H008,suite,2026-03-29,6,True,summer,False,,0.0,,0.6265,0.9569
H008,standard,2026-03-30,0,False,summer,False,,0.0,,0.775,0.5529
H008,deluxe,2026-03-30,0,False,summer,False,,0.0,,0.775,0.5444
H008,premium,2026-03-30,0,False,summer,False,,0.0,,0.775,0.5302
H008,suite,2026-03-30,0,False,summer,False,,0.0,,0.775,0.5046
H008,standard,2026-03-31,1,False,summer,False,,0.0,,0.7353,0.9328
H008,deluxe,2026-03-31,1,False,summer,False,,0.0,,0.7353,0.9184
H008,premium,2026-03-31,1,False,summer,False,,0.0,,0.7353,0.8944
H008,suite,2026-03-31,1,False,summer,False,,0.0,,0.7353,0.8513
H008,standard,2026-04-01,2,False,summer,False,,0.45,IPL Home Fixtures,0.6837,1.0
H008,deluxe,2026-04-01,2,False,summer,False,,0.45,IPL Home Fixtures,0.6837,1.0
H008,premium,2026-04-01,2,False,summer,False,,0.45,IPL Home Fixtures,0.6837,1.0
H008,suite,2026-04-01,2,False,summer,False,,0.45,IPL Home Fixtures,0.6837,1.0
H008,standard,2026-04-02,3,False,summer,False,,0.45,IPL Home Fixtures,0.7623,1.0
H008,deluxe,2026-04-02,3,False,summer,False,,0.45,IPL Home Fixtures,0.7623,1.0
H008,premium,2026-04-02,3,False,summer,False,,0.45,IPL Home Fixtures,0.7623,1.0
H008,suite,2026-04-02,3,False,summer,False,,0.45,IPL Home Fixtures,0.7623,0.9901
H008,standard,2026-04-03,4,False,summer,True,Good Friday,0.45,IPL Home Fixtures,0.6982,1.0
H008,deluxe,2026-04-03,4,False,summer,True,Good Friday,0.45,IPL Home Fixtures,0.6982,1.0
H008,premium,2026-04-03,4,False,summer,True,Good Friday,0.45,IPL Home Fixtures,0.6982,1.0
H008,suite,2026-04-03,4,False,summer,True,Good Friday,0.45,IPL Home Fixtures,0.6982,1.0
H008,standard,2026-04-04,5,True,summer,False,,0.45,IPL Home Fixtures,0.7232,1.0
H008,deluxe,2026-04-04,5,True,summer,False,,0.45,IPL Home Fixtures,0.7232,1.0
H008,premium,2026-04-04,5,True,summer,False,,0.45,IPL Home Fixtures,0.7232,1.0
H008,suite,2026-04-04,5,True,summer,False,,0.45,IPL Home Fixtures,0.7232,1.0
H008,standard,2026-04-05,6,True,summer,False,,0.45,IPL Home Fixtures,0.8273,1.0
H008,deluxe,2026-04-05,6,True,summer,False,,0.45,IPL Home Fixtures,0.8273,1.0
H008,premium,2026-04-05,6,True,summer,False,,0.45,IPL Home Fixtures,0.8273,1.0
H008,suite,2026-04-05,6,True,summer,False,,0.45,IPL Home Fixtures,0.8273,1.0
H008,standard,2026-04-06,0,False,summer,False,,0.45,IPL Home Fixtures,0.8572,0.7688
H008,deluxe,2026-04-06,0,False,summer,False,,0.45,IPL Home Fixtures,0.8572,0.7569
H008,premium,2026-04-06,0,False,summer,False,,0.45,IPL Home Fixtures,0.8572,0.7372
H008,suite,2026-04-06,0,False,summer,False,,0.45,IPL Home Fixtures,0.8572,0.7016
H008,standard,2026-04-07,1,False,summer,False,,0.45,IPL Home Fixtures,0.7846,0.7794
H008,deluxe,2026-04-07,1,False,summer,False,,0.45,IPL Home Fixtures,0.7846,0.7674
H008,premium,2026-04-07,1,False,summer,False,,0.45,IPL Home Fixtures,0.7846,0.7474
H008,suite,2026-04-07,1,False,summer,False,,0.45,IPL Home Fixtures,0.7846,0.7113
H008,standard,2026-04-08,2,False,summer,False,,0.45,IPL Home Fixtures,0.806,1.0
H008,deluxe,2026-04-08,2,False,summer,False,,0.45,IPL Home Fixtures,0.806,1.0
H008,premium,2026-04-08,2,False,summer,False,,0.45,IPL Home Fixtures,0.806,1.0
H008,suite,2026-04-08,2,False,summer,False,,0.45,IPL Home Fixtures,0.806,1.0
H008,standard,2026-04-09,3,False,summer,False,,0.45,IPL Home Fixtures,0.6731,1.0
H008,deluxe,2026-04-09,3,False,summer,False,,0.45,IPL Home Fixtures,0.6731,1.0
H008,premium,2026-04-09,3,False,summer,False,,0.45,IPL Home Fixtures,0.6731,1.0
H008,suite,2026-04-09,3,False,summer,False,,0.45,IPL Home Fixtures,0.6731,1.0
H008,standard,2026-04-10,4,False,summer,False,,0.45,IPL Home Fixtures,0.8208,1.0
H008,deluxe,2026-04-10,4,False,summer,False,,0.45,IPL Home Fixtures,0.8208,1.0
H008,premium,2026-04-10,4,False,summer,False,,0.45,IPL Home Fixtures,0.8208,1.0
H008,suite,2026-04-10,4,False,summer,False,,0.45,IPL Home Fixtures,0.8208,1.0
H008,standard,2026-04-11,5,True,summer,False,,0.45,IPL Home Fixtures,0.8021,1.0
H008,deluxe,2026-04-11,5,True,summer,False,,0.45,IPL Home Fixtures,0.8021,1.0
H008,premium,2026-04-11,5,True,summer,False,,0.45,IPL Home Fixtures,0.8021,1.0
H008,suite,2026-04-11,5,True,summer,False,,0.45,IPL Home Fixtures,0.8021,0.9701
H008,standard,2026-04-12,6,True,summer,False,,0.45,IPL Home Fixtures,0.6633,1.0
H008,deluxe,2026-04-12,6,True,summer,False,,0.45,IPL Home Fixtures,0.6633,1.0
H008,premium,2026-04-12,6,True,summer,False,,0.45,IPL Home Fixtures,0.6633,1.0
H008,suite,2026-04-12,6,True,summer,False,,0.45,IPL Home Fixtures,0.6633,1.0
H008,standard,2026-04-13,0,False,summer,False,,0.45,IPL Home Fixtures,0.8022,0.5692
H008,deluxe,2026-04-13,0,False,summer,False,,0.45,IPL Home Fixtures,0.8022,0.5604
H008,premium,2026-04-13,0,False,summer,False,,0.45,IPL Home Fixtures,0.8022,0.5458
H008,suite,2026-04-13,0,False,summer,False,,0.45,IPL Home Fixtures,0.8022,0.5195
H008,standard,2026-04-14,1,False,summer,True,Ambedkar Jayanti,0.45,IPL Home Fixtures,0.7429,1.0
H008,deluxe,2026-04-14,1,False,summer,True,Ambedkar Jayanti,0.45,IPL Home Fixtures,0.7429,1.0
H008,premium,2026-04-14,1,False,summer,True,Ambedkar Jayanti,0.45,IPL Home Fixtures,0.7429,1.0
H008,suite,2026-04-14,1,False,summer,True,Ambedkar Jayanti,0.45,IPL Home Fixtures,0.7429,1.0
H008,standard,2026-04-15,2,False,summer,False,,0.45,IPL Home Fixtures,0.7152,1.0
H008,deluxe,2026-04-15,2,False,summer,False,,0.45,IPL Home Fixtures,0.7152,1.0
H008,premium,2026-04-15,2,False,summer,False,,0.45,IPL Home Fixtures,0.7152,1.0
H008,suite,2026-04-15,2,False,summer,False,,0.45,IPL Home Fixtures,0.7152,1.0
H008,standard,2026-04-16,3,False,summer,False,,0.45,IPL Home Fixtures,0.8404,1.0
H008,deluxe,2026-04-16,3,False,summer,False,,0.45,IPL Home Fixtures,0.8404,1.0
H008,premium,2026-04-16,3,False,summer,False,,0.45,IPL Home Fixtures,0.8404,1.0
H008,suite,2026-04-16,3,False,summer,False,,0.45,IPL Home Fixtures,0.8404,1.0
H008,standard,2026-04-17,4,False,summer,False,,0.45,IPL Home Fixtures,0.7807,1.0
H008,deluxe,2026-04-17,4,False,summer,False,,0.45,IPL Home Fixtures,0.7807,1.0
H008,premium,2026-04-17,4,False,summer,False,,0.45,IPL Home Fixtures,0.7807,1.0
H008,suite,2026-04-17,4,False,summer,False,,0.45,IPL Home Fixtures,0.7807,1.0
H008,standard,2026-04-18,5,True,summer,False,,0.45,IPL Home Fixtures,0.7279,1.0
H008,deluxe,2026-04-18,5,True,summer,False,,0.45,IPL Home Fixtures,0.7279,1.0
H008,premium,2026-04-18,5,True,summer,False,,0.45,IPL Home Fixtures,0.7279,1.0
H008,suite,2026-04-18,5,True,summer,False,,0.45,IPL Home Fixtures,0.7279,1.0
H008,standard,2026-04-19,6,True,summer,False,,0.45,IPL Home Fixtures,0.7085,1.0
H008,deluxe,2026-04-19,6,True,summer,False,,0.45,IPL Home Fixtures,0.7085,1.0
H008,premium,2026-04-19,6,True,summer,False,,0.45,IPL Home Fixtures,0.7085,1.0
H008,suite,2026-04-19,6,True,summer,False,,0.45,IPL Home Fixtures,0.7085,1.0
H008,standard,2026-04-20,0,False,summer,False,,0.45,IPL Home Fixtures,0.7612,1.0
H008,deluxe,2026-04-20,0,False,summer,False,,0.45,IPL Home Fixtures,0.7612,1.0
H008,premium,2026-04-20,0,False,summer,False,,0.45,IPL Home Fixtures,0.7612,1.0
H008,suite,2026-04-20,0,False,summer,False,,0.45,IPL Home Fixtures,0.7612,1.0
H008,standard,2026-04-21,1,False,summer,False,,0.45,IPL Home Fixtures,0.6509,1.0
H008,deluxe,2026-04-21,1,False,summer,False,,0.45,IPL Home Fixtures,0.6509,1.0
H008,premium,2026-04-21,1,False,summer,False,,0.45,IPL Home Fixtures,0.6509,1.0
H008,suite,2026-04-21,1,False,summer,False,,0.45,IPL Home Fixtures,0.6509,1.0
H008,standard,2026-04-22,2,False,summer,False,,0.45,IPL Home Fixtures,0.7395,1.0
H008,deluxe,2026-04-22,2,False,summer,False,,0.45,IPL Home Fixtures,0.7395,1.0
H008,premium,2026-04-22,2,False,summer,False,,0.45,IPL Home Fixtures,0.7395,1.0
H008,suite,2026-04-22,2,False,summer,False,,0.45,IPL Home Fixtures,0.7395,1.0
H008,standard,2026-04-23,3,False,summer,False,,0.45,IPL Home Fixtures,0.7004,1.0
H008,deluxe,2026-04-23,3,False,summer,False,,0.45,IPL Home Fixtures,0.7004,1.0
H008,premium,2026-04-23,3,False,summer,False,,0.45,IPL Home Fixtures,0.7004,1.0
H008,suite,2026-04-23,3,False,summer,False,,0.45,IPL Home Fixtures,0.7004,0.9705
H008,standard,2026-04-24,4,False,summer,False,,0.45,IPL Home Fixtures,0.6495,1.0
H008,deluxe,2026-04-24,4,False,summer,False,,0.45,IPL Home Fixtures,0.6495,1.0
H008,premium,2026-04-24,4,False,summer,False,,0.45,IPL Home Fixtures,0.6495,1.0
H008,suite,2026-04-24,4,False,summer,False,,0.45,IPL Home Fixtures,0.6495,1.0
H008,standard,2026-04-25,5,True,summer,False,,0.45,IPL Home Fixtures,0.7691,1.0
H008,deluxe,2026-04-25,5,True,summer,False,,0.45,IPL Home Fixtures,0.7691,1.0
H008,premium,2026-04-25,5,True,summer,False,,0.45,IPL Home Fixtures,0.7691,1.0
H008,suite,2026-04-25,5,True,summer,False,,0.45,IPL Home Fixtures,0.7691,1.0
H008,standard,2026-04-26,6,True,summer,False,,0.45,IPL Home Fixtures,0.7964,1.0
H008,deluxe,2026-04-26,6,True,summer,False,,0.45,IPL Home Fixtures,0.7964,1.0
H008,premium,2026-04-26,6,True,summer,False,,0.45,IPL Home Fixtures,0.7964,1.0
H008,suite,2026-04-26,6,True,summer,False,,0.45,IPL Home Fixtures,0.7964,1.0
H008,standard,2026-04-27,0,False,summer,False,,0.45,IPL Home Fixtures,0.6619,1.0
H008,deluxe,2026-04-27,0,False,summer,False,,0.45,IPL Home Fixtures,0.6619,1.0
H008,premium,2026-04-27,0,False,summer,False,,0.45,IPL Home Fixtures,0.6619,1.0
H008,suite,2026-04-27,0,False,summer,False,,0.45,IPL Home Fixtures,0.6619,1.0
H008,standard,2026-04-28,1,False,summer,False,,0.45,IPL Home Fixtures,0.7849,0.9408
H008,deluxe,2026-04-28,1,False,summer,False,,0.45,IPL Home Fixtures,0.7849,0.9263
H008,premium,2026-04-28,1,False,summer,False,,0.45,IPL Home Fixtures,0.7849,0.9022
H008,suite,2026-04-28,1,False,summer,False,,0.45,IPL Home Fixtures,0.7849,0.8587
H008,standard,2026-04-29,2,False,summer,False,,0.45,IPL Home Fixtures,0.7567,0.7584
H008,deluxe,2026-04-29,2,False,summer,False,,0.45,IPL Home Fixtures,0.7567,0.7467
H008,premium,2026-04-29,2,False,summer,False,,0.45,IPL Home Fixtures,0.7567,0.7272
H008,suite,2026-04-29,2,False,summer,False,,0.45,IPL Home Fixtures,0.7567,0.6922
H008,standard,2026-04-30,3,False,summer,False,,0.45,IPL Home Fixtures,0.6484,1.0
H008,deluxe,2026-04-30,3,False,summer,False,,0.45,IPL Home Fixtures,0.6484,1.0
H008,premium,2026-04-30,3,False,summer,False,,0.45,IPL Home Fixtures,0.6484,1.0
H008,suite,2026-04-30,3,False,summer,False,,0.45,IPL Home Fixtures,0.6484,1.0
H008,standard,2026-05-01,4,False,summer,True,Buddha Purnima,0.45,IPL Home Fixtures,0.8159,1.0
H008,deluxe,2026-05-01,4,False,summer,True,Buddha Purnima,0.45,IPL Home Fixtures,0.8159,1.0
H008,premium,2026-05-01,4,False,summer,True,Buddha Purnima,0.45,IPL Home Fixtures,0.8159,1.0
H008,suite,2026-05-01,4,False,summer,True,Buddha Purnima,0.45,IPL Home Fixtures,0.8159,1.0
H008,standard,2026-05-02,5,True,summer,False,,0.45,IPL Home Fixtures,0.7859,0.934
H008,deluxe,2026-05-02,5,True,summer,False,,0.45,IPL Home Fixtures,0.7859,0.9197
H008,premium,2026-05-02,5,True,summer,False,,0.45,IPL Home Fixtures,0.7859,0.8957
H008,suite,2026-05-02,5,True,summer,False,,0.45,IPL Home Fixtures,0.7859,0.8525
H008,standard,2026-05-03,6,True,summer,False,,0.45,IPL Home Fixtures,0.706,1.0
H008,deluxe,2026-05-03,6,True,summer,False,,0.45,IPL Home Fixtures,0.706,1.0
H008,premium,2026-05-03,6,True,summer,False,,0.45,IPL Home Fixtures,0.706,1.0
H008,suite,2026-05-03,6,True,summer,False,,0.45,IPL Home Fixtures,0.706,1.0
H008,standard,2026-05-04,0,False,summer,False,,0.45,IPL Home Fixtures,0.7988,1.0
H008,deluxe,2026-05-04,0,False,summer,False,,0.45,IPL Home Fixtures,0.7988,1.0
H008,premium,2026-05-04,0,False,summer,False,,0.45,IPL Home Fixtures,0.7988,1.0
H008,suite,2026-05-04,0,False,summer,False,,0.45,IPL Home Fixtures,0.7988,1.0
H008,standard,2026-05-05,1,False,summer,False,,0.45,IPL Home Fixtures,0.7443,0.8552
H008,deluxe,2026-05-05,1,False,summer,False,,0.45,IPL Home Fixtures,0.7443,0.842
H008,premium,2026-05-05,1,False,summer,False,,0.45,IPL Home Fixtures,0.7443,0.8201
H008,suite,2026-05-05,1,False,summer,False,,0.45,IPL Home Fixtures,0.7443,0.7805
H008,standard,2026-05-06,2,False,summer,False,,0.45,IPL Home Fixtures,0.7711,1.0
H008,deluxe,2026-05-06,2,False,summer,False,,0.45,IPL Home Fixtures,0.7711,1.0
H008,premium,2026-05-06,2,False,summer,False,,0.45,IPL Home Fixtures,0.7711,1.0
H008,suite,2026-05-06,2,False,summer,False,,0.45,IPL Home Fixtures,0.7711,1.0
H008,standard,2026-05-07,3,False,summer,False,,0.45,IPL Home Fixtures,0.7866,1.0
H008,deluxe,2026-05-07,3,False,summer,False,,0.45,IPL Home Fixtures,0.7866,1.0
H008,premium,2026-05-07,3,False,summer,False,,0.45,IPL Home Fixtures,0.7866,1.0
H008,suite,2026-05-07,3,False,summer,False,,0.45,IPL Home Fixtures,0.7866,1.0
H008,standard,2026-05-08,4,False,summer,False,,0.45,IPL Home Fixtures,0.7978,0.816
H008,deluxe,2026-05-08,4,False,summer,False,,0.45,IPL Home Fixtures,0.7978,0.8034
H008,premium,2026-05-08,4,False,summer,False,,0.45,IPL Home Fixtures,0.7978,0.7824
H008,suite,2026-05-08,4,False,summer,False,,0.45,IPL Home Fixtures,0.7978,0.7447
H008,standard,2026-05-09,5,True,summer,False,,0.45,IPL Home Fixtures,0.7779,1.0
H008,deluxe,2026-05-09,5,True,summer,False,,0.45,IPL Home Fixtures,0.7779,1.0
H008,premium,2026-05-09,5,True,summer,False,,0.45,IPL Home Fixtures,0.7779,1.0
H008,suite,2026-05-09,5,True,summer,False,,0.45,IPL Home Fixtures,0.7779,1.0
H008,standard,2026-05-10,6,True,summer,False,,0.45,IPL Home Fixtures,0.7464,1.0
H008,deluxe,2026-05-10,6,True,summer,False,,0.45,IPL Home Fixtures,0.7464,1.0
H008,premium,2026-05-10,6,True,summer,False,,0.45,IPL Home Fixtures,0.7464,0.9783
H008,suite,2026-05-10,6,True,summer,False,,0.45,IPL Home Fixtures,0.7464,0.9312
H008,standard,2026-05-11,0,False,summer,False,,0.45,IPL Home Fixtures,0.6472,1.0
H008,deluxe,2026-05-11,0,False,summer,False,,0.45,IPL Home Fixtures,0.6472,1.0
H008,premium,2026-05-11,0,False,summer,False,,0.45,IPL Home Fixtures,0.6472,1.0
H008,suite,2026-05-11,0,False,summer,False,,0.45,IPL Home Fixtures,0.6472,1.0
H008,standard,2026-05-12,1,False,summer,False,,0.45,IPL Home Fixtures,0.7184,0.9929
H008,deluxe,2026-05-12,1,False,summer,False,,0.45,IPL Home Fixtures,0.7184,0.9776
H008,premium,2026-05-12,1,False,summer,False,,0.45,IPL Home Fixtures,0.7184,0.9521
H008,suite,2026-05-12,1,False,summer,False,,0.45,IPL Home Fixtures,0.7184,0.9062
H008,standard,2026-05-13,2,False,summer,False,,0.45,IPL Home Fixtures,0.7814,1.0
H008,deluxe,2026-05-13,2,False,summer,False,,0.45,IPL Home Fixtures,0.7814,1.0
H008,premium,2026-05-13,2,False,summer,False,,0.45,IPL Home Fixtures,0.7814,1.0
H008,suite,2026-05-13,2,False,summer,False,,0.45,IPL Home Fixtures,0.7814,1.0
H008,standard,2026-05-14,3,False,summer,False,,0.45,IPL Home Fixtures,0.7802,1.0
H008,deluxe,2026-05-14,3,False,summer,False,,0.45,IPL Home Fixtures,0.7802,1.0
H008,premium,2026-05-14,3,False,summer,False,,0.45,IPL Home Fixtures,0.7802,1.0
H008,suite,2026-05-14,3,False,summer,False,,0.45,IPL Home Fixtures,0.7802,1.0
H008,standard,2026-05-15,4,False,summer,False,,0.45,IPL Home Fixtures,0.8676,1.0
H008,deluxe,2026-05-15,4,False,summer,False,,0.45,IPL Home Fixtures,0.8676,1.0
H008,premium,2026-05-15,4,False,summer,False,,0.45,IPL Home Fixtures,0.8676,1.0
H008,suite,2026-05-15,4,False,summer,False,,0.45,IPL Home Fixtures,0.8676,1.0
H008,standard,2026-05-16,5,True,summer,False,,0.45,IPL Home Fixtures,0.7853,1.0
H008,deluxe,2026-05-16,5,True,summer,False,,0.45,IPL Home Fixtures,0.7853,1.0
H008,premium,2026-05-16,5,True,summer,False,,0.45,IPL Home Fixtures,0.7853,1.0
H008,suite,2026-05-16,5,True,summer,False,,0.45,IPL Home Fixtures,0.7853,1.0
H008,standard,2026-05-17,6,True,summer,False,,0.45,IPL Home Fixtures,0.9042,0.8151
H008,deluxe,2026-05-17,6,True,summer,False,,0.45,IPL Home Fixtures,0.9042,0.8026
H008,premium,2026-05-17,6,True,summer,False,,0.45,IPL Home Fixtures,0.9042,0.7816
H008,suite,2026-05-17,6,True,summer,False,,0.45,IPL Home Fixtures,0.9042,0.744
H008,standard,2026-05-18,0,False,summer,False,,0.45,IPL Home Fixtures,0.6358,0.8058
H008,deluxe,2026-05-18,0,False,summer,False,,0.45,IPL Home Fixtures,0.6358,0.7934
H008,premium,2026-05-18,0,False,summer,False,,0.45,IPL Home Fixtures,0.6358,0.7727
H008,suite,2026-05-18,0,False,summer,False,,0.45,IPL Home Fixtures,0.6358,0.7354
H008,standard,2026-05-19,1,False,summer,False,,0.45,IPL Home Fixtures,0.716,0.9968
H008,deluxe,2026-05-19,1,False,summer,False,,0.45,IPL Home Fixtures,0.716,0.9814
H008,premium,2026-05-19,1,False,summer,False,,0.45,IPL Home Fixtures,0.716,0.9558
H008,suite,2026-05-19,1,False,summer,False,,0.45,IPL Home Fixtures,0.716,0.9097
H008,standard,2026-05-20,2,False,summer,False,,0.45,IPL Home Fixtures,0.6375,1.0
H008,deluxe,2026-05-20,2,False,summer,False,,0.45,IPL Home Fixtures,0.6375,1.0
H008,premium,2026-05-20,2,False,summer,False,,0.45,IPL Home Fixtures,0.6375,1.0
H008,suite,2026-05-20,2,False,summer,False,,0.45,IPL Home Fixtures,0.6375,1.0
H008,standard,2026-05-21,3,False,summer,False,,0.0,,0.8362,1.0
H008,deluxe,2026-05-21,3,False,summer,False,,0.0,,0.8362,1.0
H008,premium,2026-05-21,3,False,summer,False,,0.0,,0.8362,1.0
H008,suite,2026-05-21,3,False,summer,False,,0.0,,0.8362,1.0
H008,standard,2026-05-22,4,False,summer,False,,0.0,,0.73,1.0
H008,deluxe,2026-05-22,4,False,summer,False,,0.0,,0.73,1.0
H008,premium,2026-05-22,4,False,summer,False,,0.0,,0.73,1.0
H008,suite,2026-05-22,4,False,summer,False,,0.0,,0.73,1.0
H008,standard,2026-05-23,5,True,summer,False,,0.0,,0.8312,1.0
H008,deluxe,2026-05-23,5,True,summer,False,,0.0,,0.8312,1.0
H008,premium,2026-05-23,5,True,summer,False,,0.0,,0.8312,1.0
H008,suite,2026-05-23,5,True,summer,False,,0.0,,0.8312,1.0
H008,standard,2026-05-24,6,True,summer,False,,0.0,,0.7398,1.0
H008,deluxe,2026-05-24,6,True,summer,False,,0.0,,0.7398,1.0
H008,premium,2026-05-24,6,True,summer,False,,0.0,,0.7398,0.99
H008,suite,2026-05-24,6,True,summer,False,,0.0,,0.7398,0.9422
H008,standard,2026-05-25,0,False,summer,False,,0.0,,0.8295,1.0
H008,deluxe,2026-05-25,0,False,summer,False,,0.0,,0.8295,1.0
H008,premium,2026-05-25,0,False,summer,False,,0.0,,0.8295,1.0
H008,suite,2026-05-25,0,False,summer,False,,0.0,,0.8295,0.9761
H008,standard,2026-05-26,1,False,summer,False,,0.0,,0.6879,0.7617
H008,deluxe,2026-05-26,1,False,summer,False,,0.0,,0.6879,0.7499
H008,premium,2026-05-26,1,False,summer,False,,0.0,,0.6879,0.7304
H008,suite,2026-05-26,1,False,summer,False,,0.0,,0.6879,0.6951
H008,standard,2026-05-27,2,False,summer,True,Bakrid,0.0,,0.7391,1.0
H008,deluxe,2026-05-27,2,False,summer,True,Bakrid,0.0,,0.7391,1.0
H008,premium,2026-05-27,2,False,summer,True,Bakrid,0.0,,0.7391,1.0
H008,suite,2026-05-27,2,False,summer,True,Bakrid,0.0,,0.7391,1.0
H008,standard,2026-05-28,3,False,summer,False,,0.0,,0.6296,1.0
H008,deluxe,2026-05-28,3,False,summer,False,,0.0,,0.6296,1.0
H008,premium,2026-05-28,3,False,summer,False,,0.0,,0.6296,1.0
H008,suite,2026-05-28,3,False,summer,False,,0.0,,0.6296,1.0
H008,standard,2026-05-29,4,False,summer,False,,0.0,,0.8219,0.9258
H008,deluxe,2026-05-29,4,False,summer,False,,0.0,,0.8219,0.9115
H008,premium,2026-05-29,4,False,summer,False,,0.0,,0.8219,0.8877
H008,suite,2026-05-29,4,False,summer,False,,0.0,,0.8219,0.8449
H008,standard,2026-05-30,5,True,summer,False,,0.0,,0.9561,1.0
H008,deluxe,2026-05-30,5,True,summer,False,,0.0,,0.9561,1.0
H008,premium,2026-05-30,5,True,summer,False,,0.0,,0.9561,1.0
H008,suite,2026-05-30,5,True,summer,False,,0.0,,0.9561,1.0
H008,standard,2026-05-31,6,True,summer,False,,0.0,,0.7222,0.8644
H008,deluxe,2026-05-31,6,True,summer,False,,0.0,,0.7222,0.8511
H008,premium,2026-05-31,6,True,summer,False,,0.0,,0.7222,0.8289
H008,suite,2026-05-31,6,True,summer,False,,0.0,,0.7222,0.7889
H008,standard,2026-06-01,0,False,monsoon,False,,0.0,,0.5382,0.8815
H008,deluxe,2026-06-01,0,False,monsoon,False,,0.0,,0.5382,0.8679
H008,premium,2026-06-01,0,False,monsoon,False,,0.0,,0.5382,0.8453
H008,suite,2026-06-01,0,False,monsoon,False,,0.0,,0.5382,0.8045
H008,standard,2026-06-02,1,False,monsoon,False,,0.0,,0.7043,0.956
H008,deluxe,2026-06-02,1,False,monsoon,False,,0.0,,0.7043,0.9413
H008,premium,2026-06-02,1,False,monsoon,False,,0.0,,0.7043,0.9167
H008,suite,2026-06-02,1,False,monsoon,False,,0.0,,0.7043,0.8725
H008,standard,2026-06-03,2,False,monsoon,False,,0.0,,0.6976,0.8851
H008,deluxe,2026-06-03,2,False,monsoon,False,,0.0,,0.6976,0.8715
H008,premium,2026-06-03,2,False,monsoon,False,,0.0,,0.6976,0.8487
H008,suite,2026-06-03,2,False,monsoon,False,,0.0,,0.6976,0.8078
H008,standard,2026-06-04,3,False,monsoon,False,,0.0,,0.6913,1.0
H008,deluxe,2026-06-04,3,False,monsoon,False,,0.0,,0.6913,1.0
H008,premium,2026-06-04,3,False,monsoon,False,,0.0,,0.6913,0.9923
H008,suite,2026-06-04,3,False,monsoon,False,,0.0,,0.6913,0.9445
H008,standard,2026-06-05,4,False,monsoon,False,,0.0,,0.657,1.0
H008,deluxe,2026-06-05,4,False,monsoon,False,,0.0,,0.657,1.0
H008,premium,2026-06-05,4,False,monsoon,False,,0.0,,0.657,1.0
H008,suite,2026-06-05,4,False,monsoon,False,,0.0,,0.657,0.9851
H008,standard,2026-06-06,5,True,monsoon,False,,0.0,,0.6196,0.8
H008,deluxe,2026-06-06,5,True,monsoon,False,,0.0,,0.6196,0.7876
H008,premium,2026-06-06,5,True,monsoon,False,,0.0,,0.6196,0.7671
H008,suite,2026-06-06,5,True,monsoon,False,,0.0,,0.6196,0.7301
H008,standard,2026-06-07,6,True,monsoon,False,,0.0,,0.722,0.6178
H008,deluxe,2026-06-07,6,True,monsoon,False,,0.0,,0.722,0.6082
H008,premium,2026-06-07,6,True,monsoon,False,,0.0,,0.722,0.5924
H008,suite,2026-06-07,6,True,monsoon,False,,0.0,,0.722,0.5638
H008,standard,2026-06-08,0,False,monsoon,False,,0.0,,0.7716,1.0
H008,deluxe,2026-06-08,0,False,monsoon,False,,0.0,,0.7716,1.0
H008,premium,2026-06-08,0,False,monsoon,False,,0.0,,0.7716,1.0
H008,suite,2026-06-08,0,False,monsoon,False,,0.0,,0.7716,1.0
H008,standard,2026-06-09,1,False,monsoon,False,,0.0,,0.7323,1.0
H008,deluxe,2026-06-09,1,False,monsoon,False,,0.0,,0.7323,1.0
H008,premium,2026-06-09,1,False,monsoon,False,,0.0,,0.7323,1.0
H008,suite,2026-06-09,1,False,monsoon,False,,0.0,,0.7323,1.0
H008,standard,2026-06-10,2,False,monsoon,False,,0.0,,0.5479,1.0
H008,deluxe,2026-06-10,2,False,monsoon,False,,0.0,,0.5479,1.0
H008,premium,2026-06-10,2,False,monsoon,False,,0.0,,0.5479,1.0
H008,suite,2026-06-10,2,False,monsoon,False,,0.0,,0.5479,1.0
H008,standard,2026-06-11,3,False,monsoon,False,,0.0,,0.544,0.9358
H008,deluxe,2026-06-11,3,False,monsoon,False,,0.0,,0.544,0.9214
H008,premium,2026-06-11,3,False,monsoon,False,,0.0,,0.544,0.8973
H008,suite,2026-06-11,3,False,monsoon,False,,0.0,,0.544,0.8541
H008,standard,2026-06-12,4,False,monsoon,False,,0.0,,0.6165,0.8123
H008,deluxe,2026-06-12,4,False,monsoon,False,,0.0,,0.6165,0.7998
H008,premium,2026-06-12,4,False,monsoon,False,,0.0,,0.6165,0.779
H008,suite,2026-06-12,4,False,monsoon,False,,0.0,,0.6165,0.7414
H008,standard,2026-06-13,5,True,monsoon,False,,0.0,,0.7206,0.8378
H008,deluxe,2026-06-13,5,True,monsoon,False,,0.0,,0.7206,0.8249
H008,premium,2026-06-13,5,True,monsoon,False,,0.0,,0.7206,0.8034
H008,suite,2026-06-13,5,True,monsoon,False,,0.0,,0.7206,0.7646
H008,standard,2026-06-14,6,True,monsoon,False,,0.0,,0.8084,0.5422
H008,deluxe,2026-06-14,6,True,monsoon,False,,0.0,,0.8084,0.5338
H008,premium,2026-06-14,6,True,monsoon,False,,0.0,,0.8084,0.5199
H008,suite,2026-06-14,6,True,monsoon,False,,0.0,,0.8084,0.4948
H008,standard,2026-06-15,0,False,monsoon,False,,0.0,,0.702,0.7805
H008,deluxe,2026-06-15,0,False,monsoon,False,,0.0,,0.702,0.7684
H008,premium,2026-06-15,0,False,monsoon,False,,0.0,,0.702,0.7484
H008,suite,2026-06-15,0,False,monsoon,False,,0.0,,0.702,0.7123
H008,standard,2026-06-16,1,False,monsoon,False,,0.0,,0.7527,0.9537
H008,deluxe,2026-06-16,1,False,monsoon,False,,0.0,,0.7527,0.939
H008,premium,2026-06-16,1,False,monsoon,False,,0.0,,0.7527,0.9145
H008,suite,2026-06-16,1,False,monsoon,False,,0.0,,0.7527,0.8704
H008,standard,2026-06-17,2,False,monsoon,False,,0.0,,0.7297,1.0
H008,deluxe,2026-06-17,2,False,monsoon,False,,0.0,,0.7297,1.0
H008,premium,2026-06-17,2,False,monsoon,False,,0.0,,0.7297,0.9798
H008,suite,2026-06-17,2,False,monsoon,False,,0.0,,0.7297,0.9325
H008,standard,2026-06-18,3,False,monsoon,False,,0.0,,0.8363,1.0
H008,deluxe,2026-06-18,3,False,monsoon,False,,0.0,,0.8363,1.0
H008,premium,2026-06-18,3,False,monsoon,False,,0.0,,0.8363,1.0
H008,suite,2026-06-18,3,False,monsoon,False,,0.0,,0.8363,1.0
H008,standard,2026-06-19,4,False,monsoon,False,,0.0,,0.7705,1.0
H008,deluxe,2026-06-19,4,False,monsoon,False,,0.0,,0.7705,1.0
H008,premium,2026-06-19,4,False,monsoon,False,,0.0,,0.7705,1.0
H008,suite,2026-06-19,4,False,monsoon,False,,0.0,,0.7705,0.9949
H008,standard,2026-06-20,5,True,monsoon,False,,0.0,,0.6979,1.0
H008,deluxe,2026-06-20,5,True,monsoon,False,,0.0,,0.6979,1.0
H008,premium,2026-06-20,5,True,monsoon,False,,0.0,,0.6979,0.9947
H008,suite,2026-06-20,5,True,monsoon,False,,0.0,,0.6979,0.9467
H008,standard,2026-06-21,6,True,monsoon,False,,0.0,,0.778,0.7513
H008,deluxe,2026-06-21,6,True,monsoon,False,,0.0,,0.778,0.7397
H008,premium,2026-06-21,6,True,monsoon,False,,0.0,,0.778,0.7204
H008,suite,2026-06-21,6,True,monsoon,False,,0.0,,0.778,0.6857
H008,standard,2026-06-22,0,False,monsoon,False,,0.0,,0.5242,1.0
H008,deluxe,2026-06-22,0,False,monsoon,False,,0.0,,0.5242,1.0
H008,premium,2026-06-22,0,False,monsoon,False,,0.0,,0.5242,1.0
H008,suite,2026-06-22,0,False,monsoon,False,,0.0,,0.5242,0.98
H008,standard,2026-06-23,1,False,monsoon,False,,0.0,,0.6976,0.3624
H008,deluxe,2026-06-23,1,False,monsoon,False,,0.0,,0.6976,0.3568
H008,premium,2026-06-23,1,False,monsoon,False,,0.0,,0.6976,0.3475
H008,suite,2026-06-23,1,False,monsoon,False,,0.0,,0.6976,0.3308
H008,standard,2026-06-24,2,False,monsoon,False,,0.0,,0.582,0.9061
H008,deluxe,2026-06-24,2,False,monsoon,False,,0.0,,0.582,0.8922
H008,premium,2026-06-24,2,False,monsoon,False,,0.0,,0.582,0.8689
H008,suite,2026-06-24,2,False,monsoon,False,,0.0,,0.582,0.827
H008,standard,2026-06-25,3,False,monsoon,False,,0.0,,0.7006,0.9501
H008,deluxe,2026-06-25,3,False,monsoon,False,,0.0,,0.7006,0.9354
H008,premium,2026-06-25,3,False,monsoon,False,,0.0,,0.7006,0.911
H008,suite,2026-06-25,3,False,monsoon,False,,0.0,,0.7006,0.8671
H008,standard,2026-06-26,4,False,monsoon,False,,0.0,,0.6917,1.0
H008,deluxe,2026-06-26,4,False,monsoon,False,,0.0,,0.6917,1.0
H008,premium,2026-06-26,4,False,monsoon,False,,0.0,,0.6917,1.0
H008,suite,2026-06-26,4,False,monsoon,False,,0.0,,0.6917,0.967
H008,standard,2026-06-27,5,True,monsoon,False,,0.0,,0.6177,0.7258
H008,deluxe,2026-06-27,5,True,monsoon,False,,0.0,,0.6177,0.7146
H008,premium,2026-06-27,5,True,monsoon,False,,0.0,,0.6177,0.696
H008,suite,2026-06-27,5,True,monsoon,False,,0.0,,0.6177,0.6624
H008,standard,2026-06-28,6,True,monsoon,False,,0.0,,0.8005,0.8149
H008,deluxe,2026-06-28,6,True,monsoon,False,,0.0,,0.8005,0.8024
H008,premium,2026-06-28,6,True,monsoon,False,,0.0,,0.8005,0.7814
H008,suite,2026-06-28,6,True,monsoon,False,,0.0,,0.8005,0.7437
H008,standard,2026-06-29,0,False,monsoon,False,,0.0,,0.6847,0.5874
H008,deluxe,2026-06-29,0,False,monsoon,False,,0.0,,0.6847,0.5783
H008,premium,2026-06-29,0,False,monsoon,False,,0.0,,0.6847,0.5632
H008,suite,2026-06-29,0,False,monsoon,False,,0.0,,0.6847,0.5361
H008,standard,2026-06-30,1,False,monsoon,False,,0.0,,0.7433,1.0
H008,deluxe,2026-06-30,1,False,monsoon,False,,0.0,,0.7433,0.9988
H008,premium,2026-06-30,1,False,monsoon,False,,0.0,,0.7433,0.9727
H008,suite,2026-06-30,1,False,monsoon,False,,0.0,,0.7433,0.9258
H008,standard,2026-07-01,2,False,monsoon,False,,0.0,,0.7308,0.9023
H008,deluxe,2026-07-01,2,False,monsoon,False,,0.0,,0.7308,0.8884
H008,premium,2026-07-01,2,False,monsoon,False,,0.0,,0.7308,0.8652
H008,suite,2026-07-01,2,False,monsoon,False,,0.0,,0.7308,0.8235
H008,standard,2026-07-02,3,False,monsoon,False,,0.0,,0.7117,1.0
H008,deluxe,2026-07-02,3,False,monsoon,False,,0.0,,0.7117,1.0
H008,premium,2026-07-02,3,False,monsoon,False,,0.0,,0.7117,1.0
H008,suite,2026-07-02,3,False,monsoon,False,,0.0,,0.7117,1.0
H008,standard,2026-07-03,4,False,monsoon,False,,0.0,,0.6701,0.9588
H008,deluxe,2026-07-03,4,False,monsoon,False,,0.0,,0.6701,0.944
H008,premium,2026-07-03,4,False,monsoon,False,,0.0,,0.6701,0.9194
H008,suite,2026-07-03,4,False,monsoon,False,,0.0,,0.6701,0.8751
H008,standard,2026-07-04,5,True,monsoon,False,,0.0,,0.7001,1.0
H008,deluxe,2026-07-04,5,True,monsoon,False,,0.0,,0.7001,1.0
H008,premium,2026-07-04,5,True,monsoon,False,,0.0,,0.7001,1.0
H008,suite,2026-07-04,5,True,monsoon,False,,0.0,,0.7001,0.9536
H008,standard,2026-07-05,6,True,monsoon,False,,0.0,,0.6183,0.8119
H008,deluxe,2026-07-05,6,True,monsoon,False,,0.0,,0.6183,0.7994
H008,premium,2026-07-05,6,True,monsoon,False,,0.0,,0.6183,0.7785
H008,suite,2026-07-05,6,True,monsoon,False,,0.0,,0.6183,0.741
H008,standard,2026-07-06,0,False,monsoon,False,,0.0,,0.8326,0.6522
H008,deluxe,2026-07-06,0,False,monsoon,False,,0.0,,0.8326,0.6422
H008,premium,2026-07-06,0,False,monsoon,False,,0.0,,0.8326,0.6254
H008,suite,2026-07-06,0,False,monsoon,False,,0.0,,0.8326,0.5953
H008,standard,2026-07-07,1,False,monsoon,False,,0.0,,0.7355,0.7891
H008,deluxe,2026-07-07,1,False,monsoon,False,,0.0,,0.7355,0.7769
H008,premium,2026-07-07,1,False,monsoon,False,,0.0,,0.7355,0.7567
H008,suite,2026-07-07,1,False,monsoon,False,,0.0,,0.7355,0.7202
H008,standard,2026-07-08,2,False,monsoon,False,,0.0,,0.7776,0.9494
H008,deluxe,2026-07-08,2,False,monsoon,False,,0.0,,0.7776,0.9347
H008,premium,2026-07-08,2,False,monsoon,False,,0.0,,0.7776,0.9103
H008,suite,2026-07-08,2,False,monsoon,False,,0.0,,0.7776,0.8664
H008,standard,2026-07-09,3,False,monsoon,False,,0.0,,0.5789,1.0
H008,deluxe,2026-07-09,3,False,monsoon,False,,0.0,,0.5789,1.0
H008,premium,2026-07-09,3,False,monsoon,False,,0.0,,0.5789,1.0
H008,suite,2026-07-09,3,False,monsoon,False,,0.0,,0.5789,1.0
H008,standard,2026-07-10,4,False,monsoon,False,,0.0,,0.6564,1.0
H008,deluxe,2026-07-10,4,False,monsoon,False,,0.0,,0.6564,1.0
H008,premium,2026-07-10,4,False,monsoon,False,,0.0,,0.6564,1.0
H008,suite,2026-07-10,4,False,monsoon,False,,0.0,,0.6564,0.955
H008,standard,2026-07-11,5,True,monsoon,False,,0.0,,0.7032,1.0
H008,deluxe,2026-07-11,5,True,monsoon,False,,0.0,,0.7032,1.0
H008,premium,2026-07-11,5,True,monsoon,False,,0.0,,0.7032,1.0
H008,suite,2026-07-11,5,True,monsoon,False,,0.0,,0.7032,0.9823
H008,standard,2026-07-12,6,True,monsoon,False,,0.0,,0.6252,0.8637
H008,deluxe,2026-07-12,6,True,monsoon,False,,0.0,,0.6252,0.8504
H008,premium,2026-07-12,6,True,monsoon,False,,0.0,,0.6252,0.8282
H008,suite,2026-07-12,6,True,monsoon,False,,0.0,,0.6252,0.7883
H008,standard,2026-07-13,0,False,monsoon,False,,0.0,,0.6932,0.9782
H008,deluxe,2026-07-13,0,False,monsoon,False,,0.0,,0.6932,0.9631
H008,premium,2026-07-13,0,False,monsoon,False,,0.0,,0.6932,0.938
H008,suite,2026-07-13,0,False,monsoon,False,,0.0,,0.6932,0.8928
H008,standard,2026-07-14,1,False,monsoon,False,,0.0,,0.81,1.0
H008,deluxe,2026-07-14,1,False,monsoon,False,,0.0,,0.81,1.0
H008,premium,2026-07-14,1,False,monsoon,False,,0.0,,0.81,1.0
H008,suite,2026-07-14,1,False,monsoon,False,,0.0,,0.81,0.9798
H008,standard,2026-07-15,2,False,monsoon,False,,0.0,,0.9178,1.0
H008,deluxe,2026-07-15,2,False,monsoon,False,,0.0,,0.9178,1.0
H008,premium,2026-07-15,2,False,monsoon,False,,0.0,,0.9178,1.0
H008,suite,2026-07-15,2,False,monsoon,False,,0.0,,0.9178,1.0
H008,standard,2026-07-16,3,False,monsoon,False,,0.0,,0.744,0.4162
H008,deluxe,2026-07-16,3,False,monsoon,False,,0.0,,0.744,0.4097
H008,premium,2026-07-16,3,False,monsoon,False,,0.0,,0.744,0.3991
H008,suite,2026-07-16,3,False,monsoon,False,,0.0,,0.744,0.3798
H008,standard,2026-07-17,4,False,monsoon,False,,0.0,,0.7413,0.4871
H008,deluxe,2026-07-17,4,False,monsoon,False,,0.0,,0.7413,0.4795
H008,premium,2026-07-17,4,False,monsoon,False,,0.0,,0.7413,0.467
H008,suite,2026-07-17,4,False,monsoon,False,,0.0,,0.7413,0.4445
H008,standard,2026-07-18,5,True,monsoon,False,,0.0,,0.7744,1.0
H008,deluxe,2026-07-18,5,True,monsoon,False,,0.0,,0.7744,1.0
H008,premium,2026-07-18,5,True,monsoon,False,,0.0,,0.7744,1.0
H008,suite,2026-07-18,5,True,monsoon,False,,0.0,,0.7744,1.0
H008,standard,2026-07-19,6,True,monsoon,False,,0.0,,0.7557,0.9436
H008,deluxe,2026-07-19,6,True,monsoon,False,,0.0,,0.7557,0.9291
H008,premium,2026-07-19,6,True,monsoon,False,,0.0,,0.7557,0.9048
H008,suite,2026-07-19,6,True,monsoon,False,,0.0,,0.7557,0.8612
H008,standard,2026-07-20,0,False,monsoon,False,,0.0,,0.7233,1.0
H008,deluxe,2026-07-20,0,False,monsoon,False,,0.0,,0.7233,1.0
H008,premium,2026-07-20,0,False,monsoon,False,,0.0,,0.7233,1.0
H008,suite,2026-07-20,0,False,monsoon,False,,0.0,,0.7233,1.0
H008,standard,2026-07-21,1,False,monsoon,False,,0.0,,0.7759,0.9428
H008,deluxe,2026-07-21,1,False,monsoon,False,,0.0,,0.7759,0.9283
H008,premium,2026-07-21,1,False,monsoon,False,,0.0,,0.7759,0.9041
H008,suite,2026-07-21,1,False,monsoon,False,,0.0,,0.7759,0.8605
H008,standard,2026-07-22,2,False,monsoon,False,,0.0,,0.6607,0.9585
H008,deluxe,2026-07-22,2,False,monsoon,False,,0.0,,0.6607,0.9437
H008,premium,2026-07-22,2,False,monsoon,False,,0.0,,0.6607,0.9191
H008,suite,2026-07-22,2,False,monsoon,False,,0.0,,0.6607,0.8748
H008,standard,2026-07-23,3,False,monsoon,False,,0.0,,0.8541,0.6902
H008,deluxe,2026-07-23,3,False,monsoon,False,,0.0,,0.8541,0.6795
H008,premium,2026-07-23,3,False,monsoon,False,,0.0,,0.8541,0.6618
H008,suite,2026-07-23,3,False,monsoon,False,,0.0,,0.8541,0.6299
H008,standard,2026-07-24,4,False,monsoon,False,,0.0,,0.5961,1.0
H008,deluxe,2026-07-24,4,False,monsoon,False,,0.0,,0.5961,1.0
H008,premium,2026-07-24,4,False,monsoon,False,,0.0,,0.5961,0.9878
H008,suite,2026-07-24,4,False,monsoon,False,,0.0,,0.5961,0.9402
H008,standard,2026-07-25,5,True,monsoon,False,,0.0,,0.6012,0.8529
H008,deluxe,2026-07-25,5,True,monsoon,False,,0.0,,0.6012,0.8397
H008,premium,2026-07-25,5,True,monsoon,False,,0.0,,0.6012,0.8178
H008,suite,2026-07-25,5,True,monsoon,False,,0.0,,0.6012,0.7784
H008,standard,2026-07-26,6,True,monsoon,False,,0.0,,0.6835,0.8528
H008,deluxe,2026-07-26,6,True,monsoon,False,,0.0,,0.6835,0.8396
H008,premium,2026-07-26,6,True,monsoon,False,,0.0,,0.6835,0.8177
H008,suite,2026-07-26,6,True,monsoon,False,,0.0,,0.6835,0.7783
H008,standard,2026-07-27,0,False,monsoon,False,,0.0,,0.6442,0.773
H008,deluxe,2026-07-27,0,False,monsoon,False,,0.0,,0.6442,0.7611
H008,premium,2026-07-27,0,False,monsoon,False,,0.0,,0.6442,0.7412
H008,suite,2026-07-27,0,False,monsoon,False,,0.0,,0.6442,0.7055
H008,standard,2026-07-28,1,False,monsoon,False,,0.0,,0.6024,1.0
H008,deluxe,2026-07-28,1,False,monsoon,False,,0.0,,0.6024,1.0
H008,premium,2026-07-28,1,False,monsoon,False,,0.0,,0.6024,1.0
H008,suite,2026-07-28,1,False,monsoon,False,,0.0,,0.6024,1.0
H008,standard,2026-07-29,2,False,monsoon,False,,0.0,,0.578,1.0
H008,deluxe,2026-07-29,2,False,monsoon,False,,0.0,,0.578,1.0
H008,premium,2026-07-29,2,False,monsoon,False,,0.0,,0.578,1.0
H008,suite,2026-07-29,2,False,monsoon,False,,0.0,,0.578,1.0
H008,standard,2026-07-30,3,False,monsoon,False,,0.0,,0.711,0.7963
H008,deluxe,2026-07-30,3,False,monsoon,False,,0.0,,0.711,0.7841
H008,premium,2026-07-30,3,False,monsoon,False,,0.0,,0.711,0.7636
H008,suite,2026-07-30,3,False,monsoon,False,,0.0,,0.711,0.7268
H008,standard,2026-07-31,4,False,monsoon,False,,0.0,,0.8131,1.0
H008,deluxe,2026-07-31,4,False,monsoon,False,,0.0,,0.8131,1.0
H008,premium,2026-07-31,4,False,monsoon,False,,0.0,,0.8131,1.0
H008,suite,2026-07-31,4,False,monsoon,False,,0.0,,0.8131,1.0
H008,standard,2026-08-01,5,True,monsoon,False,,0.0,,0.771,0.7613
H008,deluxe,2026-08-01,5,True,monsoon,False,,0.0,,0.771,0.7496
H008,premium,2026-08-01,5,True,monsoon,False,,0.0,,0.771,0.73
H008,suite,2026-08-01,5,True,monsoon,False,,0.0,,0.771,0.6948
H008,standard,2026-08-02,6,True,monsoon,False,,0.0,,0.7615,0.7845
H008,deluxe,2026-08-02,6,True,monsoon,False,,0.0,,0.7615,0.7725
H008,premium,2026-08-02,6,True,monsoon,False,,0.0,,0.7615,0.7523
H008,suite,2026-08-02,6,True,monsoon,False,,0.0,,0.7615,0.716
H008,standard,2026-08-03,0,False,monsoon,False,,0.0,,0.5944,1.0
H008,deluxe,2026-08-03,0,False,monsoon,False,,0.0,,0.5944,1.0
H008,premium,2026-08-03,0,False,monsoon,False,,0.0,,0.5944,1.0
H008,suite,2026-08-03,0,False,monsoon,False,,0.0,,0.5944,1.0
H008,standard,2026-08-04,1,False,monsoon,False,,0.0,,0.7676,1.0
H008,deluxe,2026-08-04,1,False,monsoon,False,,0.0,,0.7676,1.0
H008,premium,2026-08-04,1,False,monsoon,False,,0.0,,0.7676,1.0
H008,suite,2026-08-04,1,False,monsoon,False,,0.0,,0.7676,0.9552
H008,standard,2026-08-05,2,False,monsoon,False,,0.0,,0.6447,0.9944
H008,deluxe,2026-08-05,2,False,monsoon,False,,0.0,,0.6447,0.9791
H008,premium,2026-08-05,2,False,monsoon,False,,0.0,,0.6447,0.9536
H008,suite,2026-08-05,2,False,monsoon,False,,0.0,,0.6447,0.9076
H008,standard,2026-08-06,3,False,monsoon,False,,0.0,,0.7257,0.8213
H008,deluxe,2026-08-06,3,False,monsoon,False,,0.0,,0.7257,0.8087
H008,premium,2026-08-06,3,False,monsoon,False,,0.0,,0.7257,0.7876
H008,suite,2026-08-06,3,False,monsoon,False,,0.0,,0.7257,0.7496
H008,standard,2026-08-07,4,False,monsoon,False,,0.0,,0.6367,1.0
H008,deluxe,2026-08-07,4,False,monsoon,False,,0.0,,0.6367,0.9887
H008,premium,2026-08-07,4,False,monsoon,False,,0.0,,0.6367,0.9629
H008,suite,2026-08-07,4,False,monsoon,False,,0.0,,0.6367,0.9164
H008,standard,2026-08-08,5,True,monsoon,False,,0.0,,0.6856,0.6978
H008,deluxe,2026-08-08,5,True,monsoon,False,,0.0,,0.6856,0.687
H008,premium,2026-08-08,5,True,monsoon,False,,0.0,,0.6856,0.6691
H008,suite,2026-08-08,5,True,monsoon,False,,0.0,,0.6856,0.6368
H008,standard,2026-08-09,6,True,monsoon,False,,0.0,,0.7246,0.8713
H008,deluxe,2026-08-09,6,True,monsoon,False,,0.0,,0.7246,0.8579
H008,premium,2026-08-09,6,True,monsoon,False,,0.0,,0.7246,0.8355
H008,suite,2026-08-09,6,True,monsoon,False,,0.0,,0.7246,0.7952
H008,standard,2026-08-10,0,False,monsoon,False,,0.0,,0.7689,0.5918
H008,deluxe,2026-08-10,0,False,monsoon,False,,0.0,,0.7689,0.5827
H008,premium,2026-08-10,0,False,monsoon,False,,0.0,,0.7689,0.5675
H008,suite,2026-08-10,0,False,monsoon,False,,0.0,,0.7689,0.5401
H008,standard,2026-08-11,1,False,monsoon,False,,0.0,,0.8248,0.9196
H008,deluxe,2026-08-11,1,False,monsoon,False,,0.0,,0.8248,0.9054
H008,premium,2026-08-11,1,False,monsoon,False,,0.0,,0.8248,0.8818
H008,suite,2026-08-11,1,False,monsoon,False,,0.0,,0.8248,0.8393
H008,standard,2026-08-12,2,False,monsoon,False,,0.0,,0.7059,1.0
H008,deluxe,2026-08-12,2,False,monsoon,False,,0.0,,0.7059,1.0
H008,premium,2026-08-12,2,False,monsoon,False,,0.0,,0.7059,1.0
H008,suite,2026-08-12,2,False,monsoon,False,,0.0,,0.7059,1.0
H008,standard,2026-08-13,3,False,monsoon,False,,0.0,,0.699,1.0
H008,deluxe,2026-08-13,3,False,monsoon,False,,0.0,,0.699,0.9885
H008,premium,2026-08-13,3,False,monsoon,False,,0.0,,0.699,0.9628
H008,suite,2026-08-13,3,False,monsoon,False,,0.0,,0.699,0.9163
H008,standard,2026-08-14,4,False,monsoon,False,,0.0,,0.7564,1.0
H008,deluxe,2026-08-14,4,False,monsoon,False,,0.0,,0.7564,1.0
H008,premium,2026-08-14,4,False,monsoon,False,,0.0,,0.7564,0.9775
H008,suite,2026-08-14,4,False,monsoon,False,,0.0,,0.7564,0.9304
H008,standard,2026-08-15,5,True,monsoon,True,Independence Day,0.0,,0.723,1.0
H008,deluxe,2026-08-15,5,True,monsoon,True,Independence Day,0.0,,0.723,1.0
H008,premium,2026-08-15,5,True,monsoon,True,Independence Day,0.0,,0.723,1.0
H008,suite,2026-08-15,5,True,monsoon,True,Independence Day,0.0,,0.723,1.0
H008,standard,2026-08-16,6,True,monsoon,False,,0.0,,0.7378,0.7806
H008,deluxe,2026-08-16,6,True,monsoon,False,,0.0,,0.7378,0.7685
H008,premium,2026-08-16,6,True,monsoon,False,,0.0,,0.7378,0.7485
H008,suite,2026-08-16,6,True,monsoon,False,,0.0,,0.7378,0.7124
H008,standard,2026-08-17,0,False,monsoon,False,,0.0,,0.7702,0.8156
H008,deluxe,2026-08-17,0,False,monsoon,False,,0.0,,0.7702,0.803
H008,premium,2026-08-17,0,False,monsoon,False,,0.0,,0.7702,0.7821
H008,suite,2026-08-17,0,False,monsoon,False,,0.0,,0.7702,0.7444
H008,standard,2026-08-18,1,False,monsoon,False,,0.0,,0.6055,1.0
H008,deluxe,2026-08-18,1,False,monsoon,False,,0.0,,0.6055,1.0
H008,premium,2026-08-18,1,False,monsoon,False,,0.0,,0.6055,1.0
H008,suite,2026-08-18,1,False,monsoon,False,,0.0,,0.6055,1.0
H008,standard,2026-08-19,2,False,monsoon,False,,0.0,,0.6643,1.0
H008,deluxe,2026-08-19,2,False,monsoon,False,,0.0,,0.6643,1.0
H008,premium,2026-08-19,2,False,monsoon,False,,0.0,,0.6643,1.0
H008,suite,2026-08-19,2,False,monsoon,False,,0.0,,0.6643,1.0
H008,standard,2026-08-20,3,False,monsoon,False,,0.0,,0.6878,1.0
H008,deluxe,2026-08-20,3,False,monsoon,False,,0.0,,0.6878,1.0
H008,premium,2026-08-20,3,False,monsoon,False,,0.0,,0.6878,1.0
H008,suite,2026-08-20,3,False,monsoon,False,,0.0,,0.6878,1.0
H008,standard,2026-08-21,4,False,monsoon,False,,0.0,,0.7603,0.943
H008,deluxe,2026-08-21,4,False,monsoon,False,,0.0,,0.7603,0.9285
H008,premium,2026-08-21,4,False,monsoon,False,,0.0,,0.7603,0.9043
H008,suite,2026-08-21,4,False,monsoon,False,,0.0,,0.7603,0.8607
H008,standard,2026-08-22,5,True,monsoon,False,,0.0,,0.6898,0.6332
H008,deluxe,2026-08-22,5,True,monsoon,False,,0.0,,0.6898,0.6234
H008,premium,2026-08-22,5,True,monsoon,False,,0.0,,0.6898,0.6072
H008,suite,2026-08-22,5,True,monsoon,False,,0.0,,0.6898,0.5779
H008,standard,2026-08-23,6,True,monsoon,False,,0.0,,0.692,0.8702
H008,deluxe,2026-08-23,6,True,monsoon,False,,0.0,,0.692,0.8567
H008,premium,2026-08-23,6,True,monsoon,False,,0.0,,0.692,0.8344
H008,suite,2026-08-23,6,True,monsoon,False,,0.0,,0.692,0.7942
H008,standard,2026-08-24,0,False,monsoon,False,,0.0,,0.6796,0.4709
H008,deluxe,2026-08-24,0,False,monsoon,False,,0.0,,0.6796,0.4637
H008,premium,2026-08-24,0,False,monsoon,False,,0.0,,0.6796,0.4516
H008,suite,2026-08-24,0,False,monsoon,False,,0.0,,0.6796,0.4298
